date;dish_name;quantity
01/01/2015;The Barbecue Chicken Pizza;11
01/01/2015;The Big Meat Pizza;5
01/01/2015;The Brie Carre Pizza;0
01/01/2015;The Calabrese Pizza;1
01/01/2015;The California Chicken Pizza;4
01/01/2015;The Chicken Alfredo Pizza;2
01/01/2015;The Chicken Pesto Pizza;4
01/01/2015;The Classic Deluxe Pizza;10
01/01/2015;The Five Cheese Pizza;7
01/01/2015;The Four Cheese Pizza;6
01/01/2015;The Greek Pizza;5
01/01/2015;The Green Garden Pizza;7
01/01/2015;The Hawaiian Pizza;4
01/01/2015;The Italian Capocollo Pizza;8
01/01/2015;The Italian Supreme Pizza;15
01/01/2015;The Italian Vegetables Pizza;2
01/01/2015;The Mediterranean Pizza;3
01/01/2015;The Mexicana Pizza;9
01/01/2015;The Napolitana Pizza;2
01/01/2015;The Pepper Salami Pizza;4
01/01/2015;The Pepperoni Pizza;6
01/01/2015;The Pepperoni, Mushroom, and Peppers Pizza;6
01/01/2015;The Prosciutto and Arugula Pizza;4
01/01/2015;The Sicilian Pizza;4
01/01/2015;The Soppressata Pizza;1
01/01/2015;The Southwest Chicken Pizza;7
01/01/2015;The Spicy Italian Pizza;5
01/01/2015;The Spinach Pesto Pizza;2
01/01/2015;The Spinach Supreme Pizza;5
01/01/2015;The Spinach and Feta Pizza;2
01/01/2015;The Thai Chicken Pizza;8
01/01/2015;The Vegetables + Vegetables Pizza;3
02/01/2015;The Barbecue Chicken Pizza;9
02/01/2015;The Big Meat Pizza;8
02/01/2015;The Brie Carre Pizza;0
02/01/2015;The Calabrese Pizza;0
02/01/2015;The California Chicken Pizza;5
02/01/2015;The Chicken Alfredo Pizza;1
02/01/2015;The Chicken Pesto Pizza;2
02/01/2015;The Classic Deluxe Pizza;6
02/01/2015;The Five Cheese Pizza;6
02/01/2015;The Four Cheese Pizza;3
02/01/2015;The Greek Pizza;7
02/01/2015;The Green Garden Pizza;1
02/01/2015;The Hawaiian Pizza;10
02/01/2015;The Italian Capocollo Pizza;7
02/01/2015;The Italian Supreme Pizza;8
02/01/2015;The Italian Vegetables Pizza;4
02/01/2015;The Mediterranean Pizza;1
02/01/2015;The Mexicana Pizza;5
02/01/2015;The Napolitana Pizza;6
02/01/2015;The Pepper Salami Pizza;4
02/01/2015;The Pepperoni Pizza;12
02/01/2015;The Pepperoni, Mushroom, and Peppers Pizza;1
02/01/2015;The Prosciutto and Arugula Pizza;4
02/01/2015;The Sicilian Pizza;6
02/01/2015;The Soppressata Pizza;4
02/01/2015;The Southwest Chicken Pizza;6
02/01/2015;The Spicy Italian Pizza;11
02/01/2015;The Spinach Pesto Pizza;2
02/01/2015;The Spinach Supreme Pizza;8
02/01/2015;The Spinach and Feta Pizza;4
02/01/2015;The Thai Chicken Pizza;9
02/01/2015;The Vegetables + Vegetables Pizza;5
03/01/2015;The Barbecue Chicken Pizza;7
03/01/2015;The Big Meat Pizza;8
03/01/2015;The Brie Carre Pizza;1
03/01/2015;The Calabrese Pizza;1
03/01/2015;The California Chicken Pizza;12
03/01/2015;The Chicken Alfredo Pizza;5
03/01/2015;The Chicken Pesto Pizza;3
03/01/2015;The Classic Deluxe Pizza;5
03/01/2015;The Five Cheese Pizza;4
03/01/2015;The Four Cheese Pizza;7
03/01/2015;The Greek Pizza;7
03/01/2015;The Green Garden Pizza;1
03/01/2015;The Hawaiian Pizza;8
03/01/2015;The Italian Capocollo Pizza;3
03/01/2015;The Italian Supreme Pizza;4
03/01/2015;The Italian Vegetables Pizza;3
03/01/2015;The Mediterranean Pizza;3
03/01/2015;The Mexicana Pizza;4
03/01/2015;The Napolitana Pizza;6
03/01/2015;The Pepper Salami Pizza;5
03/01/2015;The Pepperoni Pizza;8
03/01/2015;The Pepperoni, Mushroom, and Peppers Pizza;2
03/01/2015;The Prosciutto and Arugula Pizza;7
03/01/2015;The Sicilian Pizza;7
03/01/2015;The Soppressata Pizza;1
03/01/2015;The Southwest Chicken Pizza;5
03/01/2015;The Spicy Italian Pizza;4
03/01/2015;The Spinach Pesto Pizza;6
03/01/2015;The Spinach Supreme Pizza;2
03/01/2015;The Spinach and Feta Pizza;2
03/01/2015;The Thai Chicken Pizza;10
03/01/2015;The Vegetables + Vegetables Pizza;7
04/01/2015;The Barbecue Chicken Pizza;11
04/01/2015;The Big Meat Pizza;0
04/01/2015;The Brie Carre Pizza;2
04/01/2015;The Calabrese Pizza;2
04/01/2015;The California Chicken Pizza;5
04/01/2015;The Chicken Alfredo Pizza;5
04/01/2015;The Chicken Pesto Pizza;1
04/01/2015;The Classic Deluxe Pizza;4
04/01/2015;The Five Cheese Pizza;4
04/01/2015;The Four Cheese Pizza;4
04/01/2015;The Greek Pizza;4
04/01/2015;The Green Garden Pizza;3
04/01/2015;The Hawaiian Pizza;4
04/01/2015;The Italian Capocollo Pizza;3
04/01/2015;The Italian Supreme Pizza;5
04/01/2015;The Italian Vegetables Pizza;3
04/01/2015;The Mediterranean Pizza;0
04/01/2015;The Mexicana Pizza;2
04/01/2015;The Napolitana Pizza;5
04/01/2015;The Pepper Salami Pizza;1
04/01/2015;The Pepperoni Pizza;4
04/01/2015;The Pepperoni, Mushroom, and Peppers Pizza;2
04/01/2015;The Prosciutto and Arugula Pizza;5
04/01/2015;The Sicilian Pizza;3
04/01/2015;The Soppressata Pizza;0
04/01/2015;The Southwest Chicken Pizza;1
04/01/2015;The Spicy Italian Pizza;6
04/01/2015;The Spinach Pesto Pizza;3
04/01/2015;The Spinach Supreme Pizza;4
04/01/2015;The Spinach and Feta Pizza;4
04/01/2015;The Thai Chicken Pizza;5
04/01/2015;The Vegetables + Vegetables Pizza;1
05/01/2015;The Barbecue Chicken Pizza;2
05/01/2015;The Big Meat Pizza;4
05/01/2015;The Brie Carre Pizza;2
05/01/2015;The Calabrese Pizza;0
05/01/2015;The California Chicken Pizza;8
05/01/2015;The Chicken Alfredo Pizza;9
05/01/2015;The Chicken Pesto Pizza;2
05/01/2015;The Classic Deluxe Pizza;9
05/01/2015;The Five Cheese Pizza;6
05/01/2015;The Four Cheese Pizza;5
05/01/2015;The Greek Pizza;2
05/01/2015;The Green Garden Pizza;2
05/01/2015;The Hawaiian Pizza;5
05/01/2015;The Italian Capocollo Pizza;3
05/01/2015;The Italian Supreme Pizza;6
05/01/2015;The Italian Vegetables Pizza;3
05/01/2015;The Mediterranean Pizza;1
05/01/2015;The Mexicana Pizza;3
05/01/2015;The Napolitana Pizza;5
05/01/2015;The Pepper Salami Pizza;4
05/01/2015;The Pepperoni Pizza;6
05/01/2015;The Pepperoni, Mushroom, and Peppers Pizza;3
05/01/2015;The Prosciutto and Arugula Pizza;3
05/01/2015;The Sicilian Pizza;6
05/01/2015;The Soppressata Pizza;2
05/01/2015;The Southwest Chicken Pizza;4
05/01/2015;The Spicy Italian Pizza;3
05/01/2015;The Spinach Pesto Pizza;4
05/01/2015;The Spinach Supreme Pizza;2
05/01/2015;The Spinach and Feta Pizza;3
05/01/2015;The Thai Chicken Pizza;6
05/01/2015;The Vegetables + Vegetables Pizza;2
06/01/2015;The Barbecue Chicken Pizza;4
06/01/2015;The Big Meat Pizza;6
06/01/2015;The Brie Carre Pizza;1
06/01/2015;The Calabrese Pizza;2
06/01/2015;The California Chicken Pizza;6
06/01/2015;The Chicken Alfredo Pizza;5
06/01/2015;The Chicken Pesto Pizza;2
06/01/2015;The Classic Deluxe Pizza;11
06/01/2015;The Five Cheese Pizza;5
06/01/2015;The Four Cheese Pizza;6
06/01/2015;The Greek Pizza;3
06/01/2015;The Green Garden Pizza;5
06/01/2015;The Hawaiian Pizza;11
06/01/2015;The Italian Capocollo Pizza;6
06/01/2015;The Italian Supreme Pizza;6
06/01/2015;The Italian Vegetables Pizza;0
06/01/2015;The Mediterranean Pizza;4
06/01/2015;The Mexicana Pizza;4
06/01/2015;The Napolitana Pizza;1
06/01/2015;The Pepper Salami Pizza;4
06/01/2015;The Pepperoni Pizza;8
06/01/2015;The Pepperoni, Mushroom, and Peppers Pizza;2
06/01/2015;The Prosciutto and Arugula Pizza;4
06/01/2015;The Sicilian Pizza;5
06/01/2015;The Soppressata Pizza;1
06/01/2015;The Southwest Chicken Pizza;4
06/01/2015;The Spicy Italian Pizza;6
06/01/2015;The Spinach Pesto Pizza;1
06/01/2015;The Spinach Supreme Pizza;2
06/01/2015;The Spinach and Feta Pizza;8
06/01/2015;The Thai Chicken Pizza;10
06/01/2015;The Vegetables + Vegetables Pizza;4
07/01/2015;The Barbecue Chicken Pizza;6
07/01/2015;The Big Meat Pizza;6
07/01/2015;The Brie Carre Pizza;2
07/01/2015;The Calabrese Pizza;4
07/01/2015;The California Chicken Pizza;5
07/01/2015;The Chicken Alfredo Pizza;3
07/01/2015;The Chicken Pesto Pizza;6
07/01/2015;The Classic Deluxe Pizza;6
07/01/2015;The Five Cheese Pizza;5
07/01/2015;The Four Cheese Pizza;3
07/01/2015;The Greek Pizza;6
07/01/2015;The Green Garden Pizza;2
07/01/2015;The Hawaiian Pizza;7
07/01/2015;The Italian Capocollo Pizza;2
07/01/2015;The Italian Supreme Pizza;5
07/01/2015;The Italian Vegetables Pizza;4
07/01/2015;The Mediterranean Pizza;3
07/01/2015;The Mexicana Pizza;1
07/01/2015;The Napolitana Pizza;1
07/01/2015;The Pepper Salami Pizza;2
07/01/2015;The Pepperoni Pizza;14
07/01/2015;The Pepperoni, Mushroom, and Peppers Pizza;3
07/01/2015;The Prosciutto and Arugula Pizza;2
07/01/2015;The Sicilian Pizza;8
07/01/2015;The Soppressata Pizza;4
07/01/2015;The Southwest Chicken Pizza;2
07/01/2015;The Spicy Italian Pizza;5
07/01/2015;The Spinach Pesto Pizza;2
07/01/2015;The Spinach Supreme Pizza;1
07/01/2015;The Spinach and Feta Pizza;5
07/01/2015;The Thai Chicken Pizza;6
07/01/2015;The Vegetables + Vegetables Pizza;7
08/01/2015;The Barbecue Chicken Pizza;6
08/01/2015;The Big Meat Pizza;7
08/01/2015;The Brie Carre Pizza;0
08/01/2015;The Calabrese Pizza;4
08/01/2015;The California Chicken Pizza;7
08/01/2015;The Chicken Alfredo Pizza;5
08/01/2015;The Chicken Pesto Pizza;1
08/01/2015;The Classic Deluxe Pizza;4
08/01/2015;The Five Cheese Pizza;5
08/01/2015;The Four Cheese Pizza;10
08/01/2015;The Greek Pizza;3
08/01/2015;The Green Garden Pizza;6
08/01/2015;The Hawaiian Pizza;9
08/01/2015;The Italian Capocollo Pizza;5
08/01/2015;The Italian Supreme Pizza;7
08/01/2015;The Italian Vegetables Pizza;7
08/01/2015;The Mediterranean Pizza;1
08/01/2015;The Mexicana Pizza;5
08/01/2015;The Napolitana Pizza;5
08/01/2015;The Pepper Salami Pizza;4
08/01/2015;The Pepperoni Pizza;9
08/01/2015;The Pepperoni, Mushroom, and Peppers Pizza;5
08/01/2015;The Prosciutto and Arugula Pizza;6
08/01/2015;The Sicilian Pizza;10
08/01/2015;The Soppressata Pizza;1
08/01/2015;The Southwest Chicken Pizza;5
08/01/2015;The Spicy Italian Pizza;10
08/01/2015;The Spinach Pesto Pizza;0
08/01/2015;The Spinach Supreme Pizza;4
08/01/2015;The Spinach and Feta Pizza;7
08/01/2015;The Thai Chicken Pizza;7
08/01/2015;The Vegetables + Vegetables Pizza;8
09/01/2015;The Barbecue Chicken Pizza;3
09/01/2015;The Big Meat Pizza;5
09/01/2015;The Brie Carre Pizza;1
09/01/2015;The Calabrese Pizza;1
09/01/2015;The California Chicken Pizza;5
09/01/2015;The Chicken Alfredo Pizza;3
09/01/2015;The Chicken Pesto Pizza;3
09/01/2015;The Classic Deluxe Pizza;9
09/01/2015;The Five Cheese Pizza;5
09/01/2015;The Four Cheese Pizza;6
09/01/2015;The Greek Pizza;8
09/01/2015;The Green Garden Pizza;5
09/01/2015;The Hawaiian Pizza;5
09/01/2015;The Italian Capocollo Pizza;3
09/01/2015;The Italian Supreme Pizza;4
09/01/2015;The Italian Vegetables Pizza;4
09/01/2015;The Mediterranean Pizza;3
09/01/2015;The Mexicana Pizza;3
09/01/2015;The Napolitana Pizza;2
09/01/2015;The Pepper Salami Pizza;5
09/01/2015;The Pepperoni Pizza;8
09/01/2015;The Pepperoni, Mushroom, and Peppers Pizza;0
09/01/2015;The Prosciutto and Arugula Pizza;5
09/01/2015;The Sicilian Pizza;6
09/01/2015;The Soppressata Pizza;3
09/01/2015;The Southwest Chicken Pizza;2
09/01/2015;The Spicy Italian Pizza;5
09/01/2015;The Spinach Pesto Pizza;1
09/01/2015;The Spinach Supreme Pizza;4
09/01/2015;The Spinach and Feta Pizza;3
09/01/2015;The Thai Chicken Pizza;5
09/01/2015;The Vegetables + Vegetables Pizza;2
10/01/2015;The Barbecue Chicken Pizza;6
10/01/2015;The Big Meat Pizza;4
10/01/2015;The Brie Carre Pizza;1
10/01/2015;The Calabrese Pizza;4
10/01/2015;The California Chicken Pizza;7
10/01/2015;The Chicken Alfredo Pizza;2
10/01/2015;The Chicken Pesto Pizza;1
10/01/2015;The Classic Deluxe Pizza;8
10/01/2015;The Five Cheese Pizza;6
10/01/2015;The Four Cheese Pizza;6
10/01/2015;The Greek Pizza;7
10/01/2015;The Green Garden Pizza;2
10/01/2015;The Hawaiian Pizza;3
10/01/2015;The Italian Capocollo Pizza;2
10/01/2015;The Italian Supreme Pizza;5
10/01/2015;The Italian Vegetables Pizza;4
10/01/2015;The Mediterranean Pizza;3
10/01/2015;The Mexicana Pizza;8
10/01/2015;The Napolitana Pizza;2
10/01/2015;The Pepper Salami Pizza;7
10/01/2015;The Pepperoni Pizza;7
10/01/2015;The Pepperoni, Mushroom, and Peppers Pizza;4
10/01/2015;The Prosciutto and Arugula Pizza;5
10/01/2015;The Sicilian Pizza;3
10/01/2015;The Soppressata Pizza;5
10/01/2015;The Southwest Chicken Pizza;7
10/01/2015;The Spicy Italian Pizza;5
10/01/2015;The Spinach Pesto Pizza;4
10/01/2015;The Spinach Supreme Pizza;5
10/01/2015;The Spinach and Feta Pizza;4
10/01/2015;The Thai Chicken Pizza;4
10/01/2015;The Vegetables + Vegetables Pizza;5
11/01/2015;The Barbecue Chicken Pizza;6
11/01/2015;The Big Meat Pizza;3
11/01/2015;The Brie Carre Pizza;1
11/01/2015;The Calabrese Pizza;4
11/01/2015;The California Chicken Pizza;5
11/01/2015;The Chicken Alfredo Pizza;1
11/01/2015;The Chicken Pesto Pizza;5
11/01/2015;The Classic Deluxe Pizza;3
11/01/2015;The Five Cheese Pizza;0
11/01/2015;The Four Cheese Pizza;3
11/01/2015;The Greek Pizza;1
11/01/2015;The Green Garden Pizza;1
11/01/2015;The Hawaiian Pizza;4
11/01/2015;The Italian Capocollo Pizza;2
11/01/2015;The Italian Supreme Pizza;8
11/01/2015;The Italian Vegetables Pizza;0
11/01/2015;The Mediterranean Pizza;3
11/01/2015;The Mexicana Pizza;8
11/01/2015;The Napolitana Pizza;5
11/01/2015;The Pepper Salami Pizza;8
11/01/2015;The Pepperoni Pizza;12
11/01/2015;The Pepperoni, Mushroom, and Peppers Pizza;1
11/01/2015;The Prosciutto and Arugula Pizza;3
11/01/2015;The Sicilian Pizza;6
11/01/2015;The Soppressata Pizza;3
11/01/2015;The Southwest Chicken Pizza;1
11/01/2015;The Spicy Italian Pizza;4
11/01/2015;The Spinach Pesto Pizza;2
11/01/2015;The Spinach Supreme Pizza;0
11/01/2015;The Spinach and Feta Pizza;5
11/01/2015;The Thai Chicken Pizza;4
11/01/2015;The Vegetables + Vegetables Pizza;4
12/01/2015;The Barbecue Chicken Pizza;8
12/01/2015;The Big Meat Pizza;6
12/01/2015;The Brie Carre Pizza;1
12/01/2015;The Calabrese Pizza;1
12/01/2015;The California Chicken Pizza;4
12/01/2015;The Chicken Alfredo Pizza;1
12/01/2015;The Chicken Pesto Pizza;3
12/01/2015;The Classic Deluxe Pizza;4
12/01/2015;The Five Cheese Pizza;2
12/01/2015;The Four Cheese Pizza;2
12/01/2015;The Greek Pizza;4
12/01/2015;The Green Garden Pizza;4
12/01/2015;The Hawaiian Pizza;5
12/01/2015;The Italian Capocollo Pizza;4
12/01/2015;The Italian Supreme Pizza;3
12/01/2015;The Italian Vegetables Pizza;5
12/01/2015;The Mediterranean Pizza;2
12/01/2015;The Mexicana Pizza;3
12/01/2015;The Napolitana Pizza;3
12/01/2015;The Pepper Salami Pizza;5
12/01/2015;The Pepperoni Pizza;7
12/01/2015;The Pepperoni, Mushroom, and Peppers Pizza;6
12/01/2015;The Prosciutto and Arugula Pizza;2
12/01/2015;The Sicilian Pizza;8
12/01/2015;The Soppressata Pizza;1
12/01/2015;The Southwest Chicken Pizza;9
12/01/2015;The Spicy Italian Pizza;3
12/01/2015;The Spinach Pesto Pizza;2
12/01/2015;The Spinach Supreme Pizza;1
12/01/2015;The Spinach and Feta Pizza;2
12/01/2015;The Thai Chicken Pizza;6
12/01/2015;The Vegetables + Vegetables Pizza;2
13/01/2015;The Barbecue Chicken Pizza;6
13/01/2015;The Big Meat Pizza;2
13/01/2015;The Brie Carre Pizza;1
13/01/2015;The Calabrese Pizza;3
13/01/2015;The California Chicken Pizza;5
13/01/2015;The Chicken Alfredo Pizza;0
13/01/2015;The Chicken Pesto Pizza;3
13/01/2015;The Classic Deluxe Pizza;5
13/01/2015;The Five Cheese Pizza;4
13/01/2015;The Four Cheese Pizza;6
13/01/2015;The Greek Pizza;5
13/01/2015;The Green Garden Pizza;1
13/01/2015;The Hawaiian Pizza;3
13/01/2015;The Italian Capocollo Pizza;7
13/01/2015;The Italian Supreme Pizza;6
13/01/2015;The Italian Vegetables Pizza;2
13/01/2015;The Mediterranean Pizza;1
13/01/2015;The Mexicana Pizza;2
13/01/2015;The Napolitana Pizza;7
13/01/2015;The Pepper Salami Pizza;3
13/01/2015;The Pepperoni Pizza;2
13/01/2015;The Pepperoni, Mushroom, and Peppers Pizza;4
13/01/2015;The Prosciutto and Arugula Pizza;5
13/01/2015;The Sicilian Pizza;6
13/01/2015;The Soppressata Pizza;3
13/01/2015;The Southwest Chicken Pizza;6
13/01/2015;The Spicy Italian Pizza;3
13/01/2015;The Spinach Pesto Pizza;1
13/01/2015;The Spinach Supreme Pizza;0
13/01/2015;The Spinach and Feta Pizza;6
13/01/2015;The Thai Chicken Pizza;6
13/01/2015;The Vegetables + Vegetables Pizza;6
14/01/2015;The Barbecue Chicken Pizza;6
14/01/2015;The Big Meat Pizza;3
14/01/2015;The Brie Carre Pizza;0
14/01/2015;The Calabrese Pizza;4
14/01/2015;The California Chicken Pizza;5
14/01/2015;The Chicken Alfredo Pizza;4
14/01/2015;The Chicken Pesto Pizza;5
14/01/2015;The Classic Deluxe Pizza;7
14/01/2015;The Five Cheese Pizza;9
14/01/2015;The Four Cheese Pizza;3
14/01/2015;The Greek Pizza;3
14/01/2015;The Green Garden Pizza;1
14/01/2015;The Hawaiian Pizza;7
14/01/2015;The Italian Capocollo Pizza;0
14/01/2015;The Italian Supreme Pizza;10
14/01/2015;The Italian Vegetables Pizza;3
14/01/2015;The Mediterranean Pizza;0
14/01/2015;The Mexicana Pizza;4
14/01/2015;The Napolitana Pizza;7
14/01/2015;The Pepper Salami Pizza;6
14/01/2015;The Pepperoni Pizza;6
14/01/2015;The Pepperoni, Mushroom, and Peppers Pizza;3
14/01/2015;The Prosciutto and Arugula Pizza;5
14/01/2015;The Sicilian Pizza;9
14/01/2015;The Soppressata Pizza;1
14/01/2015;The Southwest Chicken Pizza;11
14/01/2015;The Spicy Italian Pizza;3
14/01/2015;The Spinach Pesto Pizza;4
14/01/2015;The Spinach Supreme Pizza;6
14/01/2015;The Spinach and Feta Pizza;4
14/01/2015;The Thai Chicken Pizza;4
14/01/2015;The Vegetables + Vegetables Pizza;7
15/01/2015;The Barbecue Chicken Pizza;5
15/01/2015;The Big Meat Pizza;4
15/01/2015;The Brie Carre Pizza;0
15/01/2015;The Calabrese Pizza;1
15/01/2015;The California Chicken Pizza;5
15/01/2015;The Chicken Alfredo Pizza;2
15/01/2015;The Chicken Pesto Pizza;0
15/01/2015;The Classic Deluxe Pizza;5
15/01/2015;The Five Cheese Pizza;3
15/01/2015;The Four Cheese Pizza;6
15/01/2015;The Greek Pizza;4
15/01/2015;The Green Garden Pizza;0
15/01/2015;The Hawaiian Pizza;7
15/01/2015;The Italian Capocollo Pizza;1
15/01/2015;The Italian Supreme Pizza;2
15/01/2015;The Italian Vegetables Pizza;1
15/01/2015;The Mediterranean Pizza;3
15/01/2015;The Mexicana Pizza;2
15/01/2015;The Napolitana Pizza;2
15/01/2015;The Pepper Salami Pizza;4
15/01/2015;The Pepperoni Pizza;11
15/01/2015;The Pepperoni, Mushroom, and Peppers Pizza;2
15/01/2015;The Prosciutto and Arugula Pizza;4
15/01/2015;The Sicilian Pizza;8
15/01/2015;The Soppressata Pizza;5
15/01/2015;The Southwest Chicken Pizza;7
15/01/2015;The Spicy Italian Pizza;9
15/01/2015;The Spinach Pesto Pizza;2
15/01/2015;The Spinach Supreme Pizza;3
15/01/2015;The Spinach and Feta Pizza;3
15/01/2015;The Thai Chicken Pizza;7
15/01/2015;The Vegetables + Vegetables Pizza;5
16/01/2015;The Barbecue Chicken Pizza;9
16/01/2015;The Big Meat Pizza;4
16/01/2015;The Brie Carre Pizza;0
16/01/2015;The Calabrese Pizza;3
16/01/2015;The California Chicken Pizza;9
16/01/2015;The Chicken Alfredo Pizza;3
16/01/2015;The Chicken Pesto Pizza;1
16/01/2015;The Classic Deluxe Pizza;7
16/01/2015;The Five Cheese Pizza;6
16/01/2015;The Four Cheese Pizza;4
16/01/2015;The Greek Pizza;3
16/01/2015;The Green Garden Pizza;5
16/01/2015;The Hawaiian Pizza;3
16/01/2015;The Italian Capocollo Pizza;6
16/01/2015;The Italian Supreme Pizza;3
16/01/2015;The Italian Vegetables Pizza;3
16/01/2015;The Mediterranean Pizza;2
16/01/2015;The Mexicana Pizza;6
16/01/2015;The Napolitana Pizza;6
16/01/2015;The Pepper Salami Pizza;5
16/01/2015;The Pepperoni Pizza;12
16/01/2015;The Pepperoni, Mushroom, and Peppers Pizza;5
16/01/2015;The Prosciutto and Arugula Pizza;3
16/01/2015;The Sicilian Pizza;6
16/01/2015;The Soppressata Pizza;0
16/01/2015;The Southwest Chicken Pizza;5
16/01/2015;The Spicy Italian Pizza;9
16/01/2015;The Spinach Pesto Pizza;5
16/01/2015;The Spinach Supreme Pizza;2
16/01/2015;The Spinach and Feta Pizza;10
16/01/2015;The Thai Chicken Pizza;7
16/01/2015;The Vegetables + Vegetables Pizza;6
17/01/2015;The Barbecue Chicken Pizza;11
17/01/2015;The Big Meat Pizza;6
17/01/2015;The Brie Carre Pizza;3
17/01/2015;The Calabrese Pizza;1
17/01/2015;The California Chicken Pizza;10
17/01/2015;The Chicken Alfredo Pizza;1
17/01/2015;The Chicken Pesto Pizza;2
17/01/2015;The Classic Deluxe Pizza;3
17/01/2015;The Five Cheese Pizza;0
17/01/2015;The Four Cheese Pizza;2
17/01/2015;The Greek Pizza;3
17/01/2015;The Green Garden Pizza;2
17/01/2015;The Hawaiian Pizza;9
17/01/2015;The Italian Capocollo Pizza;5
17/01/2015;The Italian Supreme Pizza;3
17/01/2015;The Italian Vegetables Pizza;3
17/01/2015;The Mediterranean Pizza;3
17/01/2015;The Mexicana Pizza;1
17/01/2015;The Napolitana Pizza;3
17/01/2015;The Pepper Salami Pizza;2
17/01/2015;The Pepperoni Pizza;10
17/01/2015;The Pepperoni, Mushroom, and Peppers Pizza;4
17/01/2015;The Prosciutto and Arugula Pizza;3
17/01/2015;The Sicilian Pizza;6
17/01/2015;The Soppressata Pizza;4
17/01/2015;The Southwest Chicken Pizza;4
17/01/2015;The Spicy Italian Pizza;3
17/01/2015;The Spinach Pesto Pizza;3
17/01/2015;The Spinach Supreme Pizza;2
17/01/2015;The Spinach and Feta Pizza;0
17/01/2015;The Thai Chicken Pizza;9
17/01/2015;The Vegetables + Vegetables Pizza;4
18/01/2015;The Barbecue Chicken Pizza;9
18/01/2015;The Big Meat Pizza;4
18/01/2015;The Brie Carre Pizza;0
18/01/2015;The Calabrese Pizza;1
18/01/2015;The California Chicken Pizza;9
18/01/2015;The Chicken Alfredo Pizza;1
18/01/2015;The Chicken Pesto Pizza;2
18/01/2015;The Classic Deluxe Pizza;7
18/01/2015;The Five Cheese Pizza;3
18/01/2015;The Four Cheese Pizza;5
18/01/2015;The Greek Pizza;1
18/01/2015;The Green Garden Pizza;2
18/01/2015;The Hawaiian Pizza;4
18/01/2015;The Italian Capocollo Pizza;1
18/01/2015;The Italian Supreme Pizza;6
18/01/2015;The Italian Vegetables Pizza;3
18/01/2015;The Mediterranean Pizza;1
18/01/2015;The Mexicana Pizza;6
18/01/2015;The Napolitana Pizza;3
18/01/2015;The Pepper Salami Pizza;5
18/01/2015;The Pepperoni Pizza;11
18/01/2015;The Pepperoni, Mushroom, and Peppers Pizza;3
18/01/2015;The Prosciutto and Arugula Pizza;4
18/01/2015;The Sicilian Pizza;7
18/01/2015;The Soppressata Pizza;3
18/01/2015;The Southwest Chicken Pizza;2
18/01/2015;The Spicy Italian Pizza;3
18/01/2015;The Spinach Pesto Pizza;3
18/01/2015;The Spinach Supreme Pizza;3
18/01/2015;The Spinach and Feta Pizza;3
18/01/2015;The Thai Chicken Pizza;5
18/01/2015;The Vegetables + Vegetables Pizza;2
19/01/2015;The Barbecue Chicken Pizza;5
19/01/2015;The Big Meat Pizza;7
19/01/2015;The Brie Carre Pizza;1
19/01/2015;The Calabrese Pizza;2
19/01/2015;The California Chicken Pizza;9
19/01/2015;The Chicken Alfredo Pizza;3
19/01/2015;The Chicken Pesto Pizza;4
19/01/2015;The Classic Deluxe Pizza;4
19/01/2015;The Five Cheese Pizza;4
19/01/2015;The Four Cheese Pizza;6
19/01/2015;The Greek Pizza;6
19/01/2015;The Green Garden Pizza;3
19/01/2015;The Hawaiian Pizza;9
19/01/2015;The Italian Capocollo Pizza;4
19/01/2015;The Italian Supreme Pizza;6
19/01/2015;The Italian Vegetables Pizza;3
19/01/2015;The Mediterranean Pizza;5
19/01/2015;The Mexicana Pizza;2
19/01/2015;The Napolitana Pizza;8
19/01/2015;The Pepper Salami Pizza;1
19/01/2015;The Pepperoni Pizza;7
19/01/2015;The Pepperoni, Mushroom, and Peppers Pizza;7
19/01/2015;The Prosciutto and Arugula Pizza;3
19/01/2015;The Sicilian Pizza;3
19/01/2015;The Soppressata Pizza;3
19/01/2015;The Southwest Chicken Pizza;4
19/01/2015;The Spicy Italian Pizza;3
19/01/2015;The Spinach Pesto Pizza;2
19/01/2015;The Spinach Supreme Pizza;0
19/01/2015;The Spinach and Feta Pizza;6
19/01/2015;The Thai Chicken Pizza;8
19/01/2015;The Vegetables + Vegetables Pizza;4
20/01/2015;The Barbecue Chicken Pizza;3
20/01/2015;The Big Meat Pizza;4
20/01/2015;The Brie Carre Pizza;2
20/01/2015;The Calabrese Pizza;1
20/01/2015;The California Chicken Pizza;10
20/01/2015;The Chicken Alfredo Pizza;3
20/01/2015;The Chicken Pesto Pizza;2
20/01/2015;The Classic Deluxe Pizza;8
20/01/2015;The Five Cheese Pizza;10
20/01/2015;The Four Cheese Pizza;3
20/01/2015;The Greek Pizza;3
20/01/2015;The Green Garden Pizza;4
20/01/2015;The Hawaiian Pizza;2
20/01/2015;The Italian Capocollo Pizza;5
20/01/2015;The Italian Supreme Pizza;8
20/01/2015;The Italian Vegetables Pizza;2
20/01/2015;The Mediterranean Pizza;2
20/01/2015;The Mexicana Pizza;3
20/01/2015;The Napolitana Pizza;5
20/01/2015;The Pepper Salami Pizza;6
20/01/2015;The Pepperoni Pizza;5
20/01/2015;The Pepperoni, Mushroom, and Peppers Pizza;2
20/01/2015;The Prosciutto and Arugula Pizza;6
20/01/2015;The Sicilian Pizza;7
20/01/2015;The Soppressata Pizza;6
20/01/2015;The Southwest Chicken Pizza;5
20/01/2015;The Spicy Italian Pizza;7
20/01/2015;The Spinach Pesto Pizza;1
20/01/2015;The Spinach Supreme Pizza;6
20/01/2015;The Spinach and Feta Pizza;2
20/01/2015;The Thai Chicken Pizza;5
20/01/2015;The Vegetables + Vegetables Pizza;5
21/01/2015;The Barbecue Chicken Pizza;4
21/01/2015;The Big Meat Pizza;5
21/01/2015;The Brie Carre Pizza;1
21/01/2015;The Calabrese Pizza;3
21/01/2015;The California Chicken Pizza;8
21/01/2015;The Chicken Alfredo Pizza;2
21/01/2015;The Chicken Pesto Pizza;3
21/01/2015;The Classic Deluxe Pizza;3
21/01/2015;The Five Cheese Pizza;3
21/01/2015;The Four Cheese Pizza;7
21/01/2015;The Greek Pizza;2
21/01/2015;The Green Garden Pizza;2
21/01/2015;The Hawaiian Pizza;6
21/01/2015;The Italian Capocollo Pizza;6
21/01/2015;The Italian Supreme Pizza;4
21/01/2015;The Italian Vegetables Pizza;4
21/01/2015;The Mediterranean Pizza;3
21/01/2015;The Mexicana Pizza;1
21/01/2015;The Napolitana Pizza;4
21/01/2015;The Pepper Salami Pizza;4
21/01/2015;The Pepperoni Pizza;8
21/01/2015;The Pepperoni, Mushroom, and Peppers Pizza;3
21/01/2015;The Prosciutto and Arugula Pizza;3
21/01/2015;The Sicilian Pizza;8
21/01/2015;The Soppressata Pizza;2
21/01/2015;The Southwest Chicken Pizza;2
21/01/2015;The Spicy Italian Pizza;3
21/01/2015;The Spinach Pesto Pizza;1
21/01/2015;The Spinach Supreme Pizza;5
21/01/2015;The Spinach and Feta Pizza;4
21/01/2015;The Thai Chicken Pizza;7
21/01/2015;The Vegetables + Vegetables Pizza;8
22/01/2015;The Barbecue Chicken Pizza;9
22/01/2015;The Big Meat Pizza;4
22/01/2015;The Brie Carre Pizza;2
22/01/2015;The Calabrese Pizza;2
22/01/2015;The California Chicken Pizza;6
22/01/2015;The Chicken Alfredo Pizza;3
22/01/2015;The Chicken Pesto Pizza;5
22/01/2015;The Classic Deluxe Pizza;11
22/01/2015;The Five Cheese Pizza;7
22/01/2015;The Four Cheese Pizza;4
22/01/2015;The Greek Pizza;6
22/01/2015;The Green Garden Pizza;0
22/01/2015;The Hawaiian Pizza;9
22/01/2015;The Italian Capocollo Pizza;0
22/01/2015;The Italian Supreme Pizza;6
22/01/2015;The Italian Vegetables Pizza;6
22/01/2015;The Mediterranean Pizza;3
22/01/2015;The Mexicana Pizza;4
22/01/2015;The Napolitana Pizza;6
22/01/2015;The Pepper Salami Pizza;2
22/01/2015;The Pepperoni Pizza;10
22/01/2015;The Pepperoni, Mushroom, and Peppers Pizza;5
22/01/2015;The Prosciutto and Arugula Pizza;1
22/01/2015;The Sicilian Pizza;7
22/01/2015;The Soppressata Pizza;0
22/01/2015;The Southwest Chicken Pizza;6
22/01/2015;The Spicy Italian Pizza;7
22/01/2015;The Spinach Pesto Pizza;4
22/01/2015;The Spinach Supreme Pizza;1
22/01/2015;The Spinach and Feta Pizza;7
22/01/2015;The Thai Chicken Pizza;8
22/01/2015;The Vegetables + Vegetables Pizza;7
23/01/2015;The Barbecue Chicken Pizza;11
23/01/2015;The Big Meat Pizza;8
23/01/2015;The Brie Carre Pizza;0
23/01/2015;The Calabrese Pizza;1
23/01/2015;The California Chicken Pizza;6
23/01/2015;The Chicken Alfredo Pizza;2
23/01/2015;The Chicken Pesto Pizza;1
23/01/2015;The Classic Deluxe Pizza;5
23/01/2015;The Five Cheese Pizza;7
23/01/2015;The Four Cheese Pizza;12
23/01/2015;The Greek Pizza;3
23/01/2015;The Green Garden Pizza;2
23/01/2015;The Hawaiian Pizza;6
23/01/2015;The Italian Capocollo Pizza;6
23/01/2015;The Italian Supreme Pizza;4
23/01/2015;The Italian Vegetables Pizza;4
23/01/2015;The Mediterranean Pizza;1
23/01/2015;The Mexicana Pizza;6
23/01/2015;The Napolitana Pizza;7
23/01/2015;The Pepper Salami Pizza;6
23/01/2015;The Pepperoni Pizza;9
23/01/2015;The Pepperoni, Mushroom, and Peppers Pizza;7
23/01/2015;The Prosciutto and Arugula Pizza;6
23/01/2015;The Sicilian Pizza;5
23/01/2015;The Soppressata Pizza;2
23/01/2015;The Southwest Chicken Pizza;5
23/01/2015;The Spicy Italian Pizza;5
23/01/2015;The Spinach Pesto Pizza;2
23/01/2015;The Spinach Supreme Pizza;0
23/01/2015;The Spinach and Feta Pizza;3
23/01/2015;The Thai Chicken Pizza;7
23/01/2015;The Vegetables + Vegetables Pizza;3
24/01/2015;The Barbecue Chicken Pizza;5
24/01/2015;The Big Meat Pizza;4
24/01/2015;The Brie Carre Pizza;2
24/01/2015;The Calabrese Pizza;2
24/01/2015;The California Chicken Pizza;6
24/01/2015;The Chicken Alfredo Pizza;2
24/01/2015;The Chicken Pesto Pizza;2
24/01/2015;The Classic Deluxe Pizza;8
24/01/2015;The Five Cheese Pizza;6
24/01/2015;The Four Cheese Pizza;2
24/01/2015;The Greek Pizza;3
24/01/2015;The Green Garden Pizza;4
24/01/2015;The Hawaiian Pizza;5
24/01/2015;The Italian Capocollo Pizza;3
24/01/2015;The Italian Supreme Pizza;9
24/01/2015;The Italian Vegetables Pizza;3
24/01/2015;The Mediterranean Pizza;2
24/01/2015;The Mexicana Pizza;7
24/01/2015;The Napolitana Pizza;5
24/01/2015;The Pepper Salami Pizza;6
24/01/2015;The Pepperoni Pizza;3
24/01/2015;The Pepperoni, Mushroom, and Peppers Pizza;3
24/01/2015;The Prosciutto and Arugula Pizza;10
24/01/2015;The Sicilian Pizza;6
24/01/2015;The Soppressata Pizza;3
24/01/2015;The Southwest Chicken Pizza;2
24/01/2015;The Spicy Italian Pizza;2
24/01/2015;The Spinach Pesto Pizza;5
24/01/2015;The Spinach Supreme Pizza;4
24/01/2015;The Spinach and Feta Pizza;3
24/01/2015;The Thai Chicken Pizza;10
24/01/2015;The Vegetables + Vegetables Pizza;5
25/01/2015;The Barbecue Chicken Pizza;8
25/01/2015;The Big Meat Pizza;6
25/01/2015;The Brie Carre Pizza;3
25/01/2015;The Calabrese Pizza;3
25/01/2015;The California Chicken Pizza;3
25/01/2015;The Chicken Alfredo Pizza;2
25/01/2015;The Chicken Pesto Pizza;1
25/01/2015;The Classic Deluxe Pizza;2
25/01/2015;The Five Cheese Pizza;1
25/01/2015;The Four Cheese Pizza;6
25/01/2015;The Greek Pizza;3
25/01/2015;The Green Garden Pizza;0
25/01/2015;The Hawaiian Pizza;4
25/01/2015;The Italian Capocollo Pizza;1
25/01/2015;The Italian Supreme Pizza;0
25/01/2015;The Italian Vegetables Pizza;1
25/01/2015;The Mediterranean Pizza;3
25/01/2015;The Mexicana Pizza;6
25/01/2015;The Napolitana Pizza;6
25/01/2015;The Pepper Salami Pizza;3
25/01/2015;The Pepperoni Pizza;5
25/01/2015;The Pepperoni, Mushroom, and Peppers Pizza;2
25/01/2015;The Prosciutto and Arugula Pizza;6
25/01/2015;The Sicilian Pizza;3
25/01/2015;The Soppressata Pizza;2
25/01/2015;The Southwest Chicken Pizza;3
25/01/2015;The Spicy Italian Pizza;3
25/01/2015;The Spinach Pesto Pizza;2
25/01/2015;The Spinach Supreme Pizza;1
25/01/2015;The Spinach and Feta Pizza;5
25/01/2015;The Thai Chicken Pizza;4
25/01/2015;The Vegetables + Vegetables Pizza;4
26/01/2015;The Barbecue Chicken Pizza;2
26/01/2015;The Big Meat Pizza;6
26/01/2015;The Brie Carre Pizza;1
26/01/2015;The Calabrese Pizza;4
26/01/2015;The California Chicken Pizza;6
26/01/2015;The Chicken Alfredo Pizza;2
26/01/2015;The Chicken Pesto Pizza;1
26/01/2015;The Classic Deluxe Pizza;4
26/01/2015;The Five Cheese Pizza;4
26/01/2015;The Four Cheese Pizza;5
26/01/2015;The Greek Pizza;6
26/01/2015;The Green Garden Pizza;3
26/01/2015;The Hawaiian Pizza;4
26/01/2015;The Italian Capocollo Pizza;2
26/01/2015;The Italian Supreme Pizza;5
26/01/2015;The Italian Vegetables Pizza;3
26/01/2015;The Mediterranean Pizza;3
26/01/2015;The Mexicana Pizza;1
26/01/2015;The Napolitana Pizza;2
26/01/2015;The Pepper Salami Pizza;3
26/01/2015;The Pepperoni Pizza;8
26/01/2015;The Pepperoni, Mushroom, and Peppers Pizza;2
26/01/2015;The Prosciutto and Arugula Pizza;3
26/01/2015;The Sicilian Pizza;6
26/01/2015;The Soppressata Pizza;1
26/01/2015;The Southwest Chicken Pizza;5
26/01/2015;The Spicy Italian Pizza;3
26/01/2015;The Spinach Pesto Pizza;5
26/01/2015;The Spinach Supreme Pizza;1
26/01/2015;The Spinach and Feta Pizza;3
26/01/2015;The Thai Chicken Pizza;7
26/01/2015;The Vegetables + Vegetables Pizza;2
27/01/2015;The Barbecue Chicken Pizza;5
27/01/2015;The Big Meat Pizza;3
27/01/2015;The Brie Carre Pizza;2
27/01/2015;The Calabrese Pizza;3
27/01/2015;The California Chicken Pizza;5
27/01/2015;The Chicken Alfredo Pizza;3
27/01/2015;The Chicken Pesto Pizza;2
27/01/2015;The Classic Deluxe Pizza;5
27/01/2015;The Five Cheese Pizza;2
27/01/2015;The Four Cheese Pizza;5
27/01/2015;The Greek Pizza;7
27/01/2015;The Green Garden Pizza;1
27/01/2015;The Hawaiian Pizza;9
27/01/2015;The Italian Capocollo Pizza;11
27/01/2015;The Italian Supreme Pizza;1
27/01/2015;The Italian Vegetables Pizza;4
27/01/2015;The Mediterranean Pizza;3
27/01/2015;The Mexicana Pizza;5
27/01/2015;The Napolitana Pizza;7
27/01/2015;The Pepper Salami Pizza;5
27/01/2015;The Pepperoni Pizza;9
27/01/2015;The Pepperoni, Mushroom, and Peppers Pizza;5
27/01/2015;The Prosciutto and Arugula Pizza;7
27/01/2015;The Sicilian Pizza;3
27/01/2015;The Soppressata Pizza;6
27/01/2015;The Southwest Chicken Pizza;7
27/01/2015;The Spicy Italian Pizza;4
27/01/2015;The Spinach Pesto Pizza;1
27/01/2015;The Spinach Supreme Pizza;4
27/01/2015;The Spinach and Feta Pizza;6
27/01/2015;The Thai Chicken Pizza;6
27/01/2015;The Vegetables + Vegetables Pizza;5
28/01/2015;The Barbecue Chicken Pizza;11
28/01/2015;The Big Meat Pizza;6
28/01/2015;The Brie Carre Pizza;2
28/01/2015;The Calabrese Pizza;1
28/01/2015;The California Chicken Pizza;4
28/01/2015;The Chicken Alfredo Pizza;2
28/01/2015;The Chicken Pesto Pizza;2
28/01/2015;The Classic Deluxe Pizza;8
28/01/2015;The Five Cheese Pizza;2
28/01/2015;The Four Cheese Pizza;2
28/01/2015;The Greek Pizza;3
28/01/2015;The Green Garden Pizza;2
28/01/2015;The Hawaiian Pizza;7
28/01/2015;The Italian Capocollo Pizza;4
28/01/2015;The Italian Supreme Pizza;3
28/01/2015;The Italian Vegetables Pizza;3
28/01/2015;The Mediterranean Pizza;0
28/01/2015;The Mexicana Pizza;4
28/01/2015;The Napolitana Pizza;5
28/01/2015;The Pepper Salami Pizza;3
28/01/2015;The Pepperoni Pizza;5
28/01/2015;The Pepperoni, Mushroom, and Peppers Pizza;3
28/01/2015;The Prosciutto and Arugula Pizza;1
28/01/2015;The Sicilian Pizza;8
28/01/2015;The Soppressata Pizza;3
28/01/2015;The Southwest Chicken Pizza;3
28/01/2015;The Spicy Italian Pizza;6
28/01/2015;The Spinach Pesto Pizza;1
28/01/2015;The Spinach Supreme Pizza;0
28/01/2015;The Spinach and Feta Pizza;6
28/01/2015;The Thai Chicken Pizza;4
28/01/2015;The Vegetables + Vegetables Pizza;4
29/01/2015;The Barbecue Chicken Pizza;9
29/01/2015;The Big Meat Pizza;1
29/01/2015;The Brie Carre Pizza;1
29/01/2015;The Calabrese Pizza;2
29/01/2015;The California Chicken Pizza;7
29/01/2015;The Chicken Alfredo Pizza;1
29/01/2015;The Chicken Pesto Pizza;4
29/01/2015;The Classic Deluxe Pizza;2
29/01/2015;The Five Cheese Pizza;6
29/01/2015;The Four Cheese Pizza;4
29/01/2015;The Greek Pizza;3
29/01/2015;The Green Garden Pizza;0
29/01/2015;The Hawaiian Pizza;4
29/01/2015;The Italian Capocollo Pizza;5
29/01/2015;The Italian Supreme Pizza;5
29/01/2015;The Italian Vegetables Pizza;3
29/01/2015;The Mediterranean Pizza;3
29/01/2015;The Mexicana Pizza;7
29/01/2015;The Napolitana Pizza;2
29/01/2015;The Pepper Salami Pizza;4
29/01/2015;The Pepperoni Pizza;8
29/01/2015;The Pepperoni, Mushroom, and Peppers Pizza;3
29/01/2015;The Prosciutto and Arugula Pizza;5
29/01/2015;The Sicilian Pizza;7
29/01/2015;The Soppressata Pizza;2
29/01/2015;The Southwest Chicken Pizza;4
29/01/2015;The Spicy Italian Pizza;4
29/01/2015;The Spinach Pesto Pizza;3
29/01/2015;The Spinach Supreme Pizza;0
29/01/2015;The Spinach and Feta Pizza;1
29/01/2015;The Thai Chicken Pizza;5
29/01/2015;The Vegetables + Vegetables Pizza;4
30/01/2015;The Barbecue Chicken Pizza;10
30/01/2015;The Big Meat Pizza;3
30/01/2015;The Brie Carre Pizza;1
30/01/2015;The Calabrese Pizza;3
30/01/2015;The California Chicken Pizza;8
30/01/2015;The Chicken Alfredo Pizza;6
30/01/2015;The Chicken Pesto Pizza;2
30/01/2015;The Classic Deluxe Pizza;12
30/01/2015;The Five Cheese Pizza;3
30/01/2015;The Four Cheese Pizza;8
30/01/2015;The Greek Pizza;4
30/01/2015;The Green Garden Pizza;2
30/01/2015;The Hawaiian Pizza;5
30/01/2015;The Italian Capocollo Pizza;4
30/01/2015;The Italian Supreme Pizza;5
30/01/2015;The Italian Vegetables Pizza;7
30/01/2015;The Mediterranean Pizza;2
30/01/2015;The Mexicana Pizza;5
30/01/2015;The Napolitana Pizza;1
30/01/2015;The Pepper Salami Pizza;4
30/01/2015;The Pepperoni Pizza;4
30/01/2015;The Pepperoni, Mushroom, and Peppers Pizza;1
30/01/2015;The Prosciutto and Arugula Pizza;6
30/01/2015;The Sicilian Pizza;5
30/01/2015;The Soppressata Pizza;2
30/01/2015;The Southwest Chicken Pizza;2
30/01/2015;The Spicy Italian Pizza;4
30/01/2015;The Spinach Pesto Pizza;3
30/01/2015;The Spinach Supreme Pizza;6
30/01/2015;The Spinach and Feta Pizza;2
30/01/2015;The Thai Chicken Pizza;6
30/01/2015;The Vegetables + Vegetables Pizza;2
31/01/2015;The Barbecue Chicken Pizza;4
31/01/2015;The Big Meat Pizza;8
31/01/2015;The Brie Carre Pizza;1
31/01/2015;The Calabrese Pizza;3
31/01/2015;The California Chicken Pizza;8
31/01/2015;The Chicken Alfredo Pizza;2
31/01/2015;The Chicken Pesto Pizza;2
31/01/2015;The Classic Deluxe Pizza;5
31/01/2015;The Five Cheese Pizza;3
31/01/2015;The Four Cheese Pizza;8
31/01/2015;The Greek Pizza;4
31/01/2015;The Green Garden Pizza;2
31/01/2015;The Hawaiian Pizza;7
31/01/2015;The Italian Capocollo Pizza;7
31/01/2015;The Italian Supreme Pizza;5
31/01/2015;The Italian Vegetables Pizza;3
31/01/2015;The Mediterranean Pizza;1
31/01/2015;The Mexicana Pizza;5
31/01/2015;The Napolitana Pizza;7
31/01/2015;The Pepper Salami Pizza;6
31/01/2015;The Pepperoni Pizza;5
31/01/2015;The Pepperoni, Mushroom, and Peppers Pizza;3
31/01/2015;The Prosciutto and Arugula Pizza;3
31/01/2015;The Sicilian Pizza;9
31/01/2015;The Soppressata Pizza;5
31/01/2015;The Southwest Chicken Pizza;2
31/01/2015;The Spicy Italian Pizza;5
31/01/2015;The Spinach Pesto Pizza;0
31/01/2015;The Spinach Supreme Pizza;5
31/01/2015;The Spinach and Feta Pizza;3
31/01/2015;The Thai Chicken Pizza;4
31/01/2015;The Vegetables + Vegetables Pizza;10
01/02/2015;The Barbecue Chicken Pizza;12
01/02/2015;The Big Meat Pizza;9
01/02/2015;The Brie Carre Pizza;3
01/02/2015;The Calabrese Pizza;7
01/02/2015;The California Chicken Pizza;15
01/02/2015;The Chicken Alfredo Pizza;3
01/02/2015;The Chicken Pesto Pizza;2
01/02/2015;The Classic Deluxe Pizza;13
01/02/2015;The Five Cheese Pizza;5
01/02/2015;The Four Cheese Pizza;6
01/02/2015;The Greek Pizza;4
01/02/2015;The Green Garden Pizza;3
01/02/2015;The Hawaiian Pizza;7
01/02/2015;The Italian Capocollo Pizza;5
01/02/2015;The Italian Supreme Pizza;8
01/02/2015;The Italian Vegetables Pizza;4
01/02/2015;The Mediterranean Pizza;0
01/02/2015;The Mexicana Pizza;6
01/02/2015;The Napolitana Pizza;7
01/02/2015;The Pepper Salami Pizza;6
01/02/2015;The Pepperoni Pizza;10
01/02/2015;The Pepperoni, Mushroom, and Peppers Pizza;3
01/02/2015;The Prosciutto and Arugula Pizza;6
01/02/2015;The Sicilian Pizza;5
01/02/2015;The Soppressata Pizza;3
01/02/2015;The Southwest Chicken Pizza;9
01/02/2015;The Spicy Italian Pizza;9
01/02/2015;The Spinach Pesto Pizza;5
01/02/2015;The Spinach Supreme Pizza;3
01/02/2015;The Spinach and Feta Pizza;4
01/02/2015;The Thai Chicken Pizza;8
01/02/2015;The Vegetables + Vegetables Pizza;1
02/02/2015;The Barbecue Chicken Pizza;6
02/02/2015;The Big Meat Pizza;6
02/02/2015;The Brie Carre Pizza;1
02/02/2015;The Calabrese Pizza;5
02/02/2015;The California Chicken Pizza;7
02/02/2015;The Chicken Alfredo Pizza;6
02/02/2015;The Chicken Pesto Pizza;3
02/02/2015;The Classic Deluxe Pizza;3
02/02/2015;The Five Cheese Pizza;4
02/02/2015;The Four Cheese Pizza;3
02/02/2015;The Greek Pizza;2
02/02/2015;The Green Garden Pizza;1
02/02/2015;The Hawaiian Pizza;8
02/02/2015;The Italian Capocollo Pizza;7
02/02/2015;The Italian Supreme Pizza;3
02/02/2015;The Italian Vegetables Pizza;2
02/02/2015;The Mediterranean Pizza;2
02/02/2015;The Mexicana Pizza;6
02/02/2015;The Napolitana Pizza;1
02/02/2015;The Pepper Salami Pizza;5
02/02/2015;The Pepperoni Pizza;10
02/02/2015;The Pepperoni, Mushroom, and Peppers Pizza;4
02/02/2015;The Prosciutto and Arugula Pizza;4
02/02/2015;The Sicilian Pizza;4
02/02/2015;The Soppressata Pizza;3
02/02/2015;The Southwest Chicken Pizza;2
02/02/2015;The Spicy Italian Pizza;6
02/02/2015;The Spinach Pesto Pizza;3
02/02/2015;The Spinach Supreme Pizza;5
02/02/2015;The Spinach and Feta Pizza;5
02/02/2015;The Thai Chicken Pizza;8
02/02/2015;The Vegetables + Vegetables Pizza;10
03/02/2015;The Barbecue Chicken Pizza;8
03/02/2015;The Big Meat Pizza;9
03/02/2015;The Brie Carre Pizza;2
03/02/2015;The Calabrese Pizza;6
03/02/2015;The California Chicken Pizza;6
03/02/2015;The Chicken Alfredo Pizza;3
03/02/2015;The Chicken Pesto Pizza;2
03/02/2015;The Classic Deluxe Pizza;3
03/02/2015;The Five Cheese Pizza;4
03/02/2015;The Four Cheese Pizza;11
03/02/2015;The Greek Pizza;7
03/02/2015;The Green Garden Pizza;4
03/02/2015;The Hawaiian Pizza;2
03/02/2015;The Italian Capocollo Pizza;8
03/02/2015;The Italian Supreme Pizza;3
03/02/2015;The Italian Vegetables Pizza;5
03/02/2015;The Mediterranean Pizza;1
03/02/2015;The Mexicana Pizza;2
03/02/2015;The Napolitana Pizza;3
03/02/2015;The Pepper Salami Pizza;6
03/02/2015;The Pepperoni Pizza;9
03/02/2015;The Pepperoni, Mushroom, and Peppers Pizza;5
03/02/2015;The Prosciutto and Arugula Pizza;3
03/02/2015;The Sicilian Pizza;5
03/02/2015;The Soppressata Pizza;4
03/02/2015;The Southwest Chicken Pizza;5
03/02/2015;The Spicy Italian Pizza;6
03/02/2015;The Spinach Pesto Pizza;2
03/02/2015;The Spinach Supreme Pizza;5
03/02/2015;The Spinach and Feta Pizza;7
03/02/2015;The Thai Chicken Pizza;4
03/02/2015;The Vegetables + Vegetables Pizza;9
04/02/2015;The Barbecue Chicken Pizza;10
04/02/2015;The Big Meat Pizza;4
04/02/2015;The Brie Carre Pizza;3
04/02/2015;The Calabrese Pizza;1
04/02/2015;The California Chicken Pizza;6
04/02/2015;The Chicken Alfredo Pizza;3
04/02/2015;The Chicken Pesto Pizza;2
04/02/2015;The Classic Deluxe Pizza;5
04/02/2015;The Five Cheese Pizza;6
04/02/2015;The Four Cheese Pizza;6
04/02/2015;The Greek Pizza;2
04/02/2015;The Green Garden Pizza;1
04/02/2015;The Hawaiian Pizza;8
04/02/2015;The Italian Capocollo Pizza;7
04/02/2015;The Italian Supreme Pizza;9
04/02/2015;The Italian Vegetables Pizza;5
04/02/2015;The Mediterranean Pizza;3
04/02/2015;The Mexicana Pizza;7
04/02/2015;The Napolitana Pizza;3
04/02/2015;The Pepper Salami Pizza;2
04/02/2015;The Pepperoni Pizza;7
04/02/2015;The Pepperoni, Mushroom, and Peppers Pizza;6
04/02/2015;The Prosciutto and Arugula Pizza;1
04/02/2015;The Sicilian Pizza;2
04/02/2015;The Soppressata Pizza;1
04/02/2015;The Southwest Chicken Pizza;6
04/02/2015;The Spicy Italian Pizza;7
04/02/2015;The Spinach Pesto Pizza;0
04/02/2015;The Spinach Supreme Pizza;4
04/02/2015;The Spinach and Feta Pizza;5
04/02/2015;The Thai Chicken Pizza;2
04/02/2015;The Vegetables + Vegetables Pizza;4
05/02/2015;The Barbecue Chicken Pizza;6
05/02/2015;The Big Meat Pizza;4
05/02/2015;The Brie Carre Pizza;3
05/02/2015;The Calabrese Pizza;3
05/02/2015;The California Chicken Pizza;6
05/02/2015;The Chicken Alfredo Pizza;1
05/02/2015;The Chicken Pesto Pizza;1
05/02/2015;The Classic Deluxe Pizza;8
05/02/2015;The Five Cheese Pizza;2
05/02/2015;The Four Cheese Pizza;6
05/02/2015;The Greek Pizza;3
05/02/2015;The Green Garden Pizza;3
05/02/2015;The Hawaiian Pizza;9
05/02/2015;The Italian Capocollo Pizza;6
05/02/2015;The Italian Supreme Pizza;8
05/02/2015;The Italian Vegetables Pizza;0
05/02/2015;The Mediterranean Pizza;1
05/02/2015;The Mexicana Pizza;3
05/02/2015;The Napolitana Pizza;5
05/02/2015;The Pepper Salami Pizza;4
05/02/2015;The Pepperoni Pizza;8
05/02/2015;The Pepperoni, Mushroom, and Peppers Pizza;1
05/02/2015;The Prosciutto and Arugula Pizza;5
05/02/2015;The Sicilian Pizza;8
05/02/2015;The Soppressata Pizza;3
05/02/2015;The Southwest Chicken Pizza;8
05/02/2015;The Spicy Italian Pizza;4
05/02/2015;The Spinach Pesto Pizza;2
05/02/2015;The Spinach Supreme Pizza;3
05/02/2015;The Spinach and Feta Pizza;4
05/02/2015;The Thai Chicken Pizza;1
05/02/2015;The Vegetables + Vegetables Pizza;4
06/02/2015;The Barbecue Chicken Pizza;6
06/02/2015;The Big Meat Pizza;7
06/02/2015;The Brie Carre Pizza;2
06/02/2015;The Calabrese Pizza;6
06/02/2015;The California Chicken Pizza;7
06/02/2015;The Chicken Alfredo Pizza;2
06/02/2015;The Chicken Pesto Pizza;2
06/02/2015;The Classic Deluxe Pizza;10
06/02/2015;The Five Cheese Pizza;6
06/02/2015;The Four Cheese Pizza;4
06/02/2015;The Greek Pizza;3
06/02/2015;The Green Garden Pizza;2
06/02/2015;The Hawaiian Pizza;11
06/02/2015;The Italian Capocollo Pizza;2
06/02/2015;The Italian Supreme Pizza;6
06/02/2015;The Italian Vegetables Pizza;1
06/02/2015;The Mediterranean Pizza;4
06/02/2015;The Mexicana Pizza;1
06/02/2015;The Napolitana Pizza;7
06/02/2015;The Pepper Salami Pizza;6
06/02/2015;The Pepperoni Pizza;5
06/02/2015;The Pepperoni, Mushroom, and Peppers Pizza;6
06/02/2015;The Prosciutto and Arugula Pizza;2
06/02/2015;The Sicilian Pizza;8
06/02/2015;The Soppressata Pizza;1
06/02/2015;The Southwest Chicken Pizza;6
06/02/2015;The Spicy Italian Pizza;6
06/02/2015;The Spinach Pesto Pizza;7
06/02/2015;The Spinach Supreme Pizza;1
06/02/2015;The Spinach and Feta Pizza;6
06/02/2015;The Thai Chicken Pizza;5
06/02/2015;The Vegetables + Vegetables Pizza;5
07/02/2015;The Barbecue Chicken Pizza;7
07/02/2015;The Big Meat Pizza;6
07/02/2015;The Brie Carre Pizza;2
07/02/2015;The Calabrese Pizza;3
07/02/2015;The California Chicken Pizza;9
07/02/2015;The Chicken Alfredo Pizza;4
07/02/2015;The Chicken Pesto Pizza;3
07/02/2015;The Classic Deluxe Pizza;8
07/02/2015;The Five Cheese Pizza;2
07/02/2015;The Four Cheese Pizza;6
07/02/2015;The Greek Pizza;4
07/02/2015;The Green Garden Pizza;3
07/02/2015;The Hawaiian Pizza;3
07/02/2015;The Italian Capocollo Pizza;7
07/02/2015;The Italian Supreme Pizza;9
07/02/2015;The Italian Vegetables Pizza;2
07/02/2015;The Mediterranean Pizza;0
07/02/2015;The Mexicana Pizza;2
07/02/2015;The Napolitana Pizza;0
07/02/2015;The Pepper Salami Pizza;1
07/02/2015;The Pepperoni Pizza;3
07/02/2015;The Pepperoni, Mushroom, and Peppers Pizza;0
07/02/2015;The Prosciutto and Arugula Pizza;9
07/02/2015;The Sicilian Pizza;4
07/02/2015;The Soppressata Pizza;2
07/02/2015;The Southwest Chicken Pizza;6
07/02/2015;The Spicy Italian Pizza;5
07/02/2015;The Spinach Pesto Pizza;2
07/02/2015;The Spinach Supreme Pizza;0
07/02/2015;The Spinach and Feta Pizza;9
07/02/2015;The Thai Chicken Pizza;8
07/02/2015;The Vegetables + Vegetables Pizza;7
08/02/2015;The Barbecue Chicken Pizza;6
08/02/2015;The Big Meat Pizza;5
08/02/2015;The Brie Carre Pizza;2
08/02/2015;The Calabrese Pizza;0
08/02/2015;The California Chicken Pizza;5
08/02/2015;The Chicken Alfredo Pizza;4
08/02/2015;The Chicken Pesto Pizza;2
08/02/2015;The Classic Deluxe Pizza;4
08/02/2015;The Five Cheese Pizza;4
08/02/2015;The Four Cheese Pizza;1
08/02/2015;The Greek Pizza;2
08/02/2015;The Green Garden Pizza;1
08/02/2015;The Hawaiian Pizza;8
08/02/2015;The Italian Capocollo Pizza;5
08/02/2015;The Italian Supreme Pizza;5
08/02/2015;The Italian Vegetables Pizza;3
08/02/2015;The Mediterranean Pizza;4
08/02/2015;The Mexicana Pizza;2
08/02/2015;The Napolitana Pizza;2
08/02/2015;The Pepper Salami Pizza;3
08/02/2015;The Pepperoni Pizza;7
08/02/2015;The Pepperoni, Mushroom, and Peppers Pizza;4
08/02/2015;The Prosciutto and Arugula Pizza;9
08/02/2015;The Sicilian Pizza;4
08/02/2015;The Soppressata Pizza;1
08/02/2015;The Southwest Chicken Pizza;4
08/02/2015;The Spicy Italian Pizza;9
08/02/2015;The Spinach Pesto Pizza;3
08/02/2015;The Spinach Supreme Pizza;3
08/02/2015;The Spinach and Feta Pizza;3
08/02/2015;The Thai Chicken Pizza;7
08/02/2015;The Vegetables + Vegetables Pizza;2
09/02/2015;The Barbecue Chicken Pizza;6
09/02/2015;The Big Meat Pizza;4
09/02/2015;The Brie Carre Pizza;0
09/02/2015;The Calabrese Pizza;0
09/02/2015;The California Chicken Pizza;8
09/02/2015;The Chicken Alfredo Pizza;2
09/02/2015;The Chicken Pesto Pizza;3
09/02/2015;The Classic Deluxe Pizza;3
09/02/2015;The Five Cheese Pizza;4
09/02/2015;The Four Cheese Pizza;6
09/02/2015;The Greek Pizza;8
09/02/2015;The Green Garden Pizza;4
09/02/2015;The Hawaiian Pizza;8
09/02/2015;The Italian Capocollo Pizza;3
09/02/2015;The Italian Supreme Pizza;5
09/02/2015;The Italian Vegetables Pizza;6
09/02/2015;The Mediterranean Pizza;2
09/02/2015;The Mexicana Pizza;5
09/02/2015;The Napolitana Pizza;5
09/02/2015;The Pepper Salami Pizza;2
09/02/2015;The Pepperoni Pizza;6
09/02/2015;The Pepperoni, Mushroom, and Peppers Pizza;2
09/02/2015;The Prosciutto and Arugula Pizza;6
09/02/2015;The Sicilian Pizza;7
09/02/2015;The Soppressata Pizza;2
09/02/2015;The Southwest Chicken Pizza;7
09/02/2015;The Spicy Italian Pizza;4
09/02/2015;The Spinach Pesto Pizza;3
09/02/2015;The Spinach Supreme Pizza;1
09/02/2015;The Spinach and Feta Pizza;3
09/02/2015;The Thai Chicken Pizza;5
09/02/2015;The Vegetables + Vegetables Pizza;6
10/02/2015;The Barbecue Chicken Pizza;6
10/02/2015;The Big Meat Pizza;1
10/02/2015;The Brie Carre Pizza;3
10/02/2015;The Calabrese Pizza;1
10/02/2015;The California Chicken Pizza;4
10/02/2015;The Chicken Alfredo Pizza;0
10/02/2015;The Chicken Pesto Pizza;2
10/02/2015;The Classic Deluxe Pizza;4
10/02/2015;The Five Cheese Pizza;4
10/02/2015;The Four Cheese Pizza;5
10/02/2015;The Greek Pizza;3
10/02/2015;The Green Garden Pizza;4
10/02/2015;The Hawaiian Pizza;1
10/02/2015;The Italian Capocollo Pizza;5
10/02/2015;The Italian Supreme Pizza;4
10/02/2015;The Italian Vegetables Pizza;5
10/02/2015;The Mediterranean Pizza;1
10/02/2015;The Mexicana Pizza;4
10/02/2015;The Napolitana Pizza;9
10/02/2015;The Pepper Salami Pizza;2
10/02/2015;The Pepperoni Pizza;7
10/02/2015;The Pepperoni, Mushroom, and Peppers Pizza;3
10/02/2015;The Prosciutto and Arugula Pizza;3
10/02/2015;The Sicilian Pizza;11
10/02/2015;The Soppressata Pizza;5
10/02/2015;The Southwest Chicken Pizza;6
10/02/2015;The Spicy Italian Pizza;7
10/02/2015;The Spinach Pesto Pizza;1
10/02/2015;The Spinach Supreme Pizza;2
10/02/2015;The Spinach and Feta Pizza;3
10/02/2015;The Thai Chicken Pizza;4
10/02/2015;The Vegetables + Vegetables Pizza;4
11/02/2015;The Barbecue Chicken Pizza;6
11/02/2015;The Big Meat Pizza;4
11/02/2015;The Brie Carre Pizza;0
11/02/2015;The Calabrese Pizza;3
11/02/2015;The California Chicken Pizza;6
11/02/2015;The Chicken Alfredo Pizza;4
11/02/2015;The Chicken Pesto Pizza;4
11/02/2015;The Classic Deluxe Pizza;9
11/02/2015;The Five Cheese Pizza;6
11/02/2015;The Four Cheese Pizza;14
11/02/2015;The Greek Pizza;3
11/02/2015;The Green Garden Pizza;4
11/02/2015;The Hawaiian Pizza;12
11/02/2015;The Italian Capocollo Pizza;1
11/02/2015;The Italian Supreme Pizza;5
11/02/2015;The Italian Vegetables Pizza;4
11/02/2015;The Mediterranean Pizza;2
11/02/2015;The Mexicana Pizza;5
11/02/2015;The Napolitana Pizza;1
11/02/2015;The Pepper Salami Pizza;3
11/02/2015;The Pepperoni Pizza;13
11/02/2015;The Pepperoni, Mushroom, and Peppers Pizza;6
11/02/2015;The Prosciutto and Arugula Pizza;3
11/02/2015;The Sicilian Pizza;8
11/02/2015;The Soppressata Pizza;2
11/02/2015;The Southwest Chicken Pizza;5
11/02/2015;The Spicy Italian Pizza;3
11/02/2015;The Spinach Pesto Pizza;3
11/02/2015;The Spinach Supreme Pizza;3
11/02/2015;The Spinach and Feta Pizza;2
11/02/2015;The Thai Chicken Pizza;6
11/02/2015;The Vegetables + Vegetables Pizza;5
12/02/2015;The Barbecue Chicken Pizza;10
12/02/2015;The Big Meat Pizza;5
12/02/2015;The Brie Carre Pizza;5
12/02/2015;The Calabrese Pizza;2
12/02/2015;The California Chicken Pizza;4
12/02/2015;The Chicken Alfredo Pizza;3
12/02/2015;The Chicken Pesto Pizza;1
12/02/2015;The Classic Deluxe Pizza;8
12/02/2015;The Five Cheese Pizza;6
12/02/2015;The Four Cheese Pizza;5
12/02/2015;The Greek Pizza;6
12/02/2015;The Green Garden Pizza;2
12/02/2015;The Hawaiian Pizza;9
12/02/2015;The Italian Capocollo Pizza;4
12/02/2015;The Italian Supreme Pizza;4
12/02/2015;The Italian Vegetables Pizza;4
12/02/2015;The Mediterranean Pizza;2
12/02/2015;The Mexicana Pizza;5
12/02/2015;The Napolitana Pizza;2
12/02/2015;The Pepper Salami Pizza;2
12/02/2015;The Pepperoni Pizza;7
12/02/2015;The Pepperoni, Mushroom, and Peppers Pizza;2
12/02/2015;The Prosciutto and Arugula Pizza;4
12/02/2015;The Sicilian Pizza;7
12/02/2015;The Soppressata Pizza;3
12/02/2015;The Southwest Chicken Pizza;2
12/02/2015;The Spicy Italian Pizza;4
12/02/2015;The Spinach Pesto Pizza;3
12/02/2015;The Spinach Supreme Pizza;0
12/02/2015;The Spinach and Feta Pizza;2
12/02/2015;The Thai Chicken Pizza;4
12/02/2015;The Vegetables + Vegetables Pizza;3
13/02/2015;The Barbecue Chicken Pizza;11
13/02/2015;The Big Meat Pizza;10
13/02/2015;The Brie Carre Pizza;2
13/02/2015;The Calabrese Pizza;3
13/02/2015;The California Chicken Pizza;11
13/02/2015;The Chicken Alfredo Pizza;4
13/02/2015;The Chicken Pesto Pizza;4
13/02/2015;The Classic Deluxe Pizza;4
13/02/2015;The Five Cheese Pizza;2
13/02/2015;The Four Cheese Pizza;5
13/02/2015;The Greek Pizza;5
13/02/2015;The Green Garden Pizza;4
13/02/2015;The Hawaiian Pizza;7
13/02/2015;The Italian Capocollo Pizza;6
13/02/2015;The Italian Supreme Pizza;5
13/02/2015;The Italian Vegetables Pizza;3
13/02/2015;The Mediterranean Pizza;0
13/02/2015;The Mexicana Pizza;4
13/02/2015;The Napolitana Pizza;6
13/02/2015;The Pepper Salami Pizza;3
13/02/2015;The Pepperoni Pizza;11
13/02/2015;The Pepperoni, Mushroom, and Peppers Pizza;4
13/02/2015;The Prosciutto and Arugula Pizza;6
13/02/2015;The Sicilian Pizza;8
13/02/2015;The Soppressata Pizza;4
13/02/2015;The Southwest Chicken Pizza;4
13/02/2015;The Spicy Italian Pizza;8
13/02/2015;The Spinach Pesto Pizza;1
13/02/2015;The Spinach Supreme Pizza;4
13/02/2015;The Spinach and Feta Pizza;3
13/02/2015;The Thai Chicken Pizza;8
13/02/2015;The Vegetables + Vegetables Pizza;3
14/02/2015;The Barbecue Chicken Pizza;10
14/02/2015;The Big Meat Pizza;3
14/02/2015;The Brie Carre Pizza;1
14/02/2015;The Calabrese Pizza;6
14/02/2015;The California Chicken Pizza;6
14/02/2015;The Chicken Alfredo Pizza;2
14/02/2015;The Chicken Pesto Pizza;1
14/02/2015;The Classic Deluxe Pizza;4
14/02/2015;The Five Cheese Pizza;4
14/02/2015;The Four Cheese Pizza;6
14/02/2015;The Greek Pizza;7
14/02/2015;The Green Garden Pizza;6
14/02/2015;The Hawaiian Pizza;5
14/02/2015;The Italian Capocollo Pizza;5
14/02/2015;The Italian Supreme Pizza;8
14/02/2015;The Italian Vegetables Pizza;2
14/02/2015;The Mediterranean Pizza;1
14/02/2015;The Mexicana Pizza;10
14/02/2015;The Napolitana Pizza;1
14/02/2015;The Pepper Salami Pizza;2
14/02/2015;The Pepperoni Pizza;4
14/02/2015;The Pepperoni, Mushroom, and Peppers Pizza;5
14/02/2015;The Prosciutto and Arugula Pizza;2
14/02/2015;The Sicilian Pizza;4
14/02/2015;The Soppressata Pizza;3
14/02/2015;The Southwest Chicken Pizza;8
14/02/2015;The Spicy Italian Pizza;5
14/02/2015;The Spinach Pesto Pizza;2
14/02/2015;The Spinach Supreme Pizza;4
14/02/2015;The Spinach and Feta Pizza;1
14/02/2015;The Thai Chicken Pizza;5
14/02/2015;The Vegetables + Vegetables Pizza;7
15/02/2015;The Barbecue Chicken Pizza;5
15/02/2015;The Big Meat Pizza;6
15/02/2015;The Brie Carre Pizza;1
15/02/2015;The Calabrese Pizza;3
15/02/2015;The California Chicken Pizza;6
15/02/2015;The Chicken Alfredo Pizza;4
15/02/2015;The Chicken Pesto Pizza;4
15/02/2015;The Classic Deluxe Pizza;7
15/02/2015;The Five Cheese Pizza;4
15/02/2015;The Four Cheese Pizza;4
15/02/2015;The Greek Pizza;2
15/02/2015;The Green Garden Pizza;2
15/02/2015;The Hawaiian Pizza;3
15/02/2015;The Italian Capocollo Pizza;3
15/02/2015;The Italian Supreme Pizza;5
15/02/2015;The Italian Vegetables Pizza;4
15/02/2015;The Mediterranean Pizza;3
15/02/2015;The Mexicana Pizza;2
15/02/2015;The Napolitana Pizza;4
15/02/2015;The Pepper Salami Pizza;3
15/02/2015;The Pepperoni Pizza;7
15/02/2015;The Pepperoni, Mushroom, and Peppers Pizza;2
15/02/2015;The Prosciutto and Arugula Pizza;5
15/02/2015;The Sicilian Pizza;8
15/02/2015;The Soppressata Pizza;0
15/02/2015;The Southwest Chicken Pizza;9
15/02/2015;The Spicy Italian Pizza;2
15/02/2015;The Spinach Pesto Pizza;2
15/02/2015;The Spinach Supreme Pizza;0
15/02/2015;The Spinach and Feta Pizza;5
15/02/2015;The Thai Chicken Pizza;7
15/02/2015;The Vegetables + Vegetables Pizza;6
16/02/2015;The Barbecue Chicken Pizza;2
16/02/2015;The Big Meat Pizza;4
16/02/2015;The Brie Carre Pizza;0
16/02/2015;The Calabrese Pizza;1
16/02/2015;The California Chicken Pizza;3
16/02/2015;The Chicken Alfredo Pizza;5
16/02/2015;The Chicken Pesto Pizza;2
16/02/2015;The Classic Deluxe Pizza;4
16/02/2015;The Five Cheese Pizza;4
16/02/2015;The Four Cheese Pizza;4
16/02/2015;The Greek Pizza;3
16/02/2015;The Green Garden Pizza;2
16/02/2015;The Hawaiian Pizza;11
16/02/2015;The Italian Capocollo Pizza;4
16/02/2015;The Italian Supreme Pizza;5
16/02/2015;The Italian Vegetables Pizza;1
16/02/2015;The Mediterranean Pizza;5
16/02/2015;The Mexicana Pizza;1
16/02/2015;The Napolitana Pizza;8
16/02/2015;The Pepper Salami Pizza;1
16/02/2015;The Pepperoni Pizza;6
16/02/2015;The Pepperoni, Mushroom, and Peppers Pizza;4
16/02/2015;The Prosciutto and Arugula Pizza;5
16/02/2015;The Sicilian Pizza;4
16/02/2015;The Soppressata Pizza;3
16/02/2015;The Southwest Chicken Pizza;5
16/02/2015;The Spicy Italian Pizza;2
16/02/2015;The Spinach Pesto Pizza;1
16/02/2015;The Spinach Supreme Pizza;1
16/02/2015;The Spinach and Feta Pizza;3
16/02/2015;The Thai Chicken Pizza;11
16/02/2015;The Vegetables + Vegetables Pizza;4
17/02/2015;The Barbecue Chicken Pizza;8
17/02/2015;The Big Meat Pizza;3
17/02/2015;The Brie Carre Pizza;0
17/02/2015;The Calabrese Pizza;2
17/02/2015;The California Chicken Pizza;5
17/02/2015;The Chicken Alfredo Pizza;3
17/02/2015;The Chicken Pesto Pizza;5
17/02/2015;The Classic Deluxe Pizza;10
17/02/2015;The Five Cheese Pizza;1
17/02/2015;The Four Cheese Pizza;2
17/02/2015;The Greek Pizza;3
17/02/2015;The Green Garden Pizza;3
17/02/2015;The Hawaiian Pizza;9
17/02/2015;The Italian Capocollo Pizza;6
17/02/2015;The Italian Supreme Pizza;6
17/02/2015;The Italian Vegetables Pizza;1
17/02/2015;The Mediterranean Pizza;0
17/02/2015;The Mexicana Pizza;3
17/02/2015;The Napolitana Pizza;3
17/02/2015;The Pepper Salami Pizza;6
17/02/2015;The Pepperoni Pizza;6
17/02/2015;The Pepperoni, Mushroom, and Peppers Pizza;1
17/02/2015;The Prosciutto and Arugula Pizza;4
17/02/2015;The Sicilian Pizza;6
17/02/2015;The Soppressata Pizza;3
17/02/2015;The Southwest Chicken Pizza;8
17/02/2015;The Spicy Italian Pizza;3
17/02/2015;The Spinach Pesto Pizza;4
17/02/2015;The Spinach Supreme Pizza;2
17/02/2015;The Spinach and Feta Pizza;2
17/02/2015;The Thai Chicken Pizza;6
17/02/2015;The Vegetables + Vegetables Pizza;5
18/02/2015;The Barbecue Chicken Pizza;5
18/02/2015;The Big Meat Pizza;4
18/02/2015;The Brie Carre Pizza;3
18/02/2015;The Calabrese Pizza;1
18/02/2015;The California Chicken Pizza;10
18/02/2015;The Chicken Alfredo Pizza;1
18/02/2015;The Chicken Pesto Pizza;4
18/02/2015;The Classic Deluxe Pizza;8
18/02/2015;The Five Cheese Pizza;3
18/02/2015;The Four Cheese Pizza;6
18/02/2015;The Greek Pizza;4
18/02/2015;The Green Garden Pizza;4
18/02/2015;The Hawaiian Pizza;11
18/02/2015;The Italian Capocollo Pizza;3
18/02/2015;The Italian Supreme Pizza;5
18/02/2015;The Italian Vegetables Pizza;1
18/02/2015;The Mediterranean Pizza;3
18/02/2015;The Mexicana Pizza;6
18/02/2015;The Napolitana Pizza;3
18/02/2015;The Pepper Salami Pizza;4
18/02/2015;The Pepperoni Pizza;6
18/02/2015;The Pepperoni, Mushroom, and Peppers Pizza;8
18/02/2015;The Prosciutto and Arugula Pizza;10
18/02/2015;The Sicilian Pizza;6
18/02/2015;The Soppressata Pizza;5
18/02/2015;The Southwest Chicken Pizza;7
18/02/2015;The Spicy Italian Pizza;5
18/02/2015;The Spinach Pesto Pizza;2
18/02/2015;The Spinach Supreme Pizza;3
18/02/2015;The Spinach and Feta Pizza;6
18/02/2015;The Thai Chicken Pizza;11
18/02/2015;The Vegetables + Vegetables Pizza;5
19/02/2015;The Barbecue Chicken Pizza;7
19/02/2015;The Big Meat Pizza;6
19/02/2015;The Brie Carre Pizza;1
19/02/2015;The Calabrese Pizza;4
19/02/2015;The California Chicken Pizza;6
19/02/2015;The Chicken Alfredo Pizza;0
19/02/2015;The Chicken Pesto Pizza;4
19/02/2015;The Classic Deluxe Pizza;5
19/02/2015;The Five Cheese Pizza;4
19/02/2015;The Four Cheese Pizza;4
19/02/2015;The Greek Pizza;2
19/02/2015;The Green Garden Pizza;3
19/02/2015;The Hawaiian Pizza;7
19/02/2015;The Italian Capocollo Pizza;0
19/02/2015;The Italian Supreme Pizza;7
19/02/2015;The Italian Vegetables Pizza;4
19/02/2015;The Mediterranean Pizza;2
19/02/2015;The Mexicana Pizza;6
19/02/2015;The Napolitana Pizza;2
19/02/2015;The Pepper Salami Pizza;6
19/02/2015;The Pepperoni Pizza;5
19/02/2015;The Pepperoni, Mushroom, and Peppers Pizza;3
19/02/2015;The Prosciutto and Arugula Pizza;2
19/02/2015;The Sicilian Pizza;3
19/02/2015;The Soppressata Pizza;2
19/02/2015;The Southwest Chicken Pizza;5
19/02/2015;The Spicy Italian Pizza;4
19/02/2015;The Spinach Pesto Pizza;6
19/02/2015;The Spinach Supreme Pizza;1
19/02/2015;The Spinach and Feta Pizza;4
19/02/2015;The Thai Chicken Pizza;3
19/02/2015;The Vegetables + Vegetables Pizza;5
20/02/2015;The Barbecue Chicken Pizza;8
20/02/2015;The Big Meat Pizza;5
20/02/2015;The Brie Carre Pizza;2
20/02/2015;The Calabrese Pizza;6
20/02/2015;The California Chicken Pizza;17
20/02/2015;The Chicken Alfredo Pizza;2
20/02/2015;The Chicken Pesto Pizza;9
20/02/2015;The Classic Deluxe Pizza;7
20/02/2015;The Five Cheese Pizza;3
20/02/2015;The Four Cheese Pizza;5
20/02/2015;The Greek Pizza;5
20/02/2015;The Green Garden Pizza;3
20/02/2015;The Hawaiian Pizza;6
20/02/2015;The Italian Capocollo Pizza;3
20/02/2015;The Italian Supreme Pizza;7
20/02/2015;The Italian Vegetables Pizza;2
20/02/2015;The Mediterranean Pizza;6
20/02/2015;The Mexicana Pizza;7
20/02/2015;The Napolitana Pizza;5
20/02/2015;The Pepper Salami Pizza;4
20/02/2015;The Pepperoni Pizza;13
20/02/2015;The Pepperoni, Mushroom, and Peppers Pizza;2
20/02/2015;The Prosciutto and Arugula Pizza;9
20/02/2015;The Sicilian Pizza;3
20/02/2015;The Soppressata Pizza;2
20/02/2015;The Southwest Chicken Pizza;4
20/02/2015;The Spicy Italian Pizza;5
20/02/2015;The Spinach Pesto Pizza;4
20/02/2015;The Spinach Supreme Pizza;6
20/02/2015;The Spinach and Feta Pizza;3
20/02/2015;The Thai Chicken Pizza;6
20/02/2015;The Vegetables + Vegetables Pizza;6
21/02/2015;The Barbecue Chicken Pizza;9
21/02/2015;The Big Meat Pizza;8
21/02/2015;The Brie Carre Pizza;3
21/02/2015;The Calabrese Pizza;5
21/02/2015;The California Chicken Pizza;5
21/02/2015;The Chicken Alfredo Pizza;1
21/02/2015;The Chicken Pesto Pizza;1
21/02/2015;The Classic Deluxe Pizza;6
21/02/2015;The Five Cheese Pizza;4
21/02/2015;The Four Cheese Pizza;11
21/02/2015;The Greek Pizza;3
21/02/2015;The Green Garden Pizza;5
21/02/2015;The Hawaiian Pizza;5
21/02/2015;The Italian Capocollo Pizza;3
21/02/2015;The Italian Supreme Pizza;1
21/02/2015;The Italian Vegetables Pizza;7
21/02/2015;The Mediterranean Pizza;4
21/02/2015;The Mexicana Pizza;0
21/02/2015;The Napolitana Pizza;7
21/02/2015;The Pepper Salami Pizza;1
21/02/2015;The Pepperoni Pizza;4
21/02/2015;The Pepperoni, Mushroom, and Peppers Pizza;3
21/02/2015;The Prosciutto and Arugula Pizza;1
21/02/2015;The Sicilian Pizza;2
21/02/2015;The Soppressata Pizza;2
21/02/2015;The Southwest Chicken Pizza;6
21/02/2015;The Spicy Italian Pizza;4
21/02/2015;The Spinach Pesto Pizza;2
21/02/2015;The Spinach Supreme Pizza;0
21/02/2015;The Spinach and Feta Pizza;1
21/02/2015;The Thai Chicken Pizza;8
21/02/2015;The Vegetables + Vegetables Pizza;5
22/02/2015;The Barbecue Chicken Pizza;4
22/02/2015;The Big Meat Pizza;5
22/02/2015;The Brie Carre Pizza;0
22/02/2015;The Calabrese Pizza;1
22/02/2015;The California Chicken Pizza;7
22/02/2015;The Chicken Alfredo Pizza;2
22/02/2015;The Chicken Pesto Pizza;1
22/02/2015;The Classic Deluxe Pizza;6
22/02/2015;The Five Cheese Pizza;4
22/02/2015;The Four Cheese Pizza;1
22/02/2015;The Greek Pizza;4
22/02/2015;The Green Garden Pizza;1
22/02/2015;The Hawaiian Pizza;4
22/02/2015;The Italian Capocollo Pizza;3
22/02/2015;The Italian Supreme Pizza;0
22/02/2015;The Italian Vegetables Pizza;1
22/02/2015;The Mediterranean Pizza;0
22/02/2015;The Mexicana Pizza;1
22/02/2015;The Napolitana Pizza;0
22/02/2015;The Pepper Salami Pizza;3
22/02/2015;The Pepperoni Pizza;3
22/02/2015;The Pepperoni, Mushroom, and Peppers Pizza;7
22/02/2015;The Prosciutto and Arugula Pizza;2
22/02/2015;The Sicilian Pizza;9
22/02/2015;The Soppressata Pizza;1
22/02/2015;The Southwest Chicken Pizza;3
22/02/2015;The Spicy Italian Pizza;5
22/02/2015;The Spinach Pesto Pizza;4
22/02/2015;The Spinach Supreme Pizza;2
22/02/2015;The Spinach and Feta Pizza;4
22/02/2015;The Thai Chicken Pizza;6
22/02/2015;The Vegetables + Vegetables Pizza;3
23/02/2015;The Barbecue Chicken Pizza;5
23/02/2015;The Big Meat Pizza;3
23/02/2015;The Brie Carre Pizza;1
23/02/2015;The Calabrese Pizza;3
23/02/2015;The California Chicken Pizza;10
23/02/2015;The Chicken Alfredo Pizza;3
23/02/2015;The Chicken Pesto Pizza;4
23/02/2015;The Classic Deluxe Pizza;9
23/02/2015;The Five Cheese Pizza;2
23/02/2015;The Four Cheese Pizza;3
23/02/2015;The Greek Pizza;3
23/02/2015;The Green Garden Pizza;3
23/02/2015;The Hawaiian Pizza;6
23/02/2015;The Italian Capocollo Pizza;5
23/02/2015;The Italian Supreme Pizza;5
23/02/2015;The Italian Vegetables Pizza;4
23/02/2015;The Mediterranean Pizza;1
23/02/2015;The Mexicana Pizza;3
23/02/2015;The Napolitana Pizza;6
23/02/2015;The Pepper Salami Pizza;1
23/02/2015;The Pepperoni Pizza;6
23/02/2015;The Pepperoni, Mushroom, and Peppers Pizza;4
23/02/2015;The Prosciutto and Arugula Pizza;5
23/02/2015;The Sicilian Pizza;1
23/02/2015;The Soppressata Pizza;3
23/02/2015;The Southwest Chicken Pizza;3
23/02/2015;The Spicy Italian Pizza;5
23/02/2015;The Spinach Pesto Pizza;1
23/02/2015;The Spinach Supreme Pizza;5
23/02/2015;The Spinach and Feta Pizza;3
23/02/2015;The Thai Chicken Pizza;4
23/02/2015;The Vegetables + Vegetables Pizza;8
24/02/2015;The Barbecue Chicken Pizza;7
24/02/2015;The Big Meat Pizza;2
24/02/2015;The Brie Carre Pizza;3
24/02/2015;The Calabrese Pizza;6
24/02/2015;The California Chicken Pizza;6
24/02/2015;The Chicken Alfredo Pizza;1
24/02/2015;The Chicken Pesto Pizza;1
24/02/2015;The Classic Deluxe Pizza;5
24/02/2015;The Five Cheese Pizza;9
24/02/2015;The Four Cheese Pizza;4
24/02/2015;The Greek Pizza;2
24/02/2015;The Green Garden Pizza;3
24/02/2015;The Hawaiian Pizza;9
24/02/2015;The Italian Capocollo Pizza;3
24/02/2015;The Italian Supreme Pizza;5
24/02/2015;The Italian Vegetables Pizza;1
24/02/2015;The Mediterranean Pizza;0
24/02/2015;The Mexicana Pizza;3
24/02/2015;The Napolitana Pizza;4
24/02/2015;The Pepper Salami Pizza;7
24/02/2015;The Pepperoni Pizza;11
24/02/2015;The Pepperoni, Mushroom, and Peppers Pizza;3
24/02/2015;The Prosciutto and Arugula Pizza;3
24/02/2015;The Sicilian Pizza;4
24/02/2015;The Soppressata Pizza;3
24/02/2015;The Southwest Chicken Pizza;6
24/02/2015;The Spicy Italian Pizza;5
24/02/2015;The Spinach Pesto Pizza;3
24/02/2015;The Spinach Supreme Pizza;5
24/02/2015;The Spinach and Feta Pizza;1
24/02/2015;The Thai Chicken Pizza;6
24/02/2015;The Vegetables + Vegetables Pizza;3
25/02/2015;The Barbecue Chicken Pizza;5
25/02/2015;The Big Meat Pizza;10
25/02/2015;The Brie Carre Pizza;0
25/02/2015;The Calabrese Pizza;2
25/02/2015;The California Chicken Pizza;4
25/02/2015;The Chicken Alfredo Pizza;4
25/02/2015;The Chicken Pesto Pizza;5
25/02/2015;The Classic Deluxe Pizza;6
25/02/2015;The Five Cheese Pizza;4
25/02/2015;The Four Cheese Pizza;12
25/02/2015;The Greek Pizza;3
25/02/2015;The Green Garden Pizza;3
25/02/2015;The Hawaiian Pizza;3
25/02/2015;The Italian Capocollo Pizza;4
25/02/2015;The Italian Supreme Pizza;3
25/02/2015;The Italian Vegetables Pizza;4
25/02/2015;The Mediterranean Pizza;0
25/02/2015;The Mexicana Pizza;3
25/02/2015;The Napolitana Pizza;6
25/02/2015;The Pepper Salami Pizza;4
25/02/2015;The Pepperoni Pizza;4
25/02/2015;The Pepperoni, Mushroom, and Peppers Pizza;6
25/02/2015;The Prosciutto and Arugula Pizza;2
25/02/2015;The Sicilian Pizza;9
25/02/2015;The Soppressata Pizza;6
25/02/2015;The Southwest Chicken Pizza;6
25/02/2015;The Spicy Italian Pizza;3
25/02/2015;The Spinach Pesto Pizza;2
25/02/2015;The Spinach Supreme Pizza;2
25/02/2015;The Spinach and Feta Pizza;7
25/02/2015;The Thai Chicken Pizza;6
25/02/2015;The Vegetables + Vegetables Pizza;6
26/02/2015;The Barbecue Chicken Pizza;3
26/02/2015;The Big Meat Pizza;5
26/02/2015;The Brie Carre Pizza;0
26/02/2015;The Calabrese Pizza;1
26/02/2015;The California Chicken Pizza;6
26/02/2015;The Chicken Alfredo Pizza;2
26/02/2015;The Chicken Pesto Pizza;5
26/02/2015;The Classic Deluxe Pizza;4
26/02/2015;The Five Cheese Pizza;3
26/02/2015;The Four Cheese Pizza;4
26/02/2015;The Greek Pizza;4
26/02/2015;The Green Garden Pizza;0
26/02/2015;The Hawaiian Pizza;12
26/02/2015;The Italian Capocollo Pizza;5
26/02/2015;The Italian Supreme Pizza;2
26/02/2015;The Italian Vegetables Pizza;6
26/02/2015;The Mediterranean Pizza;4
26/02/2015;The Mexicana Pizza;6
26/02/2015;The Napolitana Pizza;4
26/02/2015;The Pepper Salami Pizza;7
26/02/2015;The Pepperoni Pizza;10
26/02/2015;The Pepperoni, Mushroom, and Peppers Pizza;5
26/02/2015;The Prosciutto and Arugula Pizza;5
26/02/2015;The Sicilian Pizza;8
26/02/2015;The Soppressata Pizza;4
26/02/2015;The Southwest Chicken Pizza;2
26/02/2015;The Spicy Italian Pizza;1
26/02/2015;The Spinach Pesto Pizza;1
26/02/2015;The Spinach Supreme Pizza;4
26/02/2015;The Spinach and Feta Pizza;6
26/02/2015;The Thai Chicken Pizza;8
26/02/2015;The Vegetables + Vegetables Pizza;3
27/02/2015;The Barbecue Chicken Pizza;7
27/02/2015;The Big Meat Pizza;6
27/02/2015;The Brie Carre Pizza;0
27/02/2015;The Calabrese Pizza;3
27/02/2015;The California Chicken Pizza;12
27/02/2015;The Chicken Alfredo Pizza;3
27/02/2015;The Chicken Pesto Pizza;1
27/02/2015;The Classic Deluxe Pizza;6
27/02/2015;The Five Cheese Pizza;2
27/02/2015;The Four Cheese Pizza;9
27/02/2015;The Greek Pizza;3
27/02/2015;The Green Garden Pizza;6
27/02/2015;The Hawaiian Pizza;5
27/02/2015;The Italian Capocollo Pizza;5
27/02/2015;The Italian Supreme Pizza;4
27/02/2015;The Italian Vegetables Pizza;4
27/02/2015;The Mediterranean Pizza;7
27/02/2015;The Mexicana Pizza;0
27/02/2015;The Napolitana Pizza;5
27/02/2015;The Pepper Salami Pizza;11
27/02/2015;The Pepperoni Pizza;14
27/02/2015;The Pepperoni, Mushroom, and Peppers Pizza;6
27/02/2015;The Prosciutto and Arugula Pizza;5
27/02/2015;The Sicilian Pizza;7
27/02/2015;The Soppressata Pizza;2
27/02/2015;The Southwest Chicken Pizza;7
27/02/2015;The Spicy Italian Pizza;8
27/02/2015;The Spinach Pesto Pizza;5
27/02/2015;The Spinach Supreme Pizza;6
27/02/2015;The Spinach and Feta Pizza;2
27/02/2015;The Thai Chicken Pizza;7
27/02/2015;The Vegetables + Vegetables Pizza;5
28/02/2015;The Barbecue Chicken Pizza;8
28/02/2015;The Big Meat Pizza;7
28/02/2015;The Brie Carre Pizza;1
28/02/2015;The Calabrese Pizza;2
28/02/2015;The California Chicken Pizza;7
28/02/2015;The Chicken Alfredo Pizza;2
28/02/2015;The Chicken Pesto Pizza;4
28/02/2015;The Classic Deluxe Pizza;4
28/02/2015;The Five Cheese Pizza;7
28/02/2015;The Four Cheese Pizza;7
28/02/2015;The Greek Pizza;5
28/02/2015;The Green Garden Pizza;8
28/02/2015;The Hawaiian Pizza;9
28/02/2015;The Italian Capocollo Pizza;3
28/02/2015;The Italian Supreme Pizza;5
28/02/2015;The Italian Vegetables Pizza;1
28/02/2015;The Mediterranean Pizza;7
28/02/2015;The Mexicana Pizza;4
28/02/2015;The Napolitana Pizza;4
28/02/2015;The Pepper Salami Pizza;3
28/02/2015;The Pepperoni Pizza;3
28/02/2015;The Pepperoni, Mushroom, and Peppers Pizza;7
28/02/2015;The Prosciutto and Arugula Pizza;2
28/02/2015;The Sicilian Pizza;5
28/02/2015;The Soppressata Pizza;3
28/02/2015;The Southwest Chicken Pizza;6
28/02/2015;The Spicy Italian Pizza;9
28/02/2015;The Spinach Pesto Pizza;1
28/02/2015;The Spinach Supreme Pizza;6
28/02/2015;The Spinach and Feta Pizza;4
28/02/2015;The Thai Chicken Pizza;3
28/02/2015;The Vegetables + Vegetables Pizza;7
01/03/2015;The Barbecue Chicken Pizza;2
01/03/2015;The Big Meat Pizza;3
01/03/2015;The Brie Carre Pizza;1
01/03/2015;The Calabrese Pizza;1
01/03/2015;The California Chicken Pizza;6
01/03/2015;The Chicken Alfredo Pizza;0
01/03/2015;The Chicken Pesto Pizza;1
01/03/2015;The Classic Deluxe Pizza;4
01/03/2015;The Five Cheese Pizza;5
01/03/2015;The Four Cheese Pizza;4
01/03/2015;The Greek Pizza;3
01/03/2015;The Green Garden Pizza;3
01/03/2015;The Hawaiian Pizza;6
01/03/2015;The Italian Capocollo Pizza;3
01/03/2015;The Italian Supreme Pizza;4
01/03/2015;The Italian Vegetables Pizza;1
01/03/2015;The Mediterranean Pizza;3
01/03/2015;The Mexicana Pizza;1
01/03/2015;The Napolitana Pizza;1
01/03/2015;The Pepper Salami Pizza;3
01/03/2015;The Pepperoni Pizza;8
01/03/2015;The Pepperoni, Mushroom, and Peppers Pizza;2
01/03/2015;The Prosciutto and Arugula Pizza;1
01/03/2015;The Sicilian Pizza;2
01/03/2015;The Soppressata Pizza;0
01/03/2015;The Southwest Chicken Pizza;9
01/03/2015;The Spicy Italian Pizza;4
01/03/2015;The Spinach Pesto Pizza;3
01/03/2015;The Spinach Supreme Pizza;0
01/03/2015;The Spinach and Feta Pizza;5
01/03/2015;The Thai Chicken Pizza;4
01/03/2015;The Vegetables + Vegetables Pizza;6
02/03/2015;The Barbecue Chicken Pizza;9
02/03/2015;The Big Meat Pizza;5
02/03/2015;The Brie Carre Pizza;1
02/03/2015;The Calabrese Pizza;3
02/03/2015;The California Chicken Pizza;7
02/03/2015;The Chicken Alfredo Pizza;2
02/03/2015;The Chicken Pesto Pizza;2
02/03/2015;The Classic Deluxe Pizza;7
02/03/2015;The Five Cheese Pizza;2
02/03/2015;The Four Cheese Pizza;2
02/03/2015;The Greek Pizza;3
02/03/2015;The Green Garden Pizza;3
02/03/2015;The Hawaiian Pizza;7
02/03/2015;The Italian Capocollo Pizza;3
02/03/2015;The Italian Supreme Pizza;3
02/03/2015;The Italian Vegetables Pizza;3
02/03/2015;The Mediterranean Pizza;2
02/03/2015;The Mexicana Pizza;5
02/03/2015;The Napolitana Pizza;3
02/03/2015;The Pepper Salami Pizza;4
02/03/2015;The Pepperoni Pizza;4
02/03/2015;The Pepperoni, Mushroom, and Peppers Pizza;6
02/03/2015;The Prosciutto and Arugula Pizza;5
02/03/2015;The Sicilian Pizza;4
02/03/2015;The Soppressata Pizza;2
02/03/2015;The Southwest Chicken Pizza;11
02/03/2015;The Spicy Italian Pizza;9
02/03/2015;The Spinach Pesto Pizza;3
02/03/2015;The Spinach Supreme Pizza;4
02/03/2015;The Spinach and Feta Pizza;5
02/03/2015;The Thai Chicken Pizza;5
02/03/2015;The Vegetables + Vegetables Pizza;5
03/03/2015;The Barbecue Chicken Pizza;6
03/03/2015;The Big Meat Pizza;5
03/03/2015;The Brie Carre Pizza;3
03/03/2015;The Calabrese Pizza;1
03/03/2015;The California Chicken Pizza;8
03/03/2015;The Chicken Alfredo Pizza;6
03/03/2015;The Chicken Pesto Pizza;1
03/03/2015;The Classic Deluxe Pizza;7
03/03/2015;The Five Cheese Pizza;6
03/03/2015;The Four Cheese Pizza;3
03/03/2015;The Greek Pizza;1
03/03/2015;The Green Garden Pizza;2
03/03/2015;The Hawaiian Pizza;11
03/03/2015;The Italian Capocollo Pizza;6
03/03/2015;The Italian Supreme Pizza;1
03/03/2015;The Italian Vegetables Pizza;3
03/03/2015;The Mediterranean Pizza;2
03/03/2015;The Mexicana Pizza;6
03/03/2015;The Napolitana Pizza;4
03/03/2015;The Pepper Salami Pizza;6
03/03/2015;The Pepperoni Pizza;4
03/03/2015;The Pepperoni, Mushroom, and Peppers Pizza;2
03/03/2015;The Prosciutto and Arugula Pizza;5
03/03/2015;The Sicilian Pizza;7
03/03/2015;The Soppressata Pizza;3
03/03/2015;The Southwest Chicken Pizza;4
03/03/2015;The Spicy Italian Pizza;3
03/03/2015;The Spinach Pesto Pizza;4
03/03/2015;The Spinach Supreme Pizza;3
03/03/2015;The Spinach and Feta Pizza;5
03/03/2015;The Thai Chicken Pizza;5
03/03/2015;The Vegetables + Vegetables Pizza;4
04/03/2015;The Barbecue Chicken Pizza;11
04/03/2015;The Big Meat Pizza;5
04/03/2015;The Brie Carre Pizza;1
04/03/2015;The Calabrese Pizza;4
04/03/2015;The California Chicken Pizza;10
04/03/2015;The Chicken Alfredo Pizza;6
04/03/2015;The Chicken Pesto Pizza;2
04/03/2015;The Classic Deluxe Pizza;9
04/03/2015;The Five Cheese Pizza;2
04/03/2015;The Four Cheese Pizza;4
04/03/2015;The Greek Pizza;2
04/03/2015;The Green Garden Pizza;2
04/03/2015;The Hawaiian Pizza;8
04/03/2015;The Italian Capocollo Pizza;7
04/03/2015;The Italian Supreme Pizza;5
04/03/2015;The Italian Vegetables Pizza;4
04/03/2015;The Mediterranean Pizza;5
04/03/2015;The Mexicana Pizza;4
04/03/2015;The Napolitana Pizza;8
04/03/2015;The Pepper Salami Pizza;5
04/03/2015;The Pepperoni Pizza;3
04/03/2015;The Pepperoni, Mushroom, and Peppers Pizza;5
04/03/2015;The Prosciutto and Arugula Pizza;6
04/03/2015;The Sicilian Pizza;5
04/03/2015;The Soppressata Pizza;0
04/03/2015;The Southwest Chicken Pizza;6
04/03/2015;The Spicy Italian Pizza;1
04/03/2015;The Spinach Pesto Pizza;0
04/03/2015;The Spinach Supreme Pizza;2
04/03/2015;The Spinach and Feta Pizza;3
04/03/2015;The Thai Chicken Pizza;9
04/03/2015;The Vegetables + Vegetables Pizza;3
05/03/2015;The Barbecue Chicken Pizza;5
05/03/2015;The Big Meat Pizza;3
05/03/2015;The Brie Carre Pizza;0
05/03/2015;The Calabrese Pizza;2
05/03/2015;The California Chicken Pizza;9
05/03/2015;The Chicken Alfredo Pizza;1
05/03/2015;The Chicken Pesto Pizza;0
05/03/2015;The Classic Deluxe Pizza;7
05/03/2015;The Five Cheese Pizza;5
05/03/2015;The Four Cheese Pizza;8
05/03/2015;The Greek Pizza;4
05/03/2015;The Green Garden Pizza;1
05/03/2015;The Hawaiian Pizza;11
05/03/2015;The Italian Capocollo Pizza;5
05/03/2015;The Italian Supreme Pizza;5
05/03/2015;The Italian Vegetables Pizza;2
05/03/2015;The Mediterranean Pizza;2
05/03/2015;The Mexicana Pizza;4
05/03/2015;The Napolitana Pizza;3
05/03/2015;The Pepper Salami Pizza;4
05/03/2015;The Pepperoni Pizza;5
05/03/2015;The Pepperoni, Mushroom, and Peppers Pizza;7
05/03/2015;The Prosciutto and Arugula Pizza;7
05/03/2015;The Sicilian Pizza;3
05/03/2015;The Soppressata Pizza;4
05/03/2015;The Southwest Chicken Pizza;7
05/03/2015;The Spicy Italian Pizza;7
05/03/2015;The Spinach Pesto Pizza;2
05/03/2015;The Spinach Supreme Pizza;3
05/03/2015;The Spinach and Feta Pizza;1
05/03/2015;The Thai Chicken Pizza;8
05/03/2015;The Vegetables + Vegetables Pizza;7
06/03/2015;The Barbecue Chicken Pizza;8
06/03/2015;The Big Meat Pizza;5
06/03/2015;The Brie Carre Pizza;4
06/03/2015;The Calabrese Pizza;2
06/03/2015;The California Chicken Pizza;5
06/03/2015;The Chicken Alfredo Pizza;5
06/03/2015;The Chicken Pesto Pizza;2
06/03/2015;The Classic Deluxe Pizza;8
06/03/2015;The Five Cheese Pizza;7
06/03/2015;The Four Cheese Pizza;3
06/03/2015;The Greek Pizza;2
06/03/2015;The Green Garden Pizza;3
06/03/2015;The Hawaiian Pizza;10
06/03/2015;The Italian Capocollo Pizza;2
06/03/2015;The Italian Supreme Pizza;7
06/03/2015;The Italian Vegetables Pizza;4
06/03/2015;The Mediterranean Pizza;2
06/03/2015;The Mexicana Pizza;4
06/03/2015;The Napolitana Pizza;2
06/03/2015;The Pepper Salami Pizza;2
06/03/2015;The Pepperoni Pizza;10
06/03/2015;The Pepperoni, Mushroom, and Peppers Pizza;3
06/03/2015;The Prosciutto and Arugula Pizza;9
06/03/2015;The Sicilian Pizza;4
06/03/2015;The Soppressata Pizza;4
06/03/2015;The Southwest Chicken Pizza;5
06/03/2015;The Spicy Italian Pizza;7
06/03/2015;The Spinach Pesto Pizza;5
06/03/2015;The Spinach Supreme Pizza;2
06/03/2015;The Spinach and Feta Pizza;4
06/03/2015;The Thai Chicken Pizza;5
06/03/2015;The Vegetables + Vegetables Pizza;7
07/03/2015;The Barbecue Chicken Pizza;12
07/03/2015;The Big Meat Pizza;8
07/03/2015;The Brie Carre Pizza;1
07/03/2015;The Calabrese Pizza;2
07/03/2015;The California Chicken Pizza;5
07/03/2015;The Chicken Alfredo Pizza;4
07/03/2015;The Chicken Pesto Pizza;2
07/03/2015;The Classic Deluxe Pizza;5
07/03/2015;The Five Cheese Pizza;2
07/03/2015;The Four Cheese Pizza;4
07/03/2015;The Greek Pizza;3
07/03/2015;The Green Garden Pizza;6
07/03/2015;The Hawaiian Pizza;6
07/03/2015;The Italian Capocollo Pizza;4
07/03/2015;The Italian Supreme Pizza;7
07/03/2015;The Italian Vegetables Pizza;4
07/03/2015;The Mediterranean Pizza;0
07/03/2015;The Mexicana Pizza;4
07/03/2015;The Napolitana Pizza;4
07/03/2015;The Pepper Salami Pizza;5
07/03/2015;The Pepperoni Pizza;3
07/03/2015;The Pepperoni, Mushroom, and Peppers Pizza;7
07/03/2015;The Prosciutto and Arugula Pizza;4
07/03/2015;The Sicilian Pizza;8
07/03/2015;The Soppressata Pizza;4
07/03/2015;The Southwest Chicken Pizza;3
07/03/2015;The Spicy Italian Pizza;3
07/03/2015;The Spinach Pesto Pizza;6
07/03/2015;The Spinach Supreme Pizza;3
07/03/2015;The Spinach and Feta Pizza;7
07/03/2015;The Thai Chicken Pizza;5
07/03/2015;The Vegetables + Vegetables Pizza;3
08/03/2015;The Barbecue Chicken Pizza;12
08/03/2015;The Big Meat Pizza;8
08/03/2015;The Brie Carre Pizza;1
08/03/2015;The Calabrese Pizza;2
08/03/2015;The California Chicken Pizza;3
08/03/2015;The Chicken Alfredo Pizza;5
08/03/2015;The Chicken Pesto Pizza;4
08/03/2015;The Classic Deluxe Pizza;7
08/03/2015;The Five Cheese Pizza;2
08/03/2015;The Four Cheese Pizza;5
08/03/2015;The Greek Pizza;0
08/03/2015;The Green Garden Pizza;3
08/03/2015;The Hawaiian Pizza;10
08/03/2015;The Italian Capocollo Pizza;2
08/03/2015;The Italian Supreme Pizza;5
08/03/2015;The Italian Vegetables Pizza;4
08/03/2015;The Mediterranean Pizza;3
08/03/2015;The Mexicana Pizza;4
08/03/2015;The Napolitana Pizza;2
08/03/2015;The Pepper Salami Pizza;3
08/03/2015;The Pepperoni Pizza;8
08/03/2015;The Pepperoni, Mushroom, and Peppers Pizza;1
08/03/2015;The Prosciutto and Arugula Pizza;5
08/03/2015;The Sicilian Pizza;4
08/03/2015;The Soppressata Pizza;2
08/03/2015;The Southwest Chicken Pizza;6
08/03/2015;The Spicy Italian Pizza;6
08/03/2015;The Spinach Pesto Pizza;1
08/03/2015;The Spinach Supreme Pizza;2
08/03/2015;The Spinach and Feta Pizza;2
08/03/2015;The Thai Chicken Pizza;9
08/03/2015;The Vegetables + Vegetables Pizza;4
09/03/2015;The Barbecue Chicken Pizza;10
09/03/2015;The Big Meat Pizza;5
09/03/2015;The Brie Carre Pizza;2
09/03/2015;The Calabrese Pizza;2
09/03/2015;The California Chicken Pizza;7
09/03/2015;The Chicken Alfredo Pizza;4
09/03/2015;The Chicken Pesto Pizza;5
09/03/2015;The Classic Deluxe Pizza;9
09/03/2015;The Five Cheese Pizza;7
09/03/2015;The Four Cheese Pizza;6
09/03/2015;The Greek Pizza;5
09/03/2015;The Green Garden Pizza;4
09/03/2015;The Hawaiian Pizza;6
09/03/2015;The Italian Capocollo Pizza;4
09/03/2015;The Italian Supreme Pizza;5
09/03/2015;The Italian Vegetables Pizza;1
09/03/2015;The Mediterranean Pizza;3
09/03/2015;The Mexicana Pizza;4
09/03/2015;The Napolitana Pizza;2
09/03/2015;The Pepper Salami Pizza;3
09/03/2015;The Pepperoni Pizza;5
09/03/2015;The Pepperoni, Mushroom, and Peppers Pizza;2
09/03/2015;The Prosciutto and Arugula Pizza;4
09/03/2015;The Sicilian Pizza;2
09/03/2015;The Soppressata Pizza;3
09/03/2015;The Southwest Chicken Pizza;8
09/03/2015;The Spicy Italian Pizza;4
09/03/2015;The Spinach Pesto Pizza;2
09/03/2015;The Spinach Supreme Pizza;3
09/03/2015;The Spinach and Feta Pizza;3
09/03/2015;The Thai Chicken Pizza;6
09/03/2015;The Vegetables + Vegetables Pizza;2
10/03/2015;The Barbecue Chicken Pizza;6
10/03/2015;The Big Meat Pizza;8
10/03/2015;The Brie Carre Pizza;2
10/03/2015;The Calabrese Pizza;0
10/03/2015;The California Chicken Pizza;5
10/03/2015;The Chicken Alfredo Pizza;2
10/03/2015;The Chicken Pesto Pizza;6
10/03/2015;The Classic Deluxe Pizza;9
10/03/2015;The Five Cheese Pizza;3
10/03/2015;The Four Cheese Pizza;11
10/03/2015;The Greek Pizza;2
10/03/2015;The Green Garden Pizza;4
10/03/2015;The Hawaiian Pizza;10
10/03/2015;The Italian Capocollo Pizza;6
10/03/2015;The Italian Supreme Pizza;4
10/03/2015;The Italian Vegetables Pizza;3
10/03/2015;The Mediterranean Pizza;2
10/03/2015;The Mexicana Pizza;6
10/03/2015;The Napolitana Pizza;2
10/03/2015;The Pepper Salami Pizza;2
10/03/2015;The Pepperoni Pizza;5
10/03/2015;The Pepperoni, Mushroom, and Peppers Pizza;4
10/03/2015;The Prosciutto and Arugula Pizza;2
10/03/2015;The Sicilian Pizza;4
10/03/2015;The Soppressata Pizza;1
10/03/2015;The Southwest Chicken Pizza;5
10/03/2015;The Spicy Italian Pizza;9
10/03/2015;The Spinach Pesto Pizza;2
10/03/2015;The Spinach Supreme Pizza;1
10/03/2015;The Spinach and Feta Pizza;3
10/03/2015;The Thai Chicken Pizza;10
10/03/2015;The Vegetables + Vegetables Pizza;5
11/03/2015;The Barbecue Chicken Pizza;4
11/03/2015;The Big Meat Pizza;6
11/03/2015;The Brie Carre Pizza;2
11/03/2015;The Calabrese Pizza;3
11/03/2015;The California Chicken Pizza;8
11/03/2015;The Chicken Alfredo Pizza;3
11/03/2015;The Chicken Pesto Pizza;0
11/03/2015;The Classic Deluxe Pizza;4
11/03/2015;The Five Cheese Pizza;8
11/03/2015;The Four Cheese Pizza;6
11/03/2015;The Greek Pizza;3
11/03/2015;The Green Garden Pizza;4
11/03/2015;The Hawaiian Pizza;5
11/03/2015;The Italian Capocollo Pizza;2
11/03/2015;The Italian Supreme Pizza;2
11/03/2015;The Italian Vegetables Pizza;2
11/03/2015;The Mediterranean Pizza;4
11/03/2015;The Mexicana Pizza;6
11/03/2015;The Napolitana Pizza;3
11/03/2015;The Pepper Salami Pizza;3
11/03/2015;The Pepperoni Pizza;4
11/03/2015;The Pepperoni, Mushroom, and Peppers Pizza;2
11/03/2015;The Prosciutto and Arugula Pizza;3
11/03/2015;The Sicilian Pizza;3
11/03/2015;The Soppressata Pizza;2
11/03/2015;The Southwest Chicken Pizza;11
11/03/2015;The Spicy Italian Pizza;4
11/03/2015;The Spinach Pesto Pizza;3
11/03/2015;The Spinach Supreme Pizza;2
11/03/2015;The Spinach and Feta Pizza;5
11/03/2015;The Thai Chicken Pizza;10
11/03/2015;The Vegetables + Vegetables Pizza;7
12/03/2015;The Barbecue Chicken Pizza;8
12/03/2015;The Big Meat Pizza;2
12/03/2015;The Brie Carre Pizza;4
12/03/2015;The Calabrese Pizza;5
12/03/2015;The California Chicken Pizza;6
12/03/2015;The Chicken Alfredo Pizza;1
12/03/2015;The Chicken Pesto Pizza;2
12/03/2015;The Classic Deluxe Pizza;3
12/03/2015;The Five Cheese Pizza;4
12/03/2015;The Four Cheese Pizza;11
12/03/2015;The Greek Pizza;1
12/03/2015;The Green Garden Pizza;3
12/03/2015;The Hawaiian Pizza;3
12/03/2015;The Italian Capocollo Pizza;1
12/03/2015;The Italian Supreme Pizza;6
12/03/2015;The Italian Vegetables Pizza;2
12/03/2015;The Mediterranean Pizza;1
12/03/2015;The Mexicana Pizza;3
12/03/2015;The Napolitana Pizza;5
12/03/2015;The Pepper Salami Pizza;2
12/03/2015;The Pepperoni Pizza;3
12/03/2015;The Pepperoni, Mushroom, and Peppers Pizza;9
12/03/2015;The Prosciutto and Arugula Pizza;8
12/03/2015;The Sicilian Pizza;4
12/03/2015;The Soppressata Pizza;1
12/03/2015;The Southwest Chicken Pizza;2
12/03/2015;The Spicy Italian Pizza;2
12/03/2015;The Spinach Pesto Pizza;3
12/03/2015;The Spinach Supreme Pizza;2
12/03/2015;The Spinach and Feta Pizza;4
12/03/2015;The Thai Chicken Pizza;3
12/03/2015;The Vegetables + Vegetables Pizza;5
13/03/2015;The Barbecue Chicken Pizza;8
13/03/2015;The Big Meat Pizza;15
13/03/2015;The Brie Carre Pizza;1
13/03/2015;The Calabrese Pizza;0
13/03/2015;The California Chicken Pizza;4
13/03/2015;The Chicken Alfredo Pizza;3
13/03/2015;The Chicken Pesto Pizza;3
13/03/2015;The Classic Deluxe Pizza;10
13/03/2015;The Five Cheese Pizza;2
13/03/2015;The Four Cheese Pizza;7
13/03/2015;The Greek Pizza;7
13/03/2015;The Green Garden Pizza;3
13/03/2015;The Hawaiian Pizza;7
13/03/2015;The Italian Capocollo Pizza;9
13/03/2015;The Italian Supreme Pizza;5
13/03/2015;The Italian Vegetables Pizza;4
13/03/2015;The Mediterranean Pizza;2
13/03/2015;The Mexicana Pizza;7
13/03/2015;The Napolitana Pizza;3
13/03/2015;The Pepper Salami Pizza;2
13/03/2015;The Pepperoni Pizza;13
13/03/2015;The Pepperoni, Mushroom, and Peppers Pizza;5
13/03/2015;The Prosciutto and Arugula Pizza;3
13/03/2015;The Sicilian Pizza;9
13/03/2015;The Soppressata Pizza;2
13/03/2015;The Southwest Chicken Pizza;7
13/03/2015;The Spicy Italian Pizza;3
13/03/2015;The Spinach Pesto Pizza;5
13/03/2015;The Spinach Supreme Pizza;2
13/03/2015;The Spinach and Feta Pizza;8
13/03/2015;The Thai Chicken Pizza;13
13/03/2015;The Vegetables + Vegetables Pizza;4
14/03/2015;The Barbecue Chicken Pizza;5
14/03/2015;The Big Meat Pizza;5
14/03/2015;The Brie Carre Pizza;1
14/03/2015;The Calabrese Pizza;3
14/03/2015;The California Chicken Pizza;8
14/03/2015;The Chicken Alfredo Pizza;1
14/03/2015;The Chicken Pesto Pizza;1
14/03/2015;The Classic Deluxe Pizza;3
14/03/2015;The Five Cheese Pizza;3
14/03/2015;The Four Cheese Pizza;4
14/03/2015;The Greek Pizza;6
14/03/2015;The Green Garden Pizza;2
14/03/2015;The Hawaiian Pizza;4
14/03/2015;The Italian Capocollo Pizza;2
14/03/2015;The Italian Supreme Pizza;4
14/03/2015;The Italian Vegetables Pizza;4
14/03/2015;The Mediterranean Pizza;0
14/03/2015;The Mexicana Pizza;4
14/03/2015;The Napolitana Pizza;9
14/03/2015;The Pepper Salami Pizza;3
14/03/2015;The Pepperoni Pizza;4
14/03/2015;The Pepperoni, Mushroom, and Peppers Pizza;6
14/03/2015;The Prosciutto and Arugula Pizza;4
14/03/2015;The Sicilian Pizza;7
14/03/2015;The Soppressata Pizza;4
14/03/2015;The Southwest Chicken Pizza;1
14/03/2015;The Spicy Italian Pizza;6
14/03/2015;The Spinach Pesto Pizza;2
14/03/2015;The Spinach Supreme Pizza;3
14/03/2015;The Spinach and Feta Pizza;4
14/03/2015;The Thai Chicken Pizza;5
14/03/2015;The Vegetables + Vegetables Pizza;5
15/03/2015;The Barbecue Chicken Pizza;10
15/03/2015;The Big Meat Pizza;6
15/03/2015;The Brie Carre Pizza;1
15/03/2015;The Calabrese Pizza;4
15/03/2015;The California Chicken Pizza;3
15/03/2015;The Chicken Alfredo Pizza;2
15/03/2015;The Chicken Pesto Pizza;1
15/03/2015;The Classic Deluxe Pizza;6
15/03/2015;The Five Cheese Pizza;3
15/03/2015;The Four Cheese Pizza;7
15/03/2015;The Greek Pizza;3
15/03/2015;The Green Garden Pizza;3
15/03/2015;The Hawaiian Pizza;6
15/03/2015;The Italian Capocollo Pizza;7
15/03/2015;The Italian Supreme Pizza;5
15/03/2015;The Italian Vegetables Pizza;0
15/03/2015;The Mediterranean Pizza;1
15/03/2015;The Mexicana Pizza;5
15/03/2015;The Napolitana Pizza;5
15/03/2015;The Pepper Salami Pizza;2
15/03/2015;The Pepperoni Pizza;5
15/03/2015;The Pepperoni, Mushroom, and Peppers Pizza;5
15/03/2015;The Prosciutto and Arugula Pizza;2
15/03/2015;The Sicilian Pizza;6
15/03/2015;The Soppressata Pizza;2
15/03/2015;The Southwest Chicken Pizza;2
15/03/2015;The Spicy Italian Pizza;5
15/03/2015;The Spinach Pesto Pizza;2
15/03/2015;The Spinach Supreme Pizza;2
15/03/2015;The Spinach and Feta Pizza;6
15/03/2015;The Thai Chicken Pizza;10
15/03/2015;The Vegetables + Vegetables Pizza;4
16/03/2015;The Barbecue Chicken Pizza;5
16/03/2015;The Big Meat Pizza;8
16/03/2015;The Brie Carre Pizza;0
16/03/2015;The Calabrese Pizza;1
16/03/2015;The California Chicken Pizza;6
16/03/2015;The Chicken Alfredo Pizza;3
16/03/2015;The Chicken Pesto Pizza;3
16/03/2015;The Classic Deluxe Pizza;4
16/03/2015;The Five Cheese Pizza;4
16/03/2015;The Four Cheese Pizza;9
16/03/2015;The Greek Pizza;6
16/03/2015;The Green Garden Pizza;3
16/03/2015;The Hawaiian Pizza;5
16/03/2015;The Italian Capocollo Pizza;6
16/03/2015;The Italian Supreme Pizza;5
16/03/2015;The Italian Vegetables Pizza;2
16/03/2015;The Mediterranean Pizza;2
16/03/2015;The Mexicana Pizza;1
16/03/2015;The Napolitana Pizza;7
16/03/2015;The Pepper Salami Pizza;6
16/03/2015;The Pepperoni Pizza;4
16/03/2015;The Pepperoni, Mushroom, and Peppers Pizza;6
16/03/2015;The Prosciutto and Arugula Pizza;4
16/03/2015;The Sicilian Pizza;4
16/03/2015;The Soppressata Pizza;1
16/03/2015;The Southwest Chicken Pizza;4
16/03/2015;The Spicy Italian Pizza;8
16/03/2015;The Spinach Pesto Pizza;2
16/03/2015;The Spinach Supreme Pizza;2
16/03/2015;The Spinach and Feta Pizza;8
16/03/2015;The Thai Chicken Pizza;5
16/03/2015;The Vegetables + Vegetables Pizza;7
17/03/2015;The Barbecue Chicken Pizza;13
17/03/2015;The Big Meat Pizza;8
17/03/2015;The Brie Carre Pizza;0
17/03/2015;The Calabrese Pizza;2
17/03/2015;The California Chicken Pizza;5
17/03/2015;The Chicken Alfredo Pizza;3
17/03/2015;The Chicken Pesto Pizza;3
17/03/2015;The Classic Deluxe Pizza;8
17/03/2015;The Five Cheese Pizza;3
17/03/2015;The Four Cheese Pizza;10
17/03/2015;The Greek Pizza;5
17/03/2015;The Green Garden Pizza;3
17/03/2015;The Hawaiian Pizza;10
17/03/2015;The Italian Capocollo Pizza;4
17/03/2015;The Italian Supreme Pizza;10
17/03/2015;The Italian Vegetables Pizza;3
17/03/2015;The Mediterranean Pizza;3
17/03/2015;The Mexicana Pizza;6
17/03/2015;The Napolitana Pizza;3
17/03/2015;The Pepper Salami Pizza;7
17/03/2015;The Pepperoni Pizza;7
17/03/2015;The Pepperoni, Mushroom, and Peppers Pizza;4
17/03/2015;The Prosciutto and Arugula Pizza;6
17/03/2015;The Sicilian Pizza;9
17/03/2015;The Soppressata Pizza;4
17/03/2015;The Southwest Chicken Pizza;7
17/03/2015;The Spicy Italian Pizza;6
17/03/2015;The Spinach Pesto Pizza;4
17/03/2015;The Spinach Supreme Pizza;4
17/03/2015;The Spinach and Feta Pizza;9
17/03/2015;The Thai Chicken Pizza;6
17/03/2015;The Vegetables + Vegetables Pizza;4
18/03/2015;The Barbecue Chicken Pizza;9
18/03/2015;The Big Meat Pizza;5
18/03/2015;The Brie Carre Pizza;3
18/03/2015;The Calabrese Pizza;2
18/03/2015;The California Chicken Pizza;4
18/03/2015;The Chicken Alfredo Pizza;0
18/03/2015;The Chicken Pesto Pizza;3
18/03/2015;The Classic Deluxe Pizza;7
18/03/2015;The Five Cheese Pizza;2
18/03/2015;The Four Cheese Pizza;2
18/03/2015;The Greek Pizza;5
18/03/2015;The Green Garden Pizza;3
18/03/2015;The Hawaiian Pizza;11
18/03/2015;The Italian Capocollo Pizza;1
18/03/2015;The Italian Supreme Pizza;1
18/03/2015;The Italian Vegetables Pizza;5
18/03/2015;The Mediterranean Pizza;4
18/03/2015;The Mexicana Pizza;1
18/03/2015;The Napolitana Pizza;3
18/03/2015;The Pepper Salami Pizza;7
18/03/2015;The Pepperoni Pizza;3
18/03/2015;The Pepperoni, Mushroom, and Peppers Pizza;3
18/03/2015;The Prosciutto and Arugula Pizza;3
18/03/2015;The Sicilian Pizza;3
18/03/2015;The Soppressata Pizza;1
18/03/2015;The Southwest Chicken Pizza;4
18/03/2015;The Spicy Italian Pizza;8
18/03/2015;The Spinach Pesto Pizza;1
18/03/2015;The Spinach Supreme Pizza;3
18/03/2015;The Spinach and Feta Pizza;3
18/03/2015;The Thai Chicken Pizza;8
18/03/2015;The Vegetables + Vegetables Pizza;5
19/03/2015;The Barbecue Chicken Pizza;8
19/03/2015;The Big Meat Pizza;6
19/03/2015;The Brie Carre Pizza;2
19/03/2015;The Calabrese Pizza;2
19/03/2015;The California Chicken Pizza;5
19/03/2015;The Chicken Alfredo Pizza;6
19/03/2015;The Chicken Pesto Pizza;4
19/03/2015;The Classic Deluxe Pizza;10
19/03/2015;The Five Cheese Pizza;3
19/03/2015;The Four Cheese Pizza;6
19/03/2015;The Greek Pizza;4
19/03/2015;The Green Garden Pizza;3
19/03/2015;The Hawaiian Pizza;5
19/03/2015;The Italian Capocollo Pizza;3
19/03/2015;The Italian Supreme Pizza;8
19/03/2015;The Italian Vegetables Pizza;3
19/03/2015;The Mediterranean Pizza;3
19/03/2015;The Mexicana Pizza;4
19/03/2015;The Napolitana Pizza;3
19/03/2015;The Pepper Salami Pizza;8
19/03/2015;The Pepperoni Pizza;5
19/03/2015;The Pepperoni, Mushroom, and Peppers Pizza;2
19/03/2015;The Prosciutto and Arugula Pizza;4
19/03/2015;The Sicilian Pizza;5
19/03/2015;The Soppressata Pizza;6
19/03/2015;The Southwest Chicken Pizza;4
19/03/2015;The Spicy Italian Pizza;2
19/03/2015;The Spinach Pesto Pizza;3
19/03/2015;The Spinach Supreme Pizza;3
19/03/2015;The Spinach and Feta Pizza;5
19/03/2015;The Thai Chicken Pizza;7
19/03/2015;The Vegetables + Vegetables Pizza;2
20/03/2015;The Barbecue Chicken Pizza;8
20/03/2015;The Big Meat Pizza;2
20/03/2015;The Brie Carre Pizza;0
20/03/2015;The Calabrese Pizza;2
20/03/2015;The California Chicken Pizza;9
20/03/2015;The Chicken Alfredo Pizza;3
20/03/2015;The Chicken Pesto Pizza;3
20/03/2015;The Classic Deluxe Pizza;7
20/03/2015;The Five Cheese Pizza;7
20/03/2015;The Four Cheese Pizza;8
20/03/2015;The Greek Pizza;0
20/03/2015;The Green Garden Pizza;3
20/03/2015;The Hawaiian Pizza;6
20/03/2015;The Italian Capocollo Pizza;6
20/03/2015;The Italian Supreme Pizza;4
20/03/2015;The Italian Vegetables Pizza;1
20/03/2015;The Mediterranean Pizza;1
20/03/2015;The Mexicana Pizza;3
20/03/2015;The Napolitana Pizza;7
20/03/2015;The Pepper Salami Pizza;4
20/03/2015;The Pepperoni Pizza;7
20/03/2015;The Pepperoni, Mushroom, and Peppers Pizza;6
20/03/2015;The Prosciutto and Arugula Pizza;4
20/03/2015;The Sicilian Pizza;2
20/03/2015;The Soppressata Pizza;1
20/03/2015;The Southwest Chicken Pizza;10
20/03/2015;The Spicy Italian Pizza;8
20/03/2015;The Spinach Pesto Pizza;4
20/03/2015;The Spinach Supreme Pizza;2
20/03/2015;The Spinach and Feta Pizza;7
20/03/2015;The Thai Chicken Pizza;8
20/03/2015;The Vegetables + Vegetables Pizza;6
21/03/2015;The Barbecue Chicken Pizza;4
21/03/2015;The Big Meat Pizza;6
21/03/2015;The Brie Carre Pizza;2
21/03/2015;The Calabrese Pizza;1
21/03/2015;The California Chicken Pizza;9
21/03/2015;The Chicken Alfredo Pizza;2
21/03/2015;The Chicken Pesto Pizza;1
21/03/2015;The Classic Deluxe Pizza;4
21/03/2015;The Five Cheese Pizza;6
21/03/2015;The Four Cheese Pizza;2
21/03/2015;The Greek Pizza;9
21/03/2015;The Green Garden Pizza;1
21/03/2015;The Hawaiian Pizza;10
21/03/2015;The Italian Capocollo Pizza;1
21/03/2015;The Italian Supreme Pizza;7
21/03/2015;The Italian Vegetables Pizza;5
21/03/2015;The Mediterranean Pizza;0
21/03/2015;The Mexicana Pizza;5
21/03/2015;The Napolitana Pizza;1
21/03/2015;The Pepper Salami Pizza;2
21/03/2015;The Pepperoni Pizza;8
21/03/2015;The Pepperoni, Mushroom, and Peppers Pizza;3
21/03/2015;The Prosciutto and Arugula Pizza;2
21/03/2015;The Sicilian Pizza;8
21/03/2015;The Soppressata Pizza;3
21/03/2015;The Southwest Chicken Pizza;9
21/03/2015;The Spicy Italian Pizza;6
21/03/2015;The Spinach Pesto Pizza;4
21/03/2015;The Spinach Supreme Pizza;1
21/03/2015;The Spinach and Feta Pizza;2
21/03/2015;The Thai Chicken Pizza;8
21/03/2015;The Vegetables + Vegetables Pizza;4
22/03/2015;The Barbecue Chicken Pizza;2
22/03/2015;The Big Meat Pizza;2
22/03/2015;The Brie Carre Pizza;3
22/03/2015;The Calabrese Pizza;1
22/03/2015;The California Chicken Pizza;3
22/03/2015;The Chicken Alfredo Pizza;2
22/03/2015;The Chicken Pesto Pizza;3
22/03/2015;The Classic Deluxe Pizza;5
22/03/2015;The Five Cheese Pizza;3
22/03/2015;The Four Cheese Pizza;4
22/03/2015;The Greek Pizza;4
22/03/2015;The Green Garden Pizza;1
22/03/2015;The Hawaiian Pizza;4
22/03/2015;The Italian Capocollo Pizza;0
22/03/2015;The Italian Supreme Pizza;3
22/03/2015;The Italian Vegetables Pizza;2
22/03/2015;The Mediterranean Pizza;3
22/03/2015;The Mexicana Pizza;1
22/03/2015;The Napolitana Pizza;2
22/03/2015;The Pepper Salami Pizza;5
22/03/2015;The Pepperoni Pizza;6
22/03/2015;The Pepperoni, Mushroom, and Peppers Pizza;0
22/03/2015;The Prosciutto and Arugula Pizza;2
22/03/2015;The Sicilian Pizza;3
22/03/2015;The Soppressata Pizza;0
22/03/2015;The Southwest Chicken Pizza;0
22/03/2015;The Spicy Italian Pizza;1
22/03/2015;The Spinach Pesto Pizza;2
22/03/2015;The Spinach Supreme Pizza;1
22/03/2015;The Spinach and Feta Pizza;2
22/03/2015;The Thai Chicken Pizza;3
22/03/2015;The Vegetables + Vegetables Pizza;4
23/03/2015;The Barbecue Chicken Pizza;10
23/03/2015;The Big Meat Pizza;2
23/03/2015;The Brie Carre Pizza;0
23/03/2015;The Calabrese Pizza;2
23/03/2015;The California Chicken Pizza;5
23/03/2015;The Chicken Alfredo Pizza;6
23/03/2015;The Chicken Pesto Pizza;3
23/03/2015;The Classic Deluxe Pizza;9
23/03/2015;The Five Cheese Pizza;6
23/03/2015;The Four Cheese Pizza;4
23/03/2015;The Greek Pizza;2
23/03/2015;The Green Garden Pizza;3
23/03/2015;The Hawaiian Pizza;8
23/03/2015;The Italian Capocollo Pizza;2
23/03/2015;The Italian Supreme Pizza;2
23/03/2015;The Italian Vegetables Pizza;4
23/03/2015;The Mediterranean Pizza;3
23/03/2015;The Mexicana Pizza;6
23/03/2015;The Napolitana Pizza;3
23/03/2015;The Pepper Salami Pizza;7
23/03/2015;The Pepperoni Pizza;8
23/03/2015;The Pepperoni, Mushroom, and Peppers Pizza;5
23/03/2015;The Prosciutto and Arugula Pizza;3
23/03/2015;The Sicilian Pizza;6
23/03/2015;The Soppressata Pizza;3
23/03/2015;The Southwest Chicken Pizza;7
23/03/2015;The Spicy Italian Pizza;3
23/03/2015;The Spinach Pesto Pizza;2
23/03/2015;The Spinach Supreme Pizza;4
23/03/2015;The Spinach and Feta Pizza;2
23/03/2015;The Thai Chicken Pizza;3
23/03/2015;The Vegetables + Vegetables Pizza;2
24/03/2015;The Barbecue Chicken Pizza;6
24/03/2015;The Big Meat Pizza;7
24/03/2015;The Brie Carre Pizza;2
24/03/2015;The Calabrese Pizza;2
24/03/2015;The California Chicken Pizza;4
24/03/2015;The Chicken Alfredo Pizza;3
24/03/2015;The Chicken Pesto Pizza;2
24/03/2015;The Classic Deluxe Pizza;6
24/03/2015;The Five Cheese Pizza;3
24/03/2015;The Four Cheese Pizza;8
24/03/2015;The Greek Pizza;5
24/03/2015;The Green Garden Pizza;0
24/03/2015;The Hawaiian Pizza;4
24/03/2015;The Italian Capocollo Pizza;4
24/03/2015;The Italian Supreme Pizza;7
24/03/2015;The Italian Vegetables Pizza;1
24/03/2015;The Mediterranean Pizza;0
24/03/2015;The Mexicana Pizza;6
24/03/2015;The Napolitana Pizza;2
24/03/2015;The Pepper Salami Pizza;5
24/03/2015;The Pepperoni Pizza;5
24/03/2015;The Pepperoni, Mushroom, and Peppers Pizza;2
24/03/2015;The Prosciutto and Arugula Pizza;3
24/03/2015;The Sicilian Pizza;10
24/03/2015;The Soppressata Pizza;1
24/03/2015;The Southwest Chicken Pizza;6
24/03/2015;The Spicy Italian Pizza;4
24/03/2015;The Spinach Pesto Pizza;1
24/03/2015;The Spinach Supreme Pizza;1
24/03/2015;The Spinach and Feta Pizza;4
24/03/2015;The Thai Chicken Pizza;12
24/03/2015;The Vegetables + Vegetables Pizza;4
25/03/2015;The Barbecue Chicken Pizza;5
25/03/2015;The Big Meat Pizza;3
25/03/2015;The Brie Carre Pizza;1
25/03/2015;The Calabrese Pizza;1
25/03/2015;The California Chicken Pizza;8
25/03/2015;The Chicken Alfredo Pizza;2
25/03/2015;The Chicken Pesto Pizza;4
25/03/2015;The Classic Deluxe Pizza;6
25/03/2015;The Five Cheese Pizza;3
25/03/2015;The Four Cheese Pizza;6
25/03/2015;The Greek Pizza;1
25/03/2015;The Green Garden Pizza;0
25/03/2015;The Hawaiian Pizza;5
25/03/2015;The Italian Capocollo Pizza;2
25/03/2015;The Italian Supreme Pizza;4
25/03/2015;The Italian Vegetables Pizza;3
25/03/2015;The Mediterranean Pizza;4
25/03/2015;The Mexicana Pizza;3
25/03/2015;The Napolitana Pizza;2
25/03/2015;The Pepper Salami Pizza;3
25/03/2015;The Pepperoni Pizza;5
25/03/2015;The Pepperoni, Mushroom, and Peppers Pizza;4
25/03/2015;The Prosciutto and Arugula Pizza;3
25/03/2015;The Sicilian Pizza;7
25/03/2015;The Soppressata Pizza;7
25/03/2015;The Southwest Chicken Pizza;3
25/03/2015;The Spicy Italian Pizza;5
25/03/2015;The Spinach Pesto Pizza;3
25/03/2015;The Spinach Supreme Pizza;2
25/03/2015;The Spinach and Feta Pizza;2
25/03/2015;The Thai Chicken Pizza;5
25/03/2015;The Vegetables + Vegetables Pizza;3
26/03/2015;The Barbecue Chicken Pizza;7
26/03/2015;The Big Meat Pizza;6
26/03/2015;The Brie Carre Pizza;2
26/03/2015;The Calabrese Pizza;4
26/03/2015;The California Chicken Pizza;8
26/03/2015;The Chicken Alfredo Pizza;3
26/03/2015;The Chicken Pesto Pizza;5
26/03/2015;The Classic Deluxe Pizza;7
26/03/2015;The Five Cheese Pizza;1
26/03/2015;The Four Cheese Pizza;3
26/03/2015;The Greek Pizza;2
26/03/2015;The Green Garden Pizza;2
26/03/2015;The Hawaiian Pizza;11
26/03/2015;The Italian Capocollo Pizza;5
26/03/2015;The Italian Supreme Pizza;4
26/03/2015;The Italian Vegetables Pizza;4
26/03/2015;The Mediterranean Pizza;3
26/03/2015;The Mexicana Pizza;4
26/03/2015;The Napolitana Pizza;2
26/03/2015;The Pepper Salami Pizza;2
26/03/2015;The Pepperoni Pizza;7
26/03/2015;The Pepperoni, Mushroom, and Peppers Pizza;2
26/03/2015;The Prosciutto and Arugula Pizza;4
26/03/2015;The Sicilian Pizza;4
26/03/2015;The Soppressata Pizza;6
26/03/2015;The Southwest Chicken Pizza;8
26/03/2015;The Spicy Italian Pizza;6
26/03/2015;The Spinach Pesto Pizza;2
26/03/2015;The Spinach Supreme Pizza;1
26/03/2015;The Spinach and Feta Pizza;3
26/03/2015;The Thai Chicken Pizza;7
26/03/2015;The Vegetables + Vegetables Pizza;1
27/03/2015;The Barbecue Chicken Pizza;6
27/03/2015;The Big Meat Pizza;3
27/03/2015;The Brie Carre Pizza;0
27/03/2015;The Calabrese Pizza;2
27/03/2015;The California Chicken Pizza;5
27/03/2015;The Chicken Alfredo Pizza;3
27/03/2015;The Chicken Pesto Pizza;4
27/03/2015;The Classic Deluxe Pizza;9
27/03/2015;The Five Cheese Pizza;7
27/03/2015;The Four Cheese Pizza;4
27/03/2015;The Greek Pizza;7
27/03/2015;The Green Garden Pizza;6
27/03/2015;The Hawaiian Pizza;7
27/03/2015;The Italian Capocollo Pizza;8
27/03/2015;The Italian Supreme Pizza;6
27/03/2015;The Italian Vegetables Pizza;3
27/03/2015;The Mediterranean Pizza;3
27/03/2015;The Mexicana Pizza;4
27/03/2015;The Napolitana Pizza;3
27/03/2015;The Pepper Salami Pizza;3
27/03/2015;The Pepperoni Pizza;8
27/03/2015;The Pepperoni, Mushroom, and Peppers Pizza;4
27/03/2015;The Prosciutto and Arugula Pizza;4
27/03/2015;The Sicilian Pizza;9
27/03/2015;The Soppressata Pizza;2
27/03/2015;The Southwest Chicken Pizza;9
27/03/2015;The Spicy Italian Pizza;12
27/03/2015;The Spinach Pesto Pizza;6
27/03/2015;The Spinach Supreme Pizza;4
27/03/2015;The Spinach and Feta Pizza;7
27/03/2015;The Thai Chicken Pizza;2
27/03/2015;The Vegetables + Vegetables Pizza;7
28/03/2015;The Barbecue Chicken Pizza;7
28/03/2015;The Big Meat Pizza;5
28/03/2015;The Brie Carre Pizza;0
28/03/2015;The Calabrese Pizza;0
28/03/2015;The California Chicken Pizza;6
28/03/2015;The Chicken Alfredo Pizza;2
28/03/2015;The Chicken Pesto Pizza;2
28/03/2015;The Classic Deluxe Pizza;5
28/03/2015;The Five Cheese Pizza;5
28/03/2015;The Four Cheese Pizza;4
28/03/2015;The Greek Pizza;5
28/03/2015;The Green Garden Pizza;2
28/03/2015;The Hawaiian Pizza;8
28/03/2015;The Italian Capocollo Pizza;0
28/03/2015;The Italian Supreme Pizza;5
28/03/2015;The Italian Vegetables Pizza;1
28/03/2015;The Mediterranean Pizza;3
28/03/2015;The Mexicana Pizza;8
28/03/2015;The Napolitana Pizza;3
28/03/2015;The Pepper Salami Pizza;3
28/03/2015;The Pepperoni Pizza;8
28/03/2015;The Pepperoni, Mushroom, and Peppers Pizza;3
28/03/2015;The Prosciutto and Arugula Pizza;3
28/03/2015;The Sicilian Pizza;4
28/03/2015;The Soppressata Pizza;3
28/03/2015;The Southwest Chicken Pizza;3
28/03/2015;The Spicy Italian Pizza;13
28/03/2015;The Spinach Pesto Pizza;6
28/03/2015;The Spinach Supreme Pizza;1
28/03/2015;The Spinach and Feta Pizza;6
28/03/2015;The Thai Chicken Pizza;10
28/03/2015;The Vegetables + Vegetables Pizza;5
29/03/2015;The Barbecue Chicken Pizza;4
29/03/2015;The Big Meat Pizza;7
29/03/2015;The Brie Carre Pizza;2
29/03/2015;The Calabrese Pizza;0
29/03/2015;The California Chicken Pizza;10
29/03/2015;The Chicken Alfredo Pizza;4
29/03/2015;The Chicken Pesto Pizza;5
29/03/2015;The Classic Deluxe Pizza;6
29/03/2015;The Five Cheese Pizza;4
29/03/2015;The Four Cheese Pizza;2
29/03/2015;The Greek Pizza;5
29/03/2015;The Green Garden Pizza;3
29/03/2015;The Hawaiian Pizza;6
29/03/2015;The Italian Capocollo Pizza;6
29/03/2015;The Italian Supreme Pizza;4
29/03/2015;The Italian Vegetables Pizza;4
29/03/2015;The Mediterranean Pizza;6
29/03/2015;The Mexicana Pizza;3
29/03/2015;The Napolitana Pizza;2
29/03/2015;The Pepper Salami Pizza;5
29/03/2015;The Pepperoni Pizza;9
29/03/2015;The Pepperoni, Mushroom, and Peppers Pizza;3
29/03/2015;The Prosciutto and Arugula Pizza;5
29/03/2015;The Sicilian Pizza;3
29/03/2015;The Soppressata Pizza;0
29/03/2015;The Southwest Chicken Pizza;4
29/03/2015;The Spicy Italian Pizza;1
29/03/2015;The Spinach Pesto Pizza;3
29/03/2015;The Spinach Supreme Pizza;1
29/03/2015;The Spinach and Feta Pizza;6
29/03/2015;The Thai Chicken Pizza;4
29/03/2015;The Vegetables + Vegetables Pizza;5
30/03/2015;The Barbecue Chicken Pizza;10
30/03/2015;The Big Meat Pizza;11
30/03/2015;The Brie Carre Pizza;2
30/03/2015;The Calabrese Pizza;2
30/03/2015;The California Chicken Pizza;7
30/03/2015;The Chicken Alfredo Pizza;6
30/03/2015;The Chicken Pesto Pizza;2
30/03/2015;The Classic Deluxe Pizza;6
30/03/2015;The Five Cheese Pizza;4
30/03/2015;The Four Cheese Pizza;2
30/03/2015;The Greek Pizza;3
30/03/2015;The Green Garden Pizza;4
30/03/2015;The Hawaiian Pizza;3
30/03/2015;The Italian Capocollo Pizza;5
30/03/2015;The Italian Supreme Pizza;4
30/03/2015;The Italian Vegetables Pizza;2
30/03/2015;The Mediterranean Pizza;4
30/03/2015;The Mexicana Pizza;4
30/03/2015;The Napolitana Pizza;2
30/03/2015;The Pepper Salami Pizza;4
30/03/2015;The Pepperoni Pizza;6
30/03/2015;The Pepperoni, Mushroom, and Peppers Pizza;2
30/03/2015;The Prosciutto and Arugula Pizza;3
30/03/2015;The Sicilian Pizza;2
30/03/2015;The Soppressata Pizza;3
30/03/2015;The Southwest Chicken Pizza;8
30/03/2015;The Spicy Italian Pizza;5
30/03/2015;The Spinach Pesto Pizza;1
30/03/2015;The Spinach Supreme Pizza;4
30/03/2015;The Spinach and Feta Pizza;4
30/03/2015;The Thai Chicken Pizza;9
30/03/2015;The Vegetables + Vegetables Pizza;3
31/03/2015;The Barbecue Chicken Pizza;11
31/03/2015;The Big Meat Pizza;6
31/03/2015;The Brie Carre Pizza;2
31/03/2015;The Calabrese Pizza;7
31/03/2015;The California Chicken Pizza;6
31/03/2015;The Chicken Alfredo Pizza;7
31/03/2015;The Chicken Pesto Pizza;2
31/03/2015;The Classic Deluxe Pizza;7
31/03/2015;The Five Cheese Pizza;3
31/03/2015;The Four Cheese Pizza;6
31/03/2015;The Greek Pizza;2
31/03/2015;The Green Garden Pizza;5
31/03/2015;The Hawaiian Pizza;4
31/03/2015;The Italian Capocollo Pizza;2
31/03/2015;The Italian Supreme Pizza;10
31/03/2015;The Italian Vegetables Pizza;3
31/03/2015;The Mediterranean Pizza;4
31/03/2015;The Mexicana Pizza;4
31/03/2015;The Napolitana Pizza;7
31/03/2015;The Pepper Salami Pizza;3
31/03/2015;The Pepperoni Pizza;7
31/03/2015;The Pepperoni, Mushroom, and Peppers Pizza;1
31/03/2015;The Prosciutto and Arugula Pizza;6
31/03/2015;The Sicilian Pizza;4
31/03/2015;The Soppressata Pizza;3
31/03/2015;The Southwest Chicken Pizza;2
31/03/2015;The Spicy Italian Pizza;13
31/03/2015;The Spinach Pesto Pizza;5
31/03/2015;The Spinach Supreme Pizza;3
31/03/2015;The Spinach and Feta Pizza;2
31/03/2015;The Thai Chicken Pizza;9
31/03/2015;The Vegetables + Vegetables Pizza;5
01/04/2015;The Barbecue Chicken Pizza;2
01/04/2015;The Big Meat Pizza;3
01/04/2015;The Brie Carre Pizza;0
01/04/2015;The Calabrese Pizza;2
01/04/2015;The California Chicken Pizza;3
01/04/2015;The Chicken Alfredo Pizza;3
01/04/2015;The Chicken Pesto Pizza;2
01/04/2015;The Classic Deluxe Pizza;8
01/04/2015;The Five Cheese Pizza;7
01/04/2015;The Four Cheese Pizza;6
01/04/2015;The Greek Pizza;6
01/04/2015;The Green Garden Pizza;4
01/04/2015;The Hawaiian Pizza;6
01/04/2015;The Italian Capocollo Pizza;4
01/04/2015;The Italian Supreme Pizza;2
01/04/2015;The Italian Vegetables Pizza;2
01/04/2015;The Mediterranean Pizza;1
01/04/2015;The Mexicana Pizza;2
01/04/2015;The Napolitana Pizza;7
01/04/2015;The Pepper Salami Pizza;3
01/04/2015;The Pepperoni Pizza;9
01/04/2015;The Pepperoni, Mushroom, and Peppers Pizza;2
01/04/2015;The Prosciutto and Arugula Pizza;4
01/04/2015;The Sicilian Pizza;8
01/04/2015;The Soppressata Pizza;6
01/04/2015;The Southwest Chicken Pizza;10
01/04/2015;The Spicy Italian Pizza;4
01/04/2015;The Spinach Pesto Pizza;4
01/04/2015;The Spinach Supreme Pizza;6
01/04/2015;The Spinach and Feta Pizza;1
01/04/2015;The Thai Chicken Pizza;3
01/04/2015;The Vegetables + Vegetables Pizza;5
02/04/2015;The Barbecue Chicken Pizza;8
02/04/2015;The Big Meat Pizza;4
02/04/2015;The Brie Carre Pizza;2
02/04/2015;The Calabrese Pizza;4
02/04/2015;The California Chicken Pizza;9
02/04/2015;The Chicken Alfredo Pizza;5
02/04/2015;The Chicken Pesto Pizza;5
02/04/2015;The Classic Deluxe Pizza;6
02/04/2015;The Five Cheese Pizza;3
02/04/2015;The Four Cheese Pizza;9
02/04/2015;The Greek Pizza;9
02/04/2015;The Green Garden Pizza;3
02/04/2015;The Hawaiian Pizza;11
02/04/2015;The Italian Capocollo Pizza;4
02/04/2015;The Italian Supreme Pizza;7
02/04/2015;The Italian Vegetables Pizza;5
02/04/2015;The Mediterranean Pizza;1
02/04/2015;The Mexicana Pizza;2
02/04/2015;The Napolitana Pizza;5
02/04/2015;The Pepper Salami Pizza;6
02/04/2015;The Pepperoni Pizza;3
02/04/2015;The Pepperoni, Mushroom, and Peppers Pizza;5
02/04/2015;The Prosciutto and Arugula Pizza;5
02/04/2015;The Sicilian Pizza;2
02/04/2015;The Soppressata Pizza;2
02/04/2015;The Southwest Chicken Pizza;7
02/04/2015;The Spicy Italian Pizza;4
02/04/2015;The Spinach Pesto Pizza;0
02/04/2015;The Spinach Supreme Pizza;2
02/04/2015;The Spinach and Feta Pizza;5
02/04/2015;The Thai Chicken Pizza;6
02/04/2015;The Vegetables + Vegetables Pizza;1
03/04/2015;The Barbecue Chicken Pizza;6
03/04/2015;The Big Meat Pizza;6
03/04/2015;The Brie Carre Pizza;2
03/04/2015;The Calabrese Pizza;4
03/04/2015;The California Chicken Pizza;6
03/04/2015;The Chicken Alfredo Pizza;1
03/04/2015;The Chicken Pesto Pizza;1
03/04/2015;The Classic Deluxe Pizza;9
03/04/2015;The Five Cheese Pizza;4
03/04/2015;The Four Cheese Pizza;3
03/04/2015;The Greek Pizza;6
03/04/2015;The Green Garden Pizza;3
03/04/2015;The Hawaiian Pizza;12
03/04/2015;The Italian Capocollo Pizza;7
03/04/2015;The Italian Supreme Pizza;5
03/04/2015;The Italian Vegetables Pizza;3
03/04/2015;The Mediterranean Pizza;5
03/04/2015;The Mexicana Pizza;0
03/04/2015;The Napolitana Pizza;4
03/04/2015;The Pepper Salami Pizza;5
03/04/2015;The Pepperoni Pizza;5
03/04/2015;The Pepperoni, Mushroom, and Peppers Pizza;6
03/04/2015;The Prosciutto and Arugula Pizza;5
03/04/2015;The Sicilian Pizza;6
03/04/2015;The Soppressata Pizza;7
03/04/2015;The Southwest Chicken Pizza;4
03/04/2015;The Spicy Italian Pizza;5
03/04/2015;The Spinach Pesto Pizza;0
03/04/2015;The Spinach Supreme Pizza;3
03/04/2015;The Spinach and Feta Pizza;4
03/04/2015;The Thai Chicken Pizza;11
03/04/2015;The Vegetables + Vegetables Pizza;7
04/04/2015;The Barbecue Chicken Pizza;4
04/04/2015;The Big Meat Pizza;4
04/04/2015;The Brie Carre Pizza;1
04/04/2015;The Calabrese Pizza;3
04/04/2015;The California Chicken Pizza;7
04/04/2015;The Chicken Alfredo Pizza;2
04/04/2015;The Chicken Pesto Pizza;2
04/04/2015;The Classic Deluxe Pizza;9
04/04/2015;The Five Cheese Pizza;3
04/04/2015;The Four Cheese Pizza;3
04/04/2015;The Greek Pizza;7
04/04/2015;The Green Garden Pizza;2
04/04/2015;The Hawaiian Pizza;10
04/04/2015;The Italian Capocollo Pizza;8
04/04/2015;The Italian Supreme Pizza;7
04/04/2015;The Italian Vegetables Pizza;3
04/04/2015;The Mediterranean Pizza;4
04/04/2015;The Mexicana Pizza;4
04/04/2015;The Napolitana Pizza;7
04/04/2015;The Pepper Salami Pizza;3
04/04/2015;The Pepperoni Pizza;7
04/04/2015;The Pepperoni, Mushroom, and Peppers Pizza;7
04/04/2015;The Prosciutto and Arugula Pizza;5
04/04/2015;The Sicilian Pizza;5
04/04/2015;The Soppressata Pizza;3
04/04/2015;The Southwest Chicken Pizza;9
04/04/2015;The Spicy Italian Pizza;9
04/04/2015;The Spinach Pesto Pizza;2
04/04/2015;The Spinach Supreme Pizza;6
04/04/2015;The Spinach and Feta Pizza;5
04/04/2015;The Thai Chicken Pizza;12
04/04/2015;The Vegetables + Vegetables Pizza;7
05/04/2015;The Barbecue Chicken Pizza;9
05/04/2015;The Big Meat Pizza;4
05/04/2015;The Brie Carre Pizza;2
05/04/2015;The Calabrese Pizza;3
05/04/2015;The California Chicken Pizza;4
05/04/2015;The Chicken Alfredo Pizza;2
05/04/2015;The Chicken Pesto Pizza;2
05/04/2015;The Classic Deluxe Pizza;5
05/04/2015;The Five Cheese Pizza;2
05/04/2015;The Four Cheese Pizza;5
05/04/2015;The Greek Pizza;1
05/04/2015;The Green Garden Pizza;1
05/04/2015;The Hawaiian Pizza;4
05/04/2015;The Italian Capocollo Pizza;7
05/04/2015;The Italian Supreme Pizza;4
05/04/2015;The Italian Vegetables Pizza;2
05/04/2015;The Mediterranean Pizza;1
05/04/2015;The Mexicana Pizza;3
05/04/2015;The Napolitana Pizza;5
05/04/2015;The Pepper Salami Pizza;3
05/04/2015;The Pepperoni Pizza;5
05/04/2015;The Pepperoni, Mushroom, and Peppers Pizza;3
05/04/2015;The Prosciutto and Arugula Pizza;5
05/04/2015;The Sicilian Pizza;4
05/04/2015;The Soppressata Pizza;3
05/04/2015;The Southwest Chicken Pizza;8
05/04/2015;The Spicy Italian Pizza;3
05/04/2015;The Spinach Pesto Pizza;0
05/04/2015;The Spinach Supreme Pizza;3
05/04/2015;The Spinach and Feta Pizza;4
05/04/2015;The Thai Chicken Pizza;7
05/04/2015;The Vegetables + Vegetables Pizza;3
06/04/2015;The Barbecue Chicken Pizza;8
06/04/2015;The Big Meat Pizza;4
06/04/2015;The Brie Carre Pizza;1
06/04/2015;The Calabrese Pizza;4
06/04/2015;The California Chicken Pizza;10
06/04/2015;The Chicken Alfredo Pizza;6
06/04/2015;The Chicken Pesto Pizza;1
06/04/2015;The Classic Deluxe Pizza;6
06/04/2015;The Five Cheese Pizza;4
06/04/2015;The Four Cheese Pizza;3
06/04/2015;The Greek Pizza;8
06/04/2015;The Green Garden Pizza;4
06/04/2015;The Hawaiian Pizza;8
06/04/2015;The Italian Capocollo Pizza;2
06/04/2015;The Italian Supreme Pizza;10
06/04/2015;The Italian Vegetables Pizza;5
06/04/2015;The Mediterranean Pizza;5
06/04/2015;The Mexicana Pizza;7
06/04/2015;The Napolitana Pizza;3
06/04/2015;The Pepper Salami Pizza;3
06/04/2015;The Pepperoni Pizza;7
06/04/2015;The Pepperoni, Mushroom, and Peppers Pizza;5
06/04/2015;The Prosciutto and Arugula Pizza;4
06/04/2015;The Sicilian Pizza;7
06/04/2015;The Soppressata Pizza;4
06/04/2015;The Southwest Chicken Pizza;4
06/04/2015;The Spicy Italian Pizza;5
06/04/2015;The Spinach Pesto Pizza;0
06/04/2015;The Spinach Supreme Pizza;3
06/04/2015;The Spinach and Feta Pizza;3
06/04/2015;The Thai Chicken Pizza;7
06/04/2015;The Vegetables + Vegetables Pizza;6
07/04/2015;The Barbecue Chicken Pizza;8
07/04/2015;The Big Meat Pizza;7
07/04/2015;The Brie Carre Pizza;0
07/04/2015;The Calabrese Pizza;3
07/04/2015;The California Chicken Pizza;5
07/04/2015;The Chicken Alfredo Pizza;4
07/04/2015;The Chicken Pesto Pizza;2
07/04/2015;The Classic Deluxe Pizza;8
07/04/2015;The Five Cheese Pizza;3
07/04/2015;The Four Cheese Pizza;6
07/04/2015;The Greek Pizza;3
07/04/2015;The Green Garden Pizza;4
07/04/2015;The Hawaiian Pizza;5
07/04/2015;The Italian Capocollo Pizza;10
07/04/2015;The Italian Supreme Pizza;3
07/04/2015;The Italian Vegetables Pizza;3
07/04/2015;The Mediterranean Pizza;3
07/04/2015;The Mexicana Pizza;6
07/04/2015;The Napolitana Pizza;1
07/04/2015;The Pepper Salami Pizza;1
07/04/2015;The Pepperoni Pizza;8
07/04/2015;The Pepperoni, Mushroom, and Peppers Pizza;3
07/04/2015;The Prosciutto and Arugula Pizza;7
07/04/2015;The Sicilian Pizza;4
07/04/2015;The Soppressata Pizza;2
07/04/2015;The Southwest Chicken Pizza;5
07/04/2015;The Spicy Italian Pizza;4
07/04/2015;The Spinach Pesto Pizza;1
07/04/2015;The Spinach Supreme Pizza;2
07/04/2015;The Spinach and Feta Pizza;7
07/04/2015;The Thai Chicken Pizza;6
07/04/2015;The Vegetables + Vegetables Pizza;4
08/04/2015;The Barbecue Chicken Pizza;10
08/04/2015;The Big Meat Pizza;3
08/04/2015;The Brie Carre Pizza;2
08/04/2015;The Calabrese Pizza;5
08/04/2015;The California Chicken Pizza;4
08/04/2015;The Chicken Alfredo Pizza;2
08/04/2015;The Chicken Pesto Pizza;3
08/04/2015;The Classic Deluxe Pizza;9
08/04/2015;The Five Cheese Pizza;3
08/04/2015;The Four Cheese Pizza;9
08/04/2015;The Greek Pizza;2
08/04/2015;The Green Garden Pizza;1
08/04/2015;The Hawaiian Pizza;8
08/04/2015;The Italian Capocollo Pizza;2
08/04/2015;The Italian Supreme Pizza;6
08/04/2015;The Italian Vegetables Pizza;2
08/04/2015;The Mediterranean Pizza;4
08/04/2015;The Mexicana Pizza;6
08/04/2015;The Napolitana Pizza;7
08/04/2015;The Pepper Salami Pizza;4
08/04/2015;The Pepperoni Pizza;5
08/04/2015;The Pepperoni, Mushroom, and Peppers Pizza;1
08/04/2015;The Prosciutto and Arugula Pizza;5
08/04/2015;The Sicilian Pizza;2
08/04/2015;The Soppressata Pizza;3
08/04/2015;The Southwest Chicken Pizza;4
08/04/2015;The Spicy Italian Pizza;4
08/04/2015;The Spinach Pesto Pizza;0
08/04/2015;The Spinach Supreme Pizza;5
08/04/2015;The Spinach and Feta Pizza;2
08/04/2015;The Thai Chicken Pizza;11
08/04/2015;The Vegetables + Vegetables Pizza;2
09/04/2015;The Barbecue Chicken Pizza;7
09/04/2015;The Big Meat Pizza;4
09/04/2015;The Brie Carre Pizza;1
09/04/2015;The Calabrese Pizza;2
09/04/2015;The California Chicken Pizza;3
09/04/2015;The Chicken Alfredo Pizza;4
09/04/2015;The Chicken Pesto Pizza;3
09/04/2015;The Classic Deluxe Pizza;3
09/04/2015;The Five Cheese Pizza;2
09/04/2015;The Four Cheese Pizza;2
09/04/2015;The Greek Pizza;6
09/04/2015;The Green Garden Pizza;3
09/04/2015;The Hawaiian Pizza;3
09/04/2015;The Italian Capocollo Pizza;12
09/04/2015;The Italian Supreme Pizza;7
09/04/2015;The Italian Vegetables Pizza;1
09/04/2015;The Mediterranean Pizza;1
09/04/2015;The Mexicana Pizza;7
09/04/2015;The Napolitana Pizza;7
09/04/2015;The Pepper Salami Pizza;4
09/04/2015;The Pepperoni Pizza;7
09/04/2015;The Pepperoni, Mushroom, and Peppers Pizza;3
09/04/2015;The Prosciutto and Arugula Pizza;4
09/04/2015;The Sicilian Pizza;4
09/04/2015;The Soppressata Pizza;1
09/04/2015;The Southwest Chicken Pizza;6
09/04/2015;The Spicy Italian Pizza;4
09/04/2015;The Spinach Pesto Pizza;0
09/04/2015;The Spinach Supreme Pizza;2
09/04/2015;The Spinach and Feta Pizza;3
09/04/2015;The Thai Chicken Pizza;4
09/04/2015;The Vegetables + Vegetables Pizza;2
10/04/2015;The Barbecue Chicken Pizza;4
10/04/2015;The Big Meat Pizza;1
10/04/2015;The Brie Carre Pizza;0
10/04/2015;The Calabrese Pizza;0
10/04/2015;The California Chicken Pizza;5
10/04/2015;The Chicken Alfredo Pizza;2
10/04/2015;The Chicken Pesto Pizza;3
10/04/2015;The Classic Deluxe Pizza;7
10/04/2015;The Five Cheese Pizza;4
10/04/2015;The Four Cheese Pizza;7
10/04/2015;The Greek Pizza;9
10/04/2015;The Green Garden Pizza;2
10/04/2015;The Hawaiian Pizza;8
10/04/2015;The Italian Capocollo Pizza;4
10/04/2015;The Italian Supreme Pizza;8
10/04/2015;The Italian Vegetables Pizza;4
10/04/2015;The Mediterranean Pizza;6
10/04/2015;The Mexicana Pizza;5
10/04/2015;The Napolitana Pizza;1
10/04/2015;The Pepper Salami Pizza;8
10/04/2015;The Pepperoni Pizza;4
10/04/2015;The Pepperoni, Mushroom, and Peppers Pizza;4
10/04/2015;The Prosciutto and Arugula Pizza;3
10/04/2015;The Sicilian Pizza;4
10/04/2015;The Soppressata Pizza;5
10/04/2015;The Southwest Chicken Pizza;4
10/04/2015;The Spicy Italian Pizza;8
10/04/2015;The Spinach Pesto Pizza;2
10/04/2015;The Spinach Supreme Pizza;3
10/04/2015;The Spinach and Feta Pizza;5
10/04/2015;The Thai Chicken Pizza;9
10/04/2015;The Vegetables + Vegetables Pizza;3
11/04/2015;The Barbecue Chicken Pizza;13
11/04/2015;The Big Meat Pizza;3
11/04/2015;The Brie Carre Pizza;1
11/04/2015;The Calabrese Pizza;4
11/04/2015;The California Chicken Pizza;3
11/04/2015;The Chicken Alfredo Pizza;2
11/04/2015;The Chicken Pesto Pizza;2
11/04/2015;The Classic Deluxe Pizza;5
11/04/2015;The Five Cheese Pizza;6
11/04/2015;The Four Cheese Pizza;4
11/04/2015;The Greek Pizza;9
11/04/2015;The Green Garden Pizza;3
11/04/2015;The Hawaiian Pizza;10
11/04/2015;The Italian Capocollo Pizza;1
11/04/2015;The Italian Supreme Pizza;2
11/04/2015;The Italian Vegetables Pizza;5
11/04/2015;The Mediterranean Pizza;3
11/04/2015;The Mexicana Pizza;9
11/04/2015;The Napolitana Pizza;1
11/04/2015;The Pepper Salami Pizza;5
11/04/2015;The Pepperoni Pizza;7
11/04/2015;The Pepperoni, Mushroom, and Peppers Pizza;4
11/04/2015;The Prosciutto and Arugula Pizza;4
11/04/2015;The Sicilian Pizza;6
11/04/2015;The Soppressata Pizza;5
11/04/2015;The Southwest Chicken Pizza;3
11/04/2015;The Spicy Italian Pizza;7
11/04/2015;The Spinach Pesto Pizza;6
11/04/2015;The Spinach Supreme Pizza;2
11/04/2015;The Spinach and Feta Pizza;5
11/04/2015;The Thai Chicken Pizza;7
11/04/2015;The Vegetables + Vegetables Pizza;6
12/04/2015;The Barbecue Chicken Pizza;6
12/04/2015;The Big Meat Pizza;3
12/04/2015;The Brie Carre Pizza;0
12/04/2015;The Calabrese Pizza;2
12/04/2015;The California Chicken Pizza;4
12/04/2015;The Chicken Alfredo Pizza;3
12/04/2015;The Chicken Pesto Pizza;4
12/04/2015;The Classic Deluxe Pizza;14
12/04/2015;The Five Cheese Pizza;3
12/04/2015;The Four Cheese Pizza;5
12/04/2015;The Greek Pizza;3
12/04/2015;The Green Garden Pizza;4
12/04/2015;The Hawaiian Pizza;6
12/04/2015;The Italian Capocollo Pizza;3
12/04/2015;The Italian Supreme Pizza;6
12/04/2015;The Italian Vegetables Pizza;2
12/04/2015;The Mediterranean Pizza;2
12/04/2015;The Mexicana Pizza;4
12/04/2015;The Napolitana Pizza;1
12/04/2015;The Pepper Salami Pizza;3
12/04/2015;The Pepperoni Pizza;6
12/04/2015;The Pepperoni, Mushroom, and Peppers Pizza;1
12/04/2015;The Prosciutto and Arugula Pizza;2
12/04/2015;The Sicilian Pizza;1
12/04/2015;The Soppressata Pizza;2
12/04/2015;The Southwest Chicken Pizza;6
12/04/2015;The Spicy Italian Pizza;7
12/04/2015;The Spinach Pesto Pizza;1
12/04/2015;The Spinach Supreme Pizza;3
12/04/2015;The Spinach and Feta Pizza;4
12/04/2015;The Thai Chicken Pizza;5
12/04/2015;The Vegetables + Vegetables Pizza;4
13/04/2015;The Barbecue Chicken Pizza;8
13/04/2015;The Big Meat Pizza;1
13/04/2015;The Brie Carre Pizza;2
13/04/2015;The Calabrese Pizza;4
13/04/2015;The California Chicken Pizza;11
13/04/2015;The Chicken Alfredo Pizza;2
13/04/2015;The Chicken Pesto Pizza;4
13/04/2015;The Classic Deluxe Pizza;6
13/04/2015;The Five Cheese Pizza;1
13/04/2015;The Four Cheese Pizza;3
13/04/2015;The Greek Pizza;6
13/04/2015;The Green Garden Pizza;2
13/04/2015;The Hawaiian Pizza;10
13/04/2015;The Italian Capocollo Pizza;3
13/04/2015;The Italian Supreme Pizza;0
13/04/2015;The Italian Vegetables Pizza;1
13/04/2015;The Mediterranean Pizza;5
13/04/2015;The Mexicana Pizza;6
13/04/2015;The Napolitana Pizza;5
13/04/2015;The Pepper Salami Pizza;6
13/04/2015;The Pepperoni Pizza;6
13/04/2015;The Pepperoni, Mushroom, and Peppers Pizza;3
13/04/2015;The Prosciutto and Arugula Pizza;1
13/04/2015;The Sicilian Pizza;3
13/04/2015;The Soppressata Pizza;2
13/04/2015;The Southwest Chicken Pizza;6
13/04/2015;The Spicy Italian Pizza;8
13/04/2015;The Spinach Pesto Pizza;4
13/04/2015;The Spinach Supreme Pizza;3
13/04/2015;The Spinach and Feta Pizza;5
13/04/2015;The Thai Chicken Pizza;12
13/04/2015;The Vegetables + Vegetables Pizza;5
14/04/2015;The Barbecue Chicken Pizza;6
14/04/2015;The Big Meat Pizza;2
14/04/2015;The Brie Carre Pizza;1
14/04/2015;The Calabrese Pizza;2
14/04/2015;The California Chicken Pizza;7
14/04/2015;The Chicken Alfredo Pizza;2
14/04/2015;The Chicken Pesto Pizza;1
14/04/2015;The Classic Deluxe Pizza;14
14/04/2015;The Five Cheese Pizza;4
14/04/2015;The Four Cheese Pizza;6
14/04/2015;The Greek Pizza;9
14/04/2015;The Green Garden Pizza;1
14/04/2015;The Hawaiian Pizza;6
14/04/2015;The Italian Capocollo Pizza;3
14/04/2015;The Italian Supreme Pizza;9
14/04/2015;The Italian Vegetables Pizza;3
14/04/2015;The Mediterranean Pizza;2
14/04/2015;The Mexicana Pizza;5
14/04/2015;The Napolitana Pizza;5
14/04/2015;The Pepper Salami Pizza;5
14/04/2015;The Pepperoni Pizza;9
14/04/2015;The Pepperoni, Mushroom, and Peppers Pizza;2
14/04/2015;The Prosciutto and Arugula Pizza;2
14/04/2015;The Sicilian Pizza;8
14/04/2015;The Soppressata Pizza;4
14/04/2015;The Southwest Chicken Pizza;5
14/04/2015;The Spicy Italian Pizza;5
14/04/2015;The Spinach Pesto Pizza;2
14/04/2015;The Spinach Supreme Pizza;2
14/04/2015;The Spinach and Feta Pizza;4
14/04/2015;The Thai Chicken Pizza;6
14/04/2015;The Vegetables + Vegetables Pizza;4
15/04/2015;The Barbecue Chicken Pizza;8
15/04/2015;The Big Meat Pizza;6
15/04/2015;The Brie Carre Pizza;1
15/04/2015;The Calabrese Pizza;3
15/04/2015;The California Chicken Pizza;7
15/04/2015;The Chicken Alfredo Pizza;4
15/04/2015;The Chicken Pesto Pizza;0
15/04/2015;The Classic Deluxe Pizza;8
15/04/2015;The Five Cheese Pizza;2
15/04/2015;The Four Cheese Pizza;8
15/04/2015;The Greek Pizza;5
15/04/2015;The Green Garden Pizza;4
15/04/2015;The Hawaiian Pizza;8
15/04/2015;The Italian Capocollo Pizza;6
15/04/2015;The Italian Supreme Pizza;6
15/04/2015;The Italian Vegetables Pizza;2
15/04/2015;The Mediterranean Pizza;4
15/04/2015;The Mexicana Pizza;3
15/04/2015;The Napolitana Pizza;4
15/04/2015;The Pepper Salami Pizza;7
15/04/2015;The Pepperoni Pizza;5
15/04/2015;The Pepperoni, Mushroom, and Peppers Pizza;6
15/04/2015;The Prosciutto and Arugula Pizza;1
15/04/2015;The Sicilian Pizza;7
15/04/2015;The Soppressata Pizza;3
15/04/2015;The Southwest Chicken Pizza;7
15/04/2015;The Spicy Italian Pizza;6
15/04/2015;The Spinach Pesto Pizza;3
15/04/2015;The Spinach Supreme Pizza;6
15/04/2015;The Spinach and Feta Pizza;5
15/04/2015;The Thai Chicken Pizza;7
15/04/2015;The Vegetables + Vegetables Pizza;6
16/04/2015;The Barbecue Chicken Pizza;6
16/04/2015;The Big Meat Pizza;7
16/04/2015;The Brie Carre Pizza;1
16/04/2015;The Calabrese Pizza;2
16/04/2015;The California Chicken Pizza;6
16/04/2015;The Chicken Alfredo Pizza;1
16/04/2015;The Chicken Pesto Pizza;5
16/04/2015;The Classic Deluxe Pizza;7
16/04/2015;The Five Cheese Pizza;2
16/04/2015;The Four Cheese Pizza;6
16/04/2015;The Greek Pizza;4
16/04/2015;The Green Garden Pizza;0
16/04/2015;The Hawaiian Pizza;7
16/04/2015;The Italian Capocollo Pizza;2
16/04/2015;The Italian Supreme Pizza;8
16/04/2015;The Italian Vegetables Pizza;0
16/04/2015;The Mediterranean Pizza;3
16/04/2015;The Mexicana Pizza;4
16/04/2015;The Napolitana Pizza;8
16/04/2015;The Pepper Salami Pizza;2
16/04/2015;The Pepperoni Pizza;6
16/04/2015;The Pepperoni, Mushroom, and Peppers Pizza;2
16/04/2015;The Prosciutto and Arugula Pizza;4
16/04/2015;The Sicilian Pizza;6
16/04/2015;The Soppressata Pizza;2
16/04/2015;The Southwest Chicken Pizza;3
16/04/2015;The Spicy Italian Pizza;3
16/04/2015;The Spinach Pesto Pizza;1
16/04/2015;The Spinach Supreme Pizza;3
16/04/2015;The Spinach and Feta Pizza;1
16/04/2015;The Thai Chicken Pizza;7
16/04/2015;The Vegetables + Vegetables Pizza;7
17/04/2015;The Barbecue Chicken Pizza;8
17/04/2015;The Big Meat Pizza;3
17/04/2015;The Brie Carre Pizza;1
17/04/2015;The Calabrese Pizza;3
17/04/2015;The California Chicken Pizza;8
17/04/2015;The Chicken Alfredo Pizza;1
17/04/2015;The Chicken Pesto Pizza;3
17/04/2015;The Classic Deluxe Pizza;6
17/04/2015;The Five Cheese Pizza;5
17/04/2015;The Four Cheese Pizza;7
17/04/2015;The Greek Pizza;4
17/04/2015;The Green Garden Pizza;5
17/04/2015;The Hawaiian Pizza;9
17/04/2015;The Italian Capocollo Pizza;4
17/04/2015;The Italian Supreme Pizza;4
17/04/2015;The Italian Vegetables Pizza;4
17/04/2015;The Mediterranean Pizza;2
17/04/2015;The Mexicana Pizza;7
17/04/2015;The Napolitana Pizza;5
17/04/2015;The Pepper Salami Pizza;5
17/04/2015;The Pepperoni Pizza;4
17/04/2015;The Pepperoni, Mushroom, and Peppers Pizza;5
17/04/2015;The Prosciutto and Arugula Pizza;5
17/04/2015;The Sicilian Pizza;8
17/04/2015;The Soppressata Pizza;5
17/04/2015;The Southwest Chicken Pizza;10
17/04/2015;The Spicy Italian Pizza;7
17/04/2015;The Spinach Pesto Pizza;4
17/04/2015;The Spinach Supreme Pizza;1
17/04/2015;The Spinach and Feta Pizza;2
17/04/2015;The Thai Chicken Pizza;8
17/04/2015;The Vegetables + Vegetables Pizza;8
18/04/2015;The Barbecue Chicken Pizza;8
18/04/2015;The Big Meat Pizza;8
18/04/2015;The Brie Carre Pizza;1
18/04/2015;The Calabrese Pizza;5
18/04/2015;The California Chicken Pizza;5
18/04/2015;The Chicken Alfredo Pizza;1
18/04/2015;The Chicken Pesto Pizza;2
18/04/2015;The Classic Deluxe Pizza;5
18/04/2015;The Five Cheese Pizza;6
18/04/2015;The Four Cheese Pizza;5
18/04/2015;The Greek Pizza;6
18/04/2015;The Green Garden Pizza;4
18/04/2015;The Hawaiian Pizza;5
18/04/2015;The Italian Capocollo Pizza;2
18/04/2015;The Italian Supreme Pizza;7
18/04/2015;The Italian Vegetables Pizza;6
18/04/2015;The Mediterranean Pizza;1
18/04/2015;The Mexicana Pizza;5
18/04/2015;The Napolitana Pizza;2
18/04/2015;The Pepper Salami Pizza;5
18/04/2015;The Pepperoni Pizza;1
18/04/2015;The Pepperoni, Mushroom, and Peppers Pizza;4
18/04/2015;The Prosciutto and Arugula Pizza;3
18/04/2015;The Sicilian Pizza;3
18/04/2015;The Soppressata Pizza;5
18/04/2015;The Southwest Chicken Pizza;5
18/04/2015;The Spicy Italian Pizza;5
18/04/2015;The Spinach Pesto Pizza;2
18/04/2015;The Spinach Supreme Pizza;0
18/04/2015;The Spinach and Feta Pizza;5
18/04/2015;The Thai Chicken Pizza;10
18/04/2015;The Vegetables + Vegetables Pizza;5
19/04/2015;The Barbecue Chicken Pizza;4
19/04/2015;The Big Meat Pizza;5
19/04/2015;The Brie Carre Pizza;0
19/04/2015;The Calabrese Pizza;2
19/04/2015;The California Chicken Pizza;7
19/04/2015;The Chicken Alfredo Pizza;1
19/04/2015;The Chicken Pesto Pizza;1
19/04/2015;The Classic Deluxe Pizza;6
19/04/2015;The Five Cheese Pizza;4
19/04/2015;The Four Cheese Pizza;2
19/04/2015;The Greek Pizza;0
19/04/2015;The Green Garden Pizza;1
19/04/2015;The Hawaiian Pizza;8
19/04/2015;The Italian Capocollo Pizza;4
19/04/2015;The Italian Supreme Pizza;3
19/04/2015;The Italian Vegetables Pizza;1
19/04/2015;The Mediterranean Pizza;4
19/04/2015;The Mexicana Pizza;2
19/04/2015;The Napolitana Pizza;1
19/04/2015;The Pepper Salami Pizza;9
19/04/2015;The Pepperoni Pizza;1
19/04/2015;The Pepperoni, Mushroom, and Peppers Pizza;5
19/04/2015;The Prosciutto and Arugula Pizza;2
19/04/2015;The Sicilian Pizza;4
19/04/2015;The Soppressata Pizza;3
19/04/2015;The Southwest Chicken Pizza;4
19/04/2015;The Spicy Italian Pizza;0
19/04/2015;The Spinach Pesto Pizza;1
19/04/2015;The Spinach Supreme Pizza;1
19/04/2015;The Spinach and Feta Pizza;4
19/04/2015;The Thai Chicken Pizza;1
19/04/2015;The Vegetables + Vegetables Pizza;4
20/04/2015;The Barbecue Chicken Pizza;5
20/04/2015;The Big Meat Pizza;11
20/04/2015;The Brie Carre Pizza;2
20/04/2015;The Calabrese Pizza;2
20/04/2015;The California Chicken Pizza;4
20/04/2015;The Chicken Alfredo Pizza;3
20/04/2015;The Chicken Pesto Pizza;6
20/04/2015;The Classic Deluxe Pizza;8
20/04/2015;The Five Cheese Pizza;4
20/04/2015;The Four Cheese Pizza;5
20/04/2015;The Greek Pizza;4
20/04/2015;The Green Garden Pizza;3
20/04/2015;The Hawaiian Pizza;11
20/04/2015;The Italian Capocollo Pizza;1
20/04/2015;The Italian Supreme Pizza;5
20/04/2015;The Italian Vegetables Pizza;3
20/04/2015;The Mediterranean Pizza;6
20/04/2015;The Mexicana Pizza;8
20/04/2015;The Napolitana Pizza;4
20/04/2015;The Pepper Salami Pizza;3
20/04/2015;The Pepperoni Pizza;7
20/04/2015;The Pepperoni, Mushroom, and Peppers Pizza;6
20/04/2015;The Prosciutto and Arugula Pizza;2
20/04/2015;The Sicilian Pizza;4
20/04/2015;The Soppressata Pizza;1
20/04/2015;The Southwest Chicken Pizza;6
20/04/2015;The Spicy Italian Pizza;5
20/04/2015;The Spinach Pesto Pizza;0
20/04/2015;The Spinach Supreme Pizza;5
20/04/2015;The Spinach and Feta Pizza;3
20/04/2015;The Thai Chicken Pizza;9
20/04/2015;The Vegetables + Vegetables Pizza;5
21/04/2015;The Barbecue Chicken Pizza;7
21/04/2015;The Big Meat Pizza;3
21/04/2015;The Brie Carre Pizza;0
21/04/2015;The Calabrese Pizza;2
21/04/2015;The California Chicken Pizza;7
21/04/2015;The Chicken Alfredo Pizza;1
21/04/2015;The Chicken Pesto Pizza;5
21/04/2015;The Classic Deluxe Pizza;10
21/04/2015;The Five Cheese Pizza;5
21/04/2015;The Four Cheese Pizza;8
21/04/2015;The Greek Pizza;1
21/04/2015;The Green Garden Pizza;2
21/04/2015;The Hawaiian Pizza;5
21/04/2015;The Italian Capocollo Pizza;2
21/04/2015;The Italian Supreme Pizza;8
21/04/2015;The Italian Vegetables Pizza;4
21/04/2015;The Mediterranean Pizza;4
21/04/2015;The Mexicana Pizza;4
21/04/2015;The Napolitana Pizza;4
21/04/2015;The Pepper Salami Pizza;6
21/04/2015;The Pepperoni Pizza;4
21/04/2015;The Pepperoni, Mushroom, and Peppers Pizza;5
21/04/2015;The Prosciutto and Arugula Pizza;3
21/04/2015;The Sicilian Pizza;6
21/04/2015;The Soppressata Pizza;4
21/04/2015;The Southwest Chicken Pizza;5
21/04/2015;The Spicy Italian Pizza;4
21/04/2015;The Spinach Pesto Pizza;3
21/04/2015;The Spinach Supreme Pizza;1
21/04/2015;The Spinach and Feta Pizza;2
21/04/2015;The Thai Chicken Pizza;6
21/04/2015;The Vegetables + Vegetables Pizza;3
22/04/2015;The Barbecue Chicken Pizza;4
22/04/2015;The Big Meat Pizza;4
22/04/2015;The Brie Carre Pizza;1
22/04/2015;The Calabrese Pizza;2
22/04/2015;The California Chicken Pizza;5
22/04/2015;The Chicken Alfredo Pizza;2
22/04/2015;The Chicken Pesto Pizza;8
22/04/2015;The Classic Deluxe Pizza;9
22/04/2015;The Five Cheese Pizza;4
22/04/2015;The Four Cheese Pizza;5
22/04/2015;The Greek Pizza;2
22/04/2015;The Green Garden Pizza;6
22/04/2015;The Hawaiian Pizza;4
22/04/2015;The Italian Capocollo Pizza;3
22/04/2015;The Italian Supreme Pizza;7
22/04/2015;The Italian Vegetables Pizza;4
22/04/2015;The Mediterranean Pizza;1
22/04/2015;The Mexicana Pizza;4
22/04/2015;The Napolitana Pizza;5
22/04/2015;The Pepper Salami Pizza;3
22/04/2015;The Pepperoni Pizza;7
22/04/2015;The Pepperoni, Mushroom, and Peppers Pizza;5
22/04/2015;The Prosciutto and Arugula Pizza;5
22/04/2015;The Sicilian Pizza;4
22/04/2015;The Soppressata Pizza;2
22/04/2015;The Southwest Chicken Pizza;5
22/04/2015;The Spicy Italian Pizza;4
22/04/2015;The Spinach Pesto Pizza;3
22/04/2015;The Spinach Supreme Pizza;2
22/04/2015;The Spinach and Feta Pizza;3
22/04/2015;The Thai Chicken Pizza;9
22/04/2015;The Vegetables + Vegetables Pizza;2
23/04/2015;The Barbecue Chicken Pizza;8
23/04/2015;The Big Meat Pizza;5
23/04/2015;The Brie Carre Pizza;1
23/04/2015;The Calabrese Pizza;3
23/04/2015;The California Chicken Pizza;9
23/04/2015;The Chicken Alfredo Pizza;1
23/04/2015;The Chicken Pesto Pizza;2
23/04/2015;The Classic Deluxe Pizza;7
23/04/2015;The Five Cheese Pizza;6
23/04/2015;The Four Cheese Pizza;4
23/04/2015;The Greek Pizza;7
23/04/2015;The Green Garden Pizza;2
23/04/2015;The Hawaiian Pizza;4
23/04/2015;The Italian Capocollo Pizza;9
23/04/2015;The Italian Supreme Pizza;10
23/04/2015;The Italian Vegetables Pizza;1
23/04/2015;The Mediterranean Pizza;0
23/04/2015;The Mexicana Pizza;4
23/04/2015;The Napolitana Pizza;5
23/04/2015;The Pepper Salami Pizza;4
23/04/2015;The Pepperoni Pizza;7
23/04/2015;The Pepperoni, Mushroom, and Peppers Pizza;4
23/04/2015;The Prosciutto and Arugula Pizza;2
23/04/2015;The Sicilian Pizza;7
23/04/2015;The Soppressata Pizza;3
23/04/2015;The Southwest Chicken Pizza;7
23/04/2015;The Spicy Italian Pizza;6
23/04/2015;The Spinach Pesto Pizza;1
23/04/2015;The Spinach Supreme Pizza;3
23/04/2015;The Spinach and Feta Pizza;3
23/04/2015;The Thai Chicken Pizza;2
23/04/2015;The Vegetables + Vegetables Pizza;7
24/04/2015;The Barbecue Chicken Pizza;9
24/04/2015;The Big Meat Pizza;8
24/04/2015;The Brie Carre Pizza;2
24/04/2015;The Calabrese Pizza;2
24/04/2015;The California Chicken Pizza;8
24/04/2015;The Chicken Alfredo Pizza;4
24/04/2015;The Chicken Pesto Pizza;8
24/04/2015;The Classic Deluxe Pizza;8
24/04/2015;The Five Cheese Pizza;4
24/04/2015;The Four Cheese Pizza;9
24/04/2015;The Greek Pizza;11
24/04/2015;The Green Garden Pizza;4
24/04/2015;The Hawaiian Pizza;5
24/04/2015;The Italian Capocollo Pizza;2
24/04/2015;The Italian Supreme Pizza;5
24/04/2015;The Italian Vegetables Pizza;4
24/04/2015;The Mediterranean Pizza;5
24/04/2015;The Mexicana Pizza;3
24/04/2015;The Napolitana Pizza;2
24/04/2015;The Pepper Salami Pizza;5
24/04/2015;The Pepperoni Pizza;9
24/04/2015;The Pepperoni, Mushroom, and Peppers Pizza;3
24/04/2015;The Prosciutto and Arugula Pizza;6
24/04/2015;The Sicilian Pizza;7
24/04/2015;The Soppressata Pizza;3
24/04/2015;The Southwest Chicken Pizza;3
24/04/2015;The Spicy Italian Pizza;12
24/04/2015;The Spinach Pesto Pizza;1
24/04/2015;The Spinach Supreme Pizza;3
24/04/2015;The Spinach and Feta Pizza;4
24/04/2015;The Thai Chicken Pizza;10
24/04/2015;The Vegetables + Vegetables Pizza;6
25/04/2015;The Barbecue Chicken Pizza;15
25/04/2015;The Big Meat Pizza;6
25/04/2015;The Brie Carre Pizza;0
25/04/2015;The Calabrese Pizza;2
25/04/2015;The California Chicken Pizza;4
25/04/2015;The Chicken Alfredo Pizza;1
25/04/2015;The Chicken Pesto Pizza;3
25/04/2015;The Classic Deluxe Pizza;5
25/04/2015;The Five Cheese Pizza;5
25/04/2015;The Four Cheese Pizza;3
25/04/2015;The Greek Pizza;3
25/04/2015;The Green Garden Pizza;2
25/04/2015;The Hawaiian Pizza;5
25/04/2015;The Italian Capocollo Pizza;5
25/04/2015;The Italian Supreme Pizza;3
25/04/2015;The Italian Vegetables Pizza;4
25/04/2015;The Mediterranean Pizza;1
25/04/2015;The Mexicana Pizza;2
25/04/2015;The Napolitana Pizza;2
25/04/2015;The Pepper Salami Pizza;5
25/04/2015;The Pepperoni Pizza;2
25/04/2015;The Pepperoni, Mushroom, and Peppers Pizza;3
25/04/2015;The Prosciutto and Arugula Pizza;4
25/04/2015;The Sicilian Pizza;13
25/04/2015;The Soppressata Pizza;2
25/04/2015;The Southwest Chicken Pizza;7
25/04/2015;The Spicy Italian Pizza;4
25/04/2015;The Spinach Pesto Pizza;3
25/04/2015;The Spinach Supreme Pizza;1
25/04/2015;The Spinach and Feta Pizza;2
25/04/2015;The Thai Chicken Pizza;5
25/04/2015;The Vegetables + Vegetables Pizza;4
26/04/2015;The Barbecue Chicken Pizza;2
26/04/2015;The Big Meat Pizza;3
26/04/2015;The Brie Carre Pizza;1
26/04/2015;The Calabrese Pizza;1
26/04/2015;The California Chicken Pizza;2
26/04/2015;The Chicken Alfredo Pizza;1
26/04/2015;The Chicken Pesto Pizza;4
26/04/2015;The Classic Deluxe Pizza;5
26/04/2015;The Five Cheese Pizza;2
26/04/2015;The Four Cheese Pizza;9
26/04/2015;The Greek Pizza;2
26/04/2015;The Green Garden Pizza;1
26/04/2015;The Hawaiian Pizza;10
26/04/2015;The Italian Capocollo Pizza;1
26/04/2015;The Italian Supreme Pizza;6
26/04/2015;The Italian Vegetables Pizza;3
26/04/2015;The Mediterranean Pizza;0
26/04/2015;The Mexicana Pizza;3
26/04/2015;The Napolitana Pizza;3
26/04/2015;The Pepper Salami Pizza;2
26/04/2015;The Pepperoni Pizza;5
26/04/2015;The Pepperoni, Mushroom, and Peppers Pizza;2
26/04/2015;The Prosciutto and Arugula Pizza;5
26/04/2015;The Sicilian Pizza;2
26/04/2015;The Soppressata Pizza;3
26/04/2015;The Southwest Chicken Pizza;5
26/04/2015;The Spicy Italian Pizza;6
26/04/2015;The Spinach Pesto Pizza;3
26/04/2015;The Spinach Supreme Pizza;2
26/04/2015;The Spinach and Feta Pizza;7
26/04/2015;The Thai Chicken Pizza;6
26/04/2015;The Vegetables + Vegetables Pizza;4
27/04/2015;The Barbecue Chicken Pizza;12
27/04/2015;The Big Meat Pizza;8
27/04/2015;The Brie Carre Pizza;1
27/04/2015;The Calabrese Pizza;6
27/04/2015;The California Chicken Pizza;6
27/04/2015;The Chicken Alfredo Pizza;3
27/04/2015;The Chicken Pesto Pizza;1
27/04/2015;The Classic Deluxe Pizza;7
27/04/2015;The Five Cheese Pizza;1
27/04/2015;The Four Cheese Pizza;2
27/04/2015;The Greek Pizza;2
27/04/2015;The Green Garden Pizza;2
27/04/2015;The Hawaiian Pizza;10
27/04/2015;The Italian Capocollo Pizza;5
27/04/2015;The Italian Supreme Pizza;8
27/04/2015;The Italian Vegetables Pizza;2
27/04/2015;The Mediterranean Pizza;1
27/04/2015;The Mexicana Pizza;4
27/04/2015;The Napolitana Pizza;4
27/04/2015;The Pepper Salami Pizza;6
27/04/2015;The Pepperoni Pizza;5
27/04/2015;The Pepperoni, Mushroom, and Peppers Pizza;2
27/04/2015;The Prosciutto and Arugula Pizza;4
27/04/2015;The Sicilian Pizza;4
27/04/2015;The Soppressata Pizza;4
27/04/2015;The Southwest Chicken Pizza;4
27/04/2015;The Spicy Italian Pizza;1
27/04/2015;The Spinach Pesto Pizza;4
27/04/2015;The Spinach Supreme Pizza;1
27/04/2015;The Spinach and Feta Pizza;4
27/04/2015;The Thai Chicken Pizza;6
27/04/2015;The Vegetables + Vegetables Pizza;3
28/04/2015;The Barbecue Chicken Pizza;8
28/04/2015;The Big Meat Pizza;3
28/04/2015;The Brie Carre Pizza;1
28/04/2015;The Calabrese Pizza;0
28/04/2015;The California Chicken Pizza;5
28/04/2015;The Chicken Alfredo Pizza;1
28/04/2015;The Chicken Pesto Pizza;0
28/04/2015;The Classic Deluxe Pizza;4
28/04/2015;The Five Cheese Pizza;4
28/04/2015;The Four Cheese Pizza;4
28/04/2015;The Greek Pizza;1
28/04/2015;The Green Garden Pizza;3
28/04/2015;The Hawaiian Pizza;7
28/04/2015;The Italian Capocollo Pizza;8
28/04/2015;The Italian Supreme Pizza;5
28/04/2015;The Italian Vegetables Pizza;4
28/04/2015;The Mediterranean Pizza;2
28/04/2015;The Mexicana Pizza;1
28/04/2015;The Napolitana Pizza;3
28/04/2015;The Pepper Salami Pizza;5
28/04/2015;The Pepperoni Pizza;3
28/04/2015;The Pepperoni, Mushroom, and Peppers Pizza;1
28/04/2015;The Prosciutto and Arugula Pizza;1
28/04/2015;The Sicilian Pizza;4
28/04/2015;The Soppressata Pizza;0
28/04/2015;The Southwest Chicken Pizza;3
28/04/2015;The Spicy Italian Pizza;3
28/04/2015;The Spinach Pesto Pizza;2
28/04/2015;The Spinach Supreme Pizza;3
28/04/2015;The Spinach and Feta Pizza;9
28/04/2015;The Thai Chicken Pizza;2
28/04/2015;The Vegetables + Vegetables Pizza;7
29/04/2015;The Barbecue Chicken Pizza;3
29/04/2015;The Big Meat Pizza;4
29/04/2015;The Brie Carre Pizza;2
29/04/2015;The Calabrese Pizza;5
29/04/2015;The California Chicken Pizza;7
29/04/2015;The Chicken Alfredo Pizza;3
29/04/2015;The Chicken Pesto Pizza;4
29/04/2015;The Classic Deluxe Pizza;4
29/04/2015;The Five Cheese Pizza;2
29/04/2015;The Four Cheese Pizza;3
29/04/2015;The Greek Pizza;8
29/04/2015;The Green Garden Pizza;0
29/04/2015;The Hawaiian Pizza;6
29/04/2015;The Italian Capocollo Pizza;2
29/04/2015;The Italian Supreme Pizza;5
29/04/2015;The Italian Vegetables Pizza;3
29/04/2015;The Mediterranean Pizza;1
29/04/2015;The Mexicana Pizza;4
29/04/2015;The Napolitana Pizza;3
29/04/2015;The Pepper Salami Pizza;2
29/04/2015;The Pepperoni Pizza;7
29/04/2015;The Pepperoni, Mushroom, and Peppers Pizza;1
29/04/2015;The Prosciutto and Arugula Pizza;1
29/04/2015;The Sicilian Pizza;5
29/04/2015;The Soppressata Pizza;2
29/04/2015;The Southwest Chicken Pizza;6
29/04/2015;The Spicy Italian Pizza;4
29/04/2015;The Spinach Pesto Pizza;1
29/04/2015;The Spinach Supreme Pizza;4
29/04/2015;The Spinach and Feta Pizza;4
29/04/2015;The Thai Chicken Pizza;1
29/04/2015;The Vegetables + Vegetables Pizza;4
30/04/2015;The Barbecue Chicken Pizza;8
30/04/2015;The Big Meat Pizza;6
30/04/2015;The Brie Carre Pizza;2
30/04/2015;The Calabrese Pizza;1
30/04/2015;The California Chicken Pizza;5
30/04/2015;The Chicken Alfredo Pizza;6
30/04/2015;The Chicken Pesto Pizza;2
30/04/2015;The Classic Deluxe Pizza;8
30/04/2015;The Five Cheese Pizza;2
30/04/2015;The Four Cheese Pizza;11
30/04/2015;The Greek Pizza;6
30/04/2015;The Green Garden Pizza;6
30/04/2015;The Hawaiian Pizza;8
30/04/2015;The Italian Capocollo Pizza;3
30/04/2015;The Italian Supreme Pizza;6
30/04/2015;The Italian Vegetables Pizza;1
30/04/2015;The Mediterranean Pizza;1
30/04/2015;The Mexicana Pizza;6
30/04/2015;The Napolitana Pizza;5
30/04/2015;The Pepper Salami Pizza;3
30/04/2015;The Pepperoni Pizza;10
30/04/2015;The Pepperoni, Mushroom, and Peppers Pizza;7
30/04/2015;The Prosciutto and Arugula Pizza;5
30/04/2015;The Sicilian Pizza;7
30/04/2015;The Soppressata Pizza;3
30/04/2015;The Southwest Chicken Pizza;10
30/04/2015;The Spicy Italian Pizza;5
30/04/2015;The Spinach Pesto Pizza;6
30/04/2015;The Spinach Supreme Pizza;4
30/04/2015;The Spinach and Feta Pizza;5
30/04/2015;The Thai Chicken Pizza;5
30/04/2015;The Vegetables + Vegetables Pizza;0
01/05/2015;The Barbecue Chicken Pizza;6
01/05/2015;The Big Meat Pizza;1
01/05/2015;The Brie Carre Pizza;1
01/05/2015;The Calabrese Pizza;4
01/05/2015;The California Chicken Pizza;11
01/05/2015;The Chicken Alfredo Pizza;2
01/05/2015;The Chicken Pesto Pizza;5
01/05/2015;The Classic Deluxe Pizza;9
01/05/2015;The Five Cheese Pizza;6
01/05/2015;The Four Cheese Pizza;4
01/05/2015;The Greek Pizza;5
01/05/2015;The Green Garden Pizza;1
01/05/2015;The Hawaiian Pizza;7
01/05/2015;The Italian Capocollo Pizza;5
01/05/2015;The Italian Supreme Pizza;5
01/05/2015;The Italian Vegetables Pizza;4
01/05/2015;The Mediterranean Pizza;6
01/05/2015;The Mexicana Pizza;2
01/05/2015;The Napolitana Pizza;1
01/05/2015;The Pepper Salami Pizza;7
01/05/2015;The Pepperoni Pizza;10
01/05/2015;The Pepperoni, Mushroom, and Peppers Pizza;4
01/05/2015;The Prosciutto and Arugula Pizza;5
01/05/2015;The Sicilian Pizza;5
01/05/2015;The Soppressata Pizza;0
01/05/2015;The Southwest Chicken Pizza;6
01/05/2015;The Spicy Italian Pizza;5
01/05/2015;The Spinach Pesto Pizza;2
01/05/2015;The Spinach Supreme Pizza;4
01/05/2015;The Spinach and Feta Pizza;5
01/05/2015;The Thai Chicken Pizza;10
01/05/2015;The Vegetables + Vegetables Pizza;6
02/05/2015;The Barbecue Chicken Pizza;6
02/05/2015;The Big Meat Pizza;7
02/05/2015;The Brie Carre Pizza;1
02/05/2015;The Calabrese Pizza;1
02/05/2015;The California Chicken Pizza;9
02/05/2015;The Chicken Alfredo Pizza;4
02/05/2015;The Chicken Pesto Pizza;7
02/05/2015;The Classic Deluxe Pizza;12
02/05/2015;The Five Cheese Pizza;2
02/05/2015;The Four Cheese Pizza;7
02/05/2015;The Greek Pizza;4
02/05/2015;The Green Garden Pizza;4
02/05/2015;The Hawaiian Pizza;7
02/05/2015;The Italian Capocollo Pizza;4
02/05/2015;The Italian Supreme Pizza;4
02/05/2015;The Italian Vegetables Pizza;5
02/05/2015;The Mediterranean Pizza;3
02/05/2015;The Mexicana Pizza;1
02/05/2015;The Napolitana Pizza;3
02/05/2015;The Pepper Salami Pizza;7
02/05/2015;The Pepperoni Pizza;6
02/05/2015;The Pepperoni, Mushroom, and Peppers Pizza;6
02/05/2015;The Prosciutto and Arugula Pizza;3
02/05/2015;The Sicilian Pizza;2
02/05/2015;The Soppressata Pizza;2
02/05/2015;The Southwest Chicken Pizza;2
02/05/2015;The Spicy Italian Pizza;7
02/05/2015;The Spinach Pesto Pizza;4
02/05/2015;The Spinach Supreme Pizza;3
02/05/2015;The Spinach and Feta Pizza;6
02/05/2015;The Thai Chicken Pizza;11
02/05/2015;The Vegetables + Vegetables Pizza;2
03/05/2015;The Barbecue Chicken Pizza;5
03/05/2015;The Big Meat Pizza;6
03/05/2015;The Brie Carre Pizza;2
03/05/2015;The Calabrese Pizza;1
03/05/2015;The California Chicken Pizza;7
03/05/2015;The Chicken Alfredo Pizza;4
03/05/2015;The Chicken Pesto Pizza;2
03/05/2015;The Classic Deluxe Pizza;1
03/05/2015;The Five Cheese Pizza;3
03/05/2015;The Four Cheese Pizza;3
03/05/2015;The Greek Pizza;2
03/05/2015;The Green Garden Pizza;5
03/05/2015;The Hawaiian Pizza;7
03/05/2015;The Italian Capocollo Pizza;3
03/05/2015;The Italian Supreme Pizza;6
03/05/2015;The Italian Vegetables Pizza;1
03/05/2015;The Mediterranean Pizza;1
03/05/2015;The Mexicana Pizza;1
03/05/2015;The Napolitana Pizza;1
03/05/2015;The Pepper Salami Pizza;3
03/05/2015;The Pepperoni Pizza;9
03/05/2015;The Pepperoni, Mushroom, and Peppers Pizza;3
03/05/2015;The Prosciutto and Arugula Pizza;2
03/05/2015;The Sicilian Pizza;1
03/05/2015;The Soppressata Pizza;0
03/05/2015;The Southwest Chicken Pizza;6
03/05/2015;The Spicy Italian Pizza;7
03/05/2015;The Spinach Pesto Pizza;4
03/05/2015;The Spinach Supreme Pizza;4
03/05/2015;The Spinach and Feta Pizza;6
03/05/2015;The Thai Chicken Pizza;3
03/05/2015;The Vegetables + Vegetables Pizza;5
04/05/2015;The Barbecue Chicken Pizza;8
04/05/2015;The Big Meat Pizza;6
04/05/2015;The Brie Carre Pizza;4
04/05/2015;The Calabrese Pizza;2
04/05/2015;The California Chicken Pizza;5
04/05/2015;The Chicken Alfredo Pizza;5
04/05/2015;The Chicken Pesto Pizza;3
04/05/2015;The Classic Deluxe Pizza;8
04/05/2015;The Five Cheese Pizza;6
04/05/2015;The Four Cheese Pizza;6
04/05/2015;The Greek Pizza;3
04/05/2015;The Green Garden Pizza;2
04/05/2015;The Hawaiian Pizza;6
04/05/2015;The Italian Capocollo Pizza;6
04/05/2015;The Italian Supreme Pizza;4
04/05/2015;The Italian Vegetables Pizza;2
04/05/2015;The Mediterranean Pizza;2
04/05/2015;The Mexicana Pizza;2
04/05/2015;The Napolitana Pizza;4
04/05/2015;The Pepper Salami Pizza;4
04/05/2015;The Pepperoni Pizza;11
04/05/2015;The Pepperoni, Mushroom, and Peppers Pizza;3
04/05/2015;The Prosciutto and Arugula Pizza;4
04/05/2015;The Sicilian Pizza;2
04/05/2015;The Soppressata Pizza;1
04/05/2015;The Southwest Chicken Pizza;7
04/05/2015;The Spicy Italian Pizza;10
04/05/2015;The Spinach Pesto Pizza;3
04/05/2015;The Spinach Supreme Pizza;1
04/05/2015;The Spinach and Feta Pizza;2
04/05/2015;The Thai Chicken Pizza;5
04/05/2015;The Vegetables + Vegetables Pizza;4
05/05/2015;The Barbecue Chicken Pizza;6
05/05/2015;The Big Meat Pizza;3
05/05/2015;The Brie Carre Pizza;0
05/05/2015;The Calabrese Pizza;0
05/05/2015;The California Chicken Pizza;4
05/05/2015;The Chicken Alfredo Pizza;3
05/05/2015;The Chicken Pesto Pizza;3
05/05/2015;The Classic Deluxe Pizza;6
05/05/2015;The Five Cheese Pizza;2
05/05/2015;The Four Cheese Pizza;5
05/05/2015;The Greek Pizza;2
05/05/2015;The Green Garden Pizza;3
05/05/2015;The Hawaiian Pizza;12
05/05/2015;The Italian Capocollo Pizza;1
05/05/2015;The Italian Supreme Pizza;3
05/05/2015;The Italian Vegetables Pizza;5
05/05/2015;The Mediterranean Pizza;3
05/05/2015;The Mexicana Pizza;3
05/05/2015;The Napolitana Pizza;3
05/05/2015;The Pepper Salami Pizza;2
05/05/2015;The Pepperoni Pizza;5
05/05/2015;The Pepperoni, Mushroom, and Peppers Pizza;1
05/05/2015;The Prosciutto and Arugula Pizza;0
05/05/2015;The Sicilian Pizza;1
05/05/2015;The Soppressata Pizza;3
05/05/2015;The Southwest Chicken Pizza;2
05/05/2015;The Spicy Italian Pizza;5
05/05/2015;The Spinach Pesto Pizza;7
05/05/2015;The Spinach Supreme Pizza;1
05/05/2015;The Spinach and Feta Pizza;4
05/05/2015;The Thai Chicken Pizza;7
05/05/2015;The Vegetables + Vegetables Pizza;2
06/05/2015;The Barbecue Chicken Pizza;10
06/05/2015;The Big Meat Pizza;5
06/05/2015;The Brie Carre Pizza;0
06/05/2015;The Calabrese Pizza;1
06/05/2015;The California Chicken Pizza;9
06/05/2015;The Chicken Alfredo Pizza;5
06/05/2015;The Chicken Pesto Pizza;0
06/05/2015;The Classic Deluxe Pizza;7
06/05/2015;The Five Cheese Pizza;2
06/05/2015;The Four Cheese Pizza;6
06/05/2015;The Greek Pizza;2
06/05/2015;The Green Garden Pizza;1
06/05/2015;The Hawaiian Pizza;7
06/05/2015;The Italian Capocollo Pizza;3
06/05/2015;The Italian Supreme Pizza;10
06/05/2015;The Italian Vegetables Pizza;1
06/05/2015;The Mediterranean Pizza;2
06/05/2015;The Mexicana Pizza;4
06/05/2015;The Napolitana Pizza;2
06/05/2015;The Pepper Salami Pizza;2
06/05/2015;The Pepperoni Pizza;3
06/05/2015;The Pepperoni, Mushroom, and Peppers Pizza;8
06/05/2015;The Prosciutto and Arugula Pizza;4
06/05/2015;The Sicilian Pizza;3
06/05/2015;The Soppressata Pizza;5
06/05/2015;The Southwest Chicken Pizza;7
06/05/2015;The Spicy Italian Pizza;4
06/05/2015;The Spinach Pesto Pizza;8
06/05/2015;The Spinach Supreme Pizza;4
06/05/2015;The Spinach and Feta Pizza;4
06/05/2015;The Thai Chicken Pizza;5
06/05/2015;The Vegetables + Vegetables Pizza;6
07/05/2015;The Barbecue Chicken Pizza;10
07/05/2015;The Big Meat Pizza;6
07/05/2015;The Brie Carre Pizza;5
07/05/2015;The Calabrese Pizza;4
07/05/2015;The California Chicken Pizza;6
07/05/2015;The Chicken Alfredo Pizza;1
07/05/2015;The Chicken Pesto Pizza;1
07/05/2015;The Classic Deluxe Pizza;4
07/05/2015;The Five Cheese Pizza;5
07/05/2015;The Four Cheese Pizza;4
07/05/2015;The Greek Pizza;3
07/05/2015;The Green Garden Pizza;2
07/05/2015;The Hawaiian Pizza;5
07/05/2015;The Italian Capocollo Pizza;2
07/05/2015;The Italian Supreme Pizza;7
07/05/2015;The Italian Vegetables Pizza;5
07/05/2015;The Mediterranean Pizza;2
07/05/2015;The Mexicana Pizza;5
07/05/2015;The Napolitana Pizza;5
07/05/2015;The Pepper Salami Pizza;3
07/05/2015;The Pepperoni Pizza;6
07/05/2015;The Pepperoni, Mushroom, and Peppers Pizza;3
07/05/2015;The Prosciutto and Arugula Pizza;2
07/05/2015;The Sicilian Pizza;4
07/05/2015;The Soppressata Pizza;4
07/05/2015;The Southwest Chicken Pizza;4
07/05/2015;The Spicy Italian Pizza;5
07/05/2015;The Spinach Pesto Pizza;4
07/05/2015;The Spinach Supreme Pizza;3
07/05/2015;The Spinach and Feta Pizza;4
07/05/2015;The Thai Chicken Pizza;6
07/05/2015;The Vegetables + Vegetables Pizza;1
08/05/2015;The Barbecue Chicken Pizza;5
08/05/2015;The Big Meat Pizza;10
08/05/2015;The Brie Carre Pizza;0
08/05/2015;The Calabrese Pizza;3
08/05/2015;The California Chicken Pizza;10
08/05/2015;The Chicken Alfredo Pizza;2
08/05/2015;The Chicken Pesto Pizza;2
08/05/2015;The Classic Deluxe Pizza;8
08/05/2015;The Five Cheese Pizza;3
08/05/2015;The Four Cheese Pizza;11
08/05/2015;The Greek Pizza;7
08/05/2015;The Green Garden Pizza;3
08/05/2015;The Hawaiian Pizza;5
08/05/2015;The Italian Capocollo Pizza;5
08/05/2015;The Italian Supreme Pizza;4
08/05/2015;The Italian Vegetables Pizza;5
08/05/2015;The Mediterranean Pizza;3
08/05/2015;The Mexicana Pizza;8
08/05/2015;The Napolitana Pizza;7
08/05/2015;The Pepper Salami Pizza;6
08/05/2015;The Pepperoni Pizza;11
08/05/2015;The Pepperoni, Mushroom, and Peppers Pizza;6
08/05/2015;The Prosciutto and Arugula Pizza;5
08/05/2015;The Sicilian Pizza;6
08/05/2015;The Soppressata Pizza;4
08/05/2015;The Southwest Chicken Pizza;7
08/05/2015;The Spicy Italian Pizza;8
08/05/2015;The Spinach Pesto Pizza;5
08/05/2015;The Spinach Supreme Pizza;3
08/05/2015;The Spinach and Feta Pizza;6
08/05/2015;The Thai Chicken Pizza;8
08/05/2015;The Vegetables + Vegetables Pizza;5
09/05/2015;The Barbecue Chicken Pizza;10
09/05/2015;The Big Meat Pizza;6
09/05/2015;The Brie Carre Pizza;1
09/05/2015;The Calabrese Pizza;1
09/05/2015;The California Chicken Pizza;11
09/05/2015;The Chicken Alfredo Pizza;2
09/05/2015;The Chicken Pesto Pizza;1
09/05/2015;The Classic Deluxe Pizza;8
09/05/2015;The Five Cheese Pizza;3
09/05/2015;The Four Cheese Pizza;9
09/05/2015;The Greek Pizza;8
09/05/2015;The Green Garden Pizza;4
09/05/2015;The Hawaiian Pizza;6
09/05/2015;The Italian Capocollo Pizza;4
09/05/2015;The Italian Supreme Pizza;4
09/05/2015;The Italian Vegetables Pizza;5
09/05/2015;The Mediterranean Pizza;1
09/05/2015;The Mexicana Pizza;2
09/05/2015;The Napolitana Pizza;2
09/05/2015;The Pepper Salami Pizza;0
09/05/2015;The Pepperoni Pizza;12
09/05/2015;The Pepperoni, Mushroom, and Peppers Pizza;5
09/05/2015;The Prosciutto and Arugula Pizza;2
09/05/2015;The Sicilian Pizza;6
09/05/2015;The Soppressata Pizza;4
09/05/2015;The Southwest Chicken Pizza;3
09/05/2015;The Spicy Italian Pizza;4
09/05/2015;The Spinach Pesto Pizza;1
09/05/2015;The Spinach Supreme Pizza;5
09/05/2015;The Spinach and Feta Pizza;3
09/05/2015;The Thai Chicken Pizza;5
09/05/2015;The Vegetables + Vegetables Pizza;6
10/05/2015;The Barbecue Chicken Pizza;6
10/05/2015;The Big Meat Pizza;6
10/05/2015;The Brie Carre Pizza;2
10/05/2015;The Calabrese Pizza;7
10/05/2015;The California Chicken Pizza;4
10/05/2015;The Chicken Alfredo Pizza;0
10/05/2015;The Chicken Pesto Pizza;1
10/05/2015;The Classic Deluxe Pizza;4
10/05/2015;The Five Cheese Pizza;4
10/05/2015;The Four Cheese Pizza;6
10/05/2015;The Greek Pizza;6
10/05/2015;The Green Garden Pizza;2
10/05/2015;The Hawaiian Pizza;8
10/05/2015;The Italian Capocollo Pizza;4
10/05/2015;The Italian Supreme Pizza;3
10/05/2015;The Italian Vegetables Pizza;5
10/05/2015;The Mediterranean Pizza;7
10/05/2015;The Mexicana Pizza;5
10/05/2015;The Napolitana Pizza;3
10/05/2015;The Pepper Salami Pizza;4
10/05/2015;The Pepperoni Pizza;10
10/05/2015;The Pepperoni, Mushroom, and Peppers Pizza;6
10/05/2015;The Prosciutto and Arugula Pizza;2
10/05/2015;The Sicilian Pizza;6
10/05/2015;The Soppressata Pizza;3
10/05/2015;The Southwest Chicken Pizza;4
10/05/2015;The Spicy Italian Pizza;4
10/05/2015;The Spinach Pesto Pizza;6
10/05/2015;The Spinach Supreme Pizza;2
10/05/2015;The Spinach and Feta Pizza;4
10/05/2015;The Thai Chicken Pizza;4
10/05/2015;The Vegetables + Vegetables Pizza;3
11/05/2015;The Barbecue Chicken Pizza;12
11/05/2015;The Big Meat Pizza;8
11/05/2015;The Brie Carre Pizza;3
11/05/2015;The Calabrese Pizza;2
11/05/2015;The California Chicken Pizza;6
11/05/2015;The Chicken Alfredo Pizza;2
11/05/2015;The Chicken Pesto Pizza;1
11/05/2015;The Classic Deluxe Pizza;11
11/05/2015;The Five Cheese Pizza;8
11/05/2015;The Four Cheese Pizza;7
11/05/2015;The Greek Pizza;3
11/05/2015;The Green Garden Pizza;5
11/05/2015;The Hawaiian Pizza;4
11/05/2015;The Italian Capocollo Pizza;5
11/05/2015;The Italian Supreme Pizza;6
11/05/2015;The Italian Vegetables Pizza;2
11/05/2015;The Mediterranean Pizza;5
11/05/2015;The Mexicana Pizza;0
11/05/2015;The Napolitana Pizza;3
11/05/2015;The Pepper Salami Pizza;4
11/05/2015;The Pepperoni Pizza;3
11/05/2015;The Pepperoni, Mushroom, and Peppers Pizza;2
11/05/2015;The Prosciutto and Arugula Pizza;3
11/05/2015;The Sicilian Pizza;5
11/05/2015;The Soppressata Pizza;5
11/05/2015;The Southwest Chicken Pizza;6
11/05/2015;The Spicy Italian Pizza;8
11/05/2015;The Spinach Pesto Pizza;3
11/05/2015;The Spinach Supreme Pizza;3
11/05/2015;The Spinach and Feta Pizza;3
11/05/2015;The Thai Chicken Pizza;5
11/05/2015;The Vegetables + Vegetables Pizza;1
12/05/2015;The Barbecue Chicken Pizza;5
12/05/2015;The Big Meat Pizza;4
12/05/2015;The Brie Carre Pizza;2
12/05/2015;The Calabrese Pizza;3
12/05/2015;The California Chicken Pizza;6
12/05/2015;The Chicken Alfredo Pizza;3
12/05/2015;The Chicken Pesto Pizza;4
12/05/2015;The Classic Deluxe Pizza;6
12/05/2015;The Five Cheese Pizza;5
12/05/2015;The Four Cheese Pizza;5
12/05/2015;The Greek Pizza;8
12/05/2015;The Green Garden Pizza;3
12/05/2015;The Hawaiian Pizza;6
12/05/2015;The Italian Capocollo Pizza;6
12/05/2015;The Italian Supreme Pizza;3
12/05/2015;The Italian Vegetables Pizza;3
12/05/2015;The Mediterranean Pizza;6
12/05/2015;The Mexicana Pizza;2
12/05/2015;The Napolitana Pizza;6
12/05/2015;The Pepper Salami Pizza;3
12/05/2015;The Pepperoni Pizza;12
12/05/2015;The Pepperoni, Mushroom, and Peppers Pizza;3
12/05/2015;The Prosciutto and Arugula Pizza;4
12/05/2015;The Sicilian Pizza;6
12/05/2015;The Soppressata Pizza;2
12/05/2015;The Southwest Chicken Pizza;5
12/05/2015;The Spicy Italian Pizza;6
12/05/2015;The Spinach Pesto Pizza;2
12/05/2015;The Spinach Supreme Pizza;2
12/05/2015;The Spinach and Feta Pizza;3
12/05/2015;The Thai Chicken Pizza;3
12/05/2015;The Vegetables + Vegetables Pizza;5
13/05/2015;The Barbecue Chicken Pizza;4
13/05/2015;The Big Meat Pizza;9
13/05/2015;The Brie Carre Pizza;2
13/05/2015;The Calabrese Pizza;3
13/05/2015;The California Chicken Pizza;8
13/05/2015;The Chicken Alfredo Pizza;3
13/05/2015;The Chicken Pesto Pizza;3
13/05/2015;The Classic Deluxe Pizza;5
13/05/2015;The Five Cheese Pizza;4
13/05/2015;The Four Cheese Pizza;9
13/05/2015;The Greek Pizza;5
13/05/2015;The Green Garden Pizza;2
13/05/2015;The Hawaiian Pizza;6
13/05/2015;The Italian Capocollo Pizza;3
13/05/2015;The Italian Supreme Pizza;6
13/05/2015;The Italian Vegetables Pizza;3
13/05/2015;The Mediterranean Pizza;0
13/05/2015;The Mexicana Pizza;2
13/05/2015;The Napolitana Pizza;1
13/05/2015;The Pepper Salami Pizza;2
13/05/2015;The Pepperoni Pizza;8
13/05/2015;The Pepperoni, Mushroom, and Peppers Pizza;3
13/05/2015;The Prosciutto and Arugula Pizza;5
13/05/2015;The Sicilian Pizza;4
13/05/2015;The Soppressata Pizza;5
13/05/2015;The Southwest Chicken Pizza;4
13/05/2015;The Spicy Italian Pizza;9
13/05/2015;The Spinach Pesto Pizza;3
13/05/2015;The Spinach Supreme Pizza;1
13/05/2015;The Spinach and Feta Pizza;5
13/05/2015;The Thai Chicken Pizza;7
13/05/2015;The Vegetables + Vegetables Pizza;3
14/05/2015;The Barbecue Chicken Pizza;9
14/05/2015;The Big Meat Pizza;5
14/05/2015;The Brie Carre Pizza;0
14/05/2015;The Calabrese Pizza;2
14/05/2015;The California Chicken Pizza;13
14/05/2015;The Chicken Alfredo Pizza;3
14/05/2015;The Chicken Pesto Pizza;2
14/05/2015;The Classic Deluxe Pizza;10
14/05/2015;The Five Cheese Pizza;5
14/05/2015;The Four Cheese Pizza;7
14/05/2015;The Greek Pizza;5
14/05/2015;The Green Garden Pizza;5
14/05/2015;The Hawaiian Pizza;10
14/05/2015;The Italian Capocollo Pizza;4
14/05/2015;The Italian Supreme Pizza;5
14/05/2015;The Italian Vegetables Pizza;1
14/05/2015;The Mediterranean Pizza;1
14/05/2015;The Mexicana Pizza;5
14/05/2015;The Napolitana Pizza;5
14/05/2015;The Pepper Salami Pizza;6
14/05/2015;The Pepperoni Pizza;7
14/05/2015;The Pepperoni, Mushroom, and Peppers Pizza;6
14/05/2015;The Prosciutto and Arugula Pizza;4
14/05/2015;The Sicilian Pizza;5
14/05/2015;The Soppressata Pizza;5
14/05/2015;The Southwest Chicken Pizza;6
14/05/2015;The Spicy Italian Pizza;9
14/05/2015;The Spinach Pesto Pizza;2
14/05/2015;The Spinach Supreme Pizza;2
14/05/2015;The Spinach and Feta Pizza;3
14/05/2015;The Thai Chicken Pizza;9
14/05/2015;The Vegetables + Vegetables Pizza;3
15/05/2015;The Barbecue Chicken Pizza;7
15/05/2015;The Big Meat Pizza;9
15/05/2015;The Brie Carre Pizza;4
15/05/2015;The Calabrese Pizza;4
15/05/2015;The California Chicken Pizza;3
15/05/2015;The Chicken Alfredo Pizza;3
15/05/2015;The Chicken Pesto Pizza;5
15/05/2015;The Classic Deluxe Pizza;10
15/05/2015;The Five Cheese Pizza;7
15/05/2015;The Four Cheese Pizza;11
15/05/2015;The Greek Pizza;2
15/05/2015;The Green Garden Pizza;3
15/05/2015;The Hawaiian Pizza;14
15/05/2015;The Italian Capocollo Pizza;7
15/05/2015;The Italian Supreme Pizza;4
15/05/2015;The Italian Vegetables Pizza;6
15/05/2015;The Mediterranean Pizza;5
15/05/2015;The Mexicana Pizza;4
15/05/2015;The Napolitana Pizza;6
15/05/2015;The Pepper Salami Pizza;8
15/05/2015;The Pepperoni Pizza;18
15/05/2015;The Pepperoni, Mushroom, and Peppers Pizza;3
15/05/2015;The Prosciutto and Arugula Pizza;6
15/05/2015;The Sicilian Pizza;12
15/05/2015;The Soppressata Pizza;5
15/05/2015;The Southwest Chicken Pizza;5
15/05/2015;The Spicy Italian Pizza;7
15/05/2015;The Spinach Pesto Pizza;6
15/05/2015;The Spinach Supreme Pizza;5
15/05/2015;The Spinach and Feta Pizza;5
15/05/2015;The Thai Chicken Pizza;11
15/05/2015;The Vegetables + Vegetables Pizza;3
16/05/2015;The Barbecue Chicken Pizza;12
16/05/2015;The Big Meat Pizza;3
16/05/2015;The Brie Carre Pizza;0
16/05/2015;The Calabrese Pizza;3
16/05/2015;The California Chicken Pizza;3
16/05/2015;The Chicken Alfredo Pizza;2
16/05/2015;The Chicken Pesto Pizza;1
16/05/2015;The Classic Deluxe Pizza;11
16/05/2015;The Five Cheese Pizza;3
16/05/2015;The Four Cheese Pizza;3
16/05/2015;The Greek Pizza;3
16/05/2015;The Green Garden Pizza;1
16/05/2015;The Hawaiian Pizza;6
16/05/2015;The Italian Capocollo Pizza;1
16/05/2015;The Italian Supreme Pizza;5
16/05/2015;The Italian Vegetables Pizza;1
16/05/2015;The Mediterranean Pizza;4
16/05/2015;The Mexicana Pizza;4
16/05/2015;The Napolitana Pizza;7
16/05/2015;The Pepper Salami Pizza;1
16/05/2015;The Pepperoni Pizza;11
16/05/2015;The Pepperoni, Mushroom, and Peppers Pizza;6
16/05/2015;The Prosciutto and Arugula Pizza;3
16/05/2015;The Sicilian Pizza;8
16/05/2015;The Soppressata Pizza;3
16/05/2015;The Southwest Chicken Pizza;6
16/05/2015;The Spicy Italian Pizza;7
16/05/2015;The Spinach Pesto Pizza;3
16/05/2015;The Spinach Supreme Pizza;1
16/05/2015;The Spinach and Feta Pizza;7
16/05/2015;The Thai Chicken Pizza;10
16/05/2015;The Vegetables + Vegetables Pizza;3
17/05/2015;The Barbecue Chicken Pizza;5
17/05/2015;The Big Meat Pizza;5
17/05/2015;The Brie Carre Pizza;3
17/05/2015;The Calabrese Pizza;2
17/05/2015;The California Chicken Pizza;4
17/05/2015;The Chicken Alfredo Pizza;1
17/05/2015;The Chicken Pesto Pizza;3
17/05/2015;The Classic Deluxe Pizza;8
17/05/2015;The Five Cheese Pizza;4
17/05/2015;The Four Cheese Pizza;2
17/05/2015;The Greek Pizza;1
17/05/2015;The Green Garden Pizza;3
17/05/2015;The Hawaiian Pizza;4
17/05/2015;The Italian Capocollo Pizza;1
17/05/2015;The Italian Supreme Pizza;9
17/05/2015;The Italian Vegetables Pizza;1
17/05/2015;The Mediterranean Pizza;0
17/05/2015;The Mexicana Pizza;3
17/05/2015;The Napolitana Pizza;2
17/05/2015;The Pepper Salami Pizza;3
17/05/2015;The Pepperoni Pizza;5
17/05/2015;The Pepperoni, Mushroom, and Peppers Pizza;4
17/05/2015;The Prosciutto and Arugula Pizza;4
17/05/2015;The Sicilian Pizza;4
17/05/2015;The Soppressata Pizza;2
17/05/2015;The Southwest Chicken Pizza;4
17/05/2015;The Spicy Italian Pizza;8
17/05/2015;The Spinach Pesto Pizza;1
17/05/2015;The Spinach Supreme Pizza;1
17/05/2015;The Spinach and Feta Pizza;5
17/05/2015;The Thai Chicken Pizza;3
17/05/2015;The Vegetables + Vegetables Pizza;4
18/05/2015;The Barbecue Chicken Pizza;7
18/05/2015;The Big Meat Pizza;6
18/05/2015;The Brie Carre Pizza;0
18/05/2015;The Calabrese Pizza;2
18/05/2015;The California Chicken Pizza;5
18/05/2015;The Chicken Alfredo Pizza;1
18/05/2015;The Chicken Pesto Pizza;2
18/05/2015;The Classic Deluxe Pizza;9
18/05/2015;The Five Cheese Pizza;4
18/05/2015;The Four Cheese Pizza;7
18/05/2015;The Greek Pizza;3
18/05/2015;The Green Garden Pizza;2
18/05/2015;The Hawaiian Pizza;4
18/05/2015;The Italian Capocollo Pizza;4
18/05/2015;The Italian Supreme Pizza;4
18/05/2015;The Italian Vegetables Pizza;1
18/05/2015;The Mediterranean Pizza;2
18/05/2015;The Mexicana Pizza;3
18/05/2015;The Napolitana Pizza;6
18/05/2015;The Pepper Salami Pizza;3
18/05/2015;The Pepperoni Pizza;6
18/05/2015;The Pepperoni, Mushroom, and Peppers Pizza;3
18/05/2015;The Prosciutto and Arugula Pizza;1
18/05/2015;The Sicilian Pizza;7
18/05/2015;The Soppressata Pizza;2
18/05/2015;The Southwest Chicken Pizza;5
18/05/2015;The Spicy Italian Pizza;4
18/05/2015;The Spinach Pesto Pizza;3
18/05/2015;The Spinach Supreme Pizza;6
18/05/2015;The Spinach and Feta Pizza;5
18/05/2015;The Thai Chicken Pizza;12
18/05/2015;The Vegetables + Vegetables Pizza;5
19/05/2015;The Barbecue Chicken Pizza;8
19/05/2015;The Big Meat Pizza;12
19/05/2015;The Brie Carre Pizza;2
19/05/2015;The Calabrese Pizza;2
19/05/2015;The California Chicken Pizza;8
19/05/2015;The Chicken Alfredo Pizza;3
19/05/2015;The Chicken Pesto Pizza;3
19/05/2015;The Classic Deluxe Pizza;6
19/05/2015;The Five Cheese Pizza;3
19/05/2015;The Four Cheese Pizza;5
19/05/2015;The Greek Pizza;4
19/05/2015;The Green Garden Pizza;1
19/05/2015;The Hawaiian Pizza;4
19/05/2015;The Italian Capocollo Pizza;2
19/05/2015;The Italian Supreme Pizza;6
19/05/2015;The Italian Vegetables Pizza;1
19/05/2015;The Mediterranean Pizza;2
19/05/2015;The Mexicana Pizza;3
19/05/2015;The Napolitana Pizza;3
19/05/2015;The Pepper Salami Pizza;1
19/05/2015;The Pepperoni Pizza;5
19/05/2015;The Pepperoni, Mushroom, and Peppers Pizza;2
19/05/2015;The Prosciutto and Arugula Pizza;6
19/05/2015;The Sicilian Pizza;2
19/05/2015;The Soppressata Pizza;2
19/05/2015;The Southwest Chicken Pizza;3
19/05/2015;The Spicy Italian Pizza;4
19/05/2015;The Spinach Pesto Pizza;2
19/05/2015;The Spinach Supreme Pizza;2
19/05/2015;The Spinach and Feta Pizza;3
19/05/2015;The Thai Chicken Pizza;4
19/05/2015;The Vegetables + Vegetables Pizza;5
20/05/2015;The Barbecue Chicken Pizza;7
20/05/2015;The Big Meat Pizza;1
20/05/2015;The Brie Carre Pizza;1
20/05/2015;The Calabrese Pizza;3
20/05/2015;The California Chicken Pizza;6
20/05/2015;The Chicken Alfredo Pizza;2
20/05/2015;The Chicken Pesto Pizza;2
20/05/2015;The Classic Deluxe Pizza;10
20/05/2015;The Five Cheese Pizza;3
20/05/2015;The Four Cheese Pizza;8
20/05/2015;The Greek Pizza;4
20/05/2015;The Green Garden Pizza;4
20/05/2015;The Hawaiian Pizza;10
20/05/2015;The Italian Capocollo Pizza;3
20/05/2015;The Italian Supreme Pizza;5
20/05/2015;The Italian Vegetables Pizza;2
20/05/2015;The Mediterranean Pizza;3
20/05/2015;The Mexicana Pizza;5
20/05/2015;The Napolitana Pizza;3
20/05/2015;The Pepper Salami Pizza;6
20/05/2015;The Pepperoni Pizza;8
20/05/2015;The Pepperoni, Mushroom, and Peppers Pizza;2
20/05/2015;The Prosciutto and Arugula Pizza;2
20/05/2015;The Sicilian Pizza;5
20/05/2015;The Soppressata Pizza;3
20/05/2015;The Southwest Chicken Pizza;5
20/05/2015;The Spicy Italian Pizza;6
20/05/2015;The Spinach Pesto Pizza;7
20/05/2015;The Spinach Supreme Pizza;2
20/05/2015;The Spinach and Feta Pizza;5
20/05/2015;The Thai Chicken Pizza;3
20/05/2015;The Vegetables + Vegetables Pizza;5
21/05/2015;The Barbecue Chicken Pizza;8
21/05/2015;The Big Meat Pizza;4
21/05/2015;The Brie Carre Pizza;3
21/05/2015;The Calabrese Pizza;6
21/05/2015;The California Chicken Pizza;5
21/05/2015;The Chicken Alfredo Pizza;1
21/05/2015;The Chicken Pesto Pizza;0
21/05/2015;The Classic Deluxe Pizza;4
21/05/2015;The Five Cheese Pizza;3
21/05/2015;The Four Cheese Pizza;4
21/05/2015;The Greek Pizza;2
21/05/2015;The Green Garden Pizza;2
21/05/2015;The Hawaiian Pizza;4
21/05/2015;The Italian Capocollo Pizza;4
21/05/2015;The Italian Supreme Pizza;8
21/05/2015;The Italian Vegetables Pizza;2
21/05/2015;The Mediterranean Pizza;4
21/05/2015;The Mexicana Pizza;4
21/05/2015;The Napolitana Pizza;3
21/05/2015;The Pepper Salami Pizza;4
21/05/2015;The Pepperoni Pizza;5
21/05/2015;The Pepperoni, Mushroom, and Peppers Pizza;9
21/05/2015;The Prosciutto and Arugula Pizza;1
21/05/2015;The Sicilian Pizza;4
21/05/2015;The Soppressata Pizza;0
21/05/2015;The Southwest Chicken Pizza;6
21/05/2015;The Spicy Italian Pizza;8
21/05/2015;The Spinach Pesto Pizza;0
21/05/2015;The Spinach Supreme Pizza;4
21/05/2015;The Spinach and Feta Pizza;4
21/05/2015;The Thai Chicken Pizza;4
21/05/2015;The Vegetables + Vegetables Pizza;3
22/05/2015;The Barbecue Chicken Pizza;9
22/05/2015;The Big Meat Pizza;3
22/05/2015;The Brie Carre Pizza;2
22/05/2015;The Calabrese Pizza;2
22/05/2015;The California Chicken Pizza;4
22/05/2015;The Chicken Alfredo Pizza;4
22/05/2015;The Chicken Pesto Pizza;5
22/05/2015;The Classic Deluxe Pizza;10
22/05/2015;The Five Cheese Pizza;6
22/05/2015;The Four Cheese Pizza;6
22/05/2015;The Greek Pizza;4
22/05/2015;The Green Garden Pizza;4
22/05/2015;The Hawaiian Pizza;4
22/05/2015;The Italian Capocollo Pizza;6
22/05/2015;The Italian Supreme Pizza;6
22/05/2015;The Italian Vegetables Pizza;4
22/05/2015;The Mediterranean Pizza;2
22/05/2015;The Mexicana Pizza;2
22/05/2015;The Napolitana Pizza;5
22/05/2015;The Pepper Salami Pizza;4
22/05/2015;The Pepperoni Pizza;9
22/05/2015;The Pepperoni, Mushroom, and Peppers Pizza;6
22/05/2015;The Prosciutto and Arugula Pizza;3
22/05/2015;The Sicilian Pizza;4
22/05/2015;The Soppressata Pizza;0
22/05/2015;The Southwest Chicken Pizza;8
22/05/2015;The Spicy Italian Pizza;8
22/05/2015;The Spinach Pesto Pizza;1
22/05/2015;The Spinach Supreme Pizza;5
22/05/2015;The Spinach and Feta Pizza;6
22/05/2015;The Thai Chicken Pizza;9
22/05/2015;The Vegetables + Vegetables Pizza;3
23/05/2015;The Barbecue Chicken Pizza;6
23/05/2015;The Big Meat Pizza;11
23/05/2015;The Brie Carre Pizza;1
23/05/2015;The Calabrese Pizza;4
23/05/2015;The California Chicken Pizza;7
23/05/2015;The Chicken Alfredo Pizza;5
23/05/2015;The Chicken Pesto Pizza;4
23/05/2015;The Classic Deluxe Pizza;8
23/05/2015;The Five Cheese Pizza;1
23/05/2015;The Four Cheese Pizza;6
23/05/2015;The Greek Pizza;6
23/05/2015;The Green Garden Pizza;3
23/05/2015;The Hawaiian Pizza;5
23/05/2015;The Italian Capocollo Pizza;4
23/05/2015;The Italian Supreme Pizza;8
23/05/2015;The Italian Vegetables Pizza;2
23/05/2015;The Mediterranean Pizza;1
23/05/2015;The Mexicana Pizza;4
23/05/2015;The Napolitana Pizza;4
23/05/2015;The Pepper Salami Pizza;2
23/05/2015;The Pepperoni Pizza;8
23/05/2015;The Pepperoni, Mushroom, and Peppers Pizza;3
23/05/2015;The Prosciutto and Arugula Pizza;4
23/05/2015;The Sicilian Pizza;9
23/05/2015;The Soppressata Pizza;2
23/05/2015;The Southwest Chicken Pizza;5
23/05/2015;The Spicy Italian Pizza;6
23/05/2015;The Spinach Pesto Pizza;2
23/05/2015;The Spinach Supreme Pizza;3
23/05/2015;The Spinach and Feta Pizza;5
23/05/2015;The Thai Chicken Pizza;6
23/05/2015;The Vegetables + Vegetables Pizza;3
24/05/2015;The Barbecue Chicken Pizza;3
24/05/2015;The Big Meat Pizza;7
24/05/2015;The Brie Carre Pizza;3
24/05/2015;The Calabrese Pizza;1
24/05/2015;The California Chicken Pizza;8
24/05/2015;The Chicken Alfredo Pizza;1
24/05/2015;The Chicken Pesto Pizza;1
24/05/2015;The Classic Deluxe Pizza;3
24/05/2015;The Five Cheese Pizza;3
24/05/2015;The Four Cheese Pizza;7
24/05/2015;The Greek Pizza;2
24/05/2015;The Green Garden Pizza;3
24/05/2015;The Hawaiian Pizza;9
24/05/2015;The Italian Capocollo Pizza;2
24/05/2015;The Italian Supreme Pizza;5
24/05/2015;The Italian Vegetables Pizza;2
24/05/2015;The Mediterranean Pizza;3
24/05/2015;The Mexicana Pizza;5
24/05/2015;The Napolitana Pizza;7
24/05/2015;The Pepper Salami Pizza;3
24/05/2015;The Pepperoni Pizza;6
24/05/2015;The Pepperoni, Mushroom, and Peppers Pizza;4
24/05/2015;The Prosciutto and Arugula Pizza;3
24/05/2015;The Sicilian Pizza;6
24/05/2015;The Soppressata Pizza;5
24/05/2015;The Southwest Chicken Pizza;4
24/05/2015;The Spicy Italian Pizza;3
24/05/2015;The Spinach Pesto Pizza;1
24/05/2015;The Spinach Supreme Pizza;3
24/05/2015;The Spinach and Feta Pizza;6
24/05/2015;The Thai Chicken Pizza;11
24/05/2015;The Vegetables + Vegetables Pizza;4
25/05/2015;The Barbecue Chicken Pizza;7
25/05/2015;The Big Meat Pizza;4
25/05/2015;The Brie Carre Pizza;0
25/05/2015;The Calabrese Pizza;6
25/05/2015;The California Chicken Pizza;8
25/05/2015;The Chicken Alfredo Pizza;3
25/05/2015;The Chicken Pesto Pizza;0
25/05/2015;The Classic Deluxe Pizza;5
25/05/2015;The Five Cheese Pizza;4
25/05/2015;The Four Cheese Pizza;5
25/05/2015;The Greek Pizza;5
25/05/2015;The Green Garden Pizza;2
25/05/2015;The Hawaiian Pizza;3
25/05/2015;The Italian Capocollo Pizza;4
25/05/2015;The Italian Supreme Pizza;10
25/05/2015;The Italian Vegetables Pizza;1
25/05/2015;The Mediterranean Pizza;3
25/05/2015;The Mexicana Pizza;4
25/05/2015;The Napolitana Pizza;4
25/05/2015;The Pepper Salami Pizza;2
25/05/2015;The Pepperoni Pizza;4
25/05/2015;The Pepperoni, Mushroom, and Peppers Pizza;3
25/05/2015;The Prosciutto and Arugula Pizza;5
25/05/2015;The Sicilian Pizza;4
25/05/2015;The Soppressata Pizza;6
25/05/2015;The Southwest Chicken Pizza;3
25/05/2015;The Spicy Italian Pizza;5
25/05/2015;The Spinach Pesto Pizza;1
25/05/2015;The Spinach Supreme Pizza;3
25/05/2015;The Spinach and Feta Pizza;5
25/05/2015;The Thai Chicken Pizza;2
25/05/2015;The Vegetables + Vegetables Pizza;4
26/05/2015;The Barbecue Chicken Pizza;12
26/05/2015;The Big Meat Pizza;4
26/05/2015;The Brie Carre Pizza;0
26/05/2015;The Calabrese Pizza;2
26/05/2015;The California Chicken Pizza;3
26/05/2015;The Chicken Alfredo Pizza;5
26/05/2015;The Chicken Pesto Pizza;2
26/05/2015;The Classic Deluxe Pizza;7
26/05/2015;The Five Cheese Pizza;5
26/05/2015;The Four Cheese Pizza;9
26/05/2015;The Greek Pizza;5
26/05/2015;The Green Garden Pizza;4
26/05/2015;The Hawaiian Pizza;8
26/05/2015;The Italian Capocollo Pizza;2
26/05/2015;The Italian Supreme Pizza;4
26/05/2015;The Italian Vegetables Pizza;0
26/05/2015;The Mediterranean Pizza;7
26/05/2015;The Mexicana Pizza;2
26/05/2015;The Napolitana Pizza;0
26/05/2015;The Pepper Salami Pizza;2
26/05/2015;The Pepperoni Pizza;5
26/05/2015;The Pepperoni, Mushroom, and Peppers Pizza;3
26/05/2015;The Prosciutto and Arugula Pizza;5
26/05/2015;The Sicilian Pizza;0
26/05/2015;The Soppressata Pizza;1
26/05/2015;The Southwest Chicken Pizza;1
26/05/2015;The Spicy Italian Pizza;5
26/05/2015;The Spinach Pesto Pizza;3
26/05/2015;The Spinach Supreme Pizza;1
26/05/2015;The Spinach and Feta Pizza;2
26/05/2015;The Thai Chicken Pizza;3
26/05/2015;The Vegetables + Vegetables Pizza;3
27/05/2015;The Barbecue Chicken Pizza;4
27/05/2015;The Big Meat Pizza;8
27/05/2015;The Brie Carre Pizza;1
27/05/2015;The Calabrese Pizza;1
27/05/2015;The California Chicken Pizza;9
27/05/2015;The Chicken Alfredo Pizza;4
27/05/2015;The Chicken Pesto Pizza;3
27/05/2015;The Classic Deluxe Pizza;6
27/05/2015;The Five Cheese Pizza;4
27/05/2015;The Four Cheese Pizza;4
27/05/2015;The Greek Pizza;7
27/05/2015;The Green Garden Pizza;6
27/05/2015;The Hawaiian Pizza;6
27/05/2015;The Italian Capocollo Pizza;2
27/05/2015;The Italian Supreme Pizza;11
27/05/2015;The Italian Vegetables Pizza;3
27/05/2015;The Mediterranean Pizza;2
27/05/2015;The Mexicana Pizza;1
27/05/2015;The Napolitana Pizza;0
27/05/2015;The Pepper Salami Pizza;4
27/05/2015;The Pepperoni Pizza;4
27/05/2015;The Pepperoni, Mushroom, and Peppers Pizza;2
27/05/2015;The Prosciutto and Arugula Pizza;3
27/05/2015;The Sicilian Pizza;4
27/05/2015;The Soppressata Pizza;2
27/05/2015;The Southwest Chicken Pizza;7
27/05/2015;The Spicy Italian Pizza;1
27/05/2015;The Spinach Pesto Pizza;1
27/05/2015;The Spinach Supreme Pizza;2
27/05/2015;The Spinach and Feta Pizza;4
27/05/2015;The Thai Chicken Pizza;6
27/05/2015;The Vegetables + Vegetables Pizza;2
28/05/2015;The Barbecue Chicken Pizza;6
28/05/2015;The Big Meat Pizza;5
28/05/2015;The Brie Carre Pizza;0
28/05/2015;The Calabrese Pizza;4
28/05/2015;The California Chicken Pizza;1
28/05/2015;The Chicken Alfredo Pizza;1
28/05/2015;The Chicken Pesto Pizza;5
28/05/2015;The Classic Deluxe Pizza;4
28/05/2015;The Five Cheese Pizza;6
28/05/2015;The Four Cheese Pizza;4
28/05/2015;The Greek Pizza;4
28/05/2015;The Green Garden Pizza;2
28/05/2015;The Hawaiian Pizza;4
28/05/2015;The Italian Capocollo Pizza;5
28/05/2015;The Italian Supreme Pizza;2
28/05/2015;The Italian Vegetables Pizza;4
28/05/2015;The Mediterranean Pizza;1
28/05/2015;The Mexicana Pizza;5
28/05/2015;The Napolitana Pizza;6
28/05/2015;The Pepper Salami Pizza;1
28/05/2015;The Pepperoni Pizza;3
28/05/2015;The Pepperoni, Mushroom, and Peppers Pizza;0
28/05/2015;The Prosciutto and Arugula Pizza;4
28/05/2015;The Sicilian Pizza;8
28/05/2015;The Soppressata Pizza;4
28/05/2015;The Southwest Chicken Pizza;6
28/05/2015;The Spicy Italian Pizza;9
28/05/2015;The Spinach Pesto Pizza;2
28/05/2015;The Spinach Supreme Pizza;2
28/05/2015;The Spinach and Feta Pizza;5
28/05/2015;The Thai Chicken Pizza;6
28/05/2015;The Vegetables + Vegetables Pizza;2
29/05/2015;The Barbecue Chicken Pizza;8
29/05/2015;The Big Meat Pizza;9
29/05/2015;The Brie Carre Pizza;2
29/05/2015;The Calabrese Pizza;3
29/05/2015;The California Chicken Pizza;8
29/05/2015;The Chicken Alfredo Pizza;3
29/05/2015;The Chicken Pesto Pizza;3
29/05/2015;The Classic Deluxe Pizza;8
29/05/2015;The Five Cheese Pizza;7
29/05/2015;The Four Cheese Pizza;2
29/05/2015;The Greek Pizza;3
29/05/2015;The Green Garden Pizza;6
29/05/2015;The Hawaiian Pizza;7
29/05/2015;The Italian Capocollo Pizza;8
29/05/2015;The Italian Supreme Pizza;5
29/05/2015;The Italian Vegetables Pizza;7
29/05/2015;The Mediterranean Pizza;6
29/05/2015;The Mexicana Pizza;4
29/05/2015;The Napolitana Pizza;3
29/05/2015;The Pepper Salami Pizza;10
29/05/2015;The Pepperoni Pizza;13
29/05/2015;The Pepperoni, Mushroom, and Peppers Pizza;6
29/05/2015;The Prosciutto and Arugula Pizza;8
29/05/2015;The Sicilian Pizza;9
29/05/2015;The Soppressata Pizza;4
29/05/2015;The Southwest Chicken Pizza;6
29/05/2015;The Spicy Italian Pizza;6
29/05/2015;The Spinach Pesto Pizza;3
29/05/2015;The Spinach Supreme Pizza;3
29/05/2015;The Spinach and Feta Pizza;3
29/05/2015;The Thai Chicken Pizza;4
29/05/2015;The Vegetables + Vegetables Pizza;4
30/05/2015;The Barbecue Chicken Pizza;12
30/05/2015;The Big Meat Pizza;10
30/05/2015;The Brie Carre Pizza;1
30/05/2015;The Calabrese Pizza;1
30/05/2015;The California Chicken Pizza;6
30/05/2015;The Chicken Alfredo Pizza;6
30/05/2015;The Chicken Pesto Pizza;3
30/05/2015;The Classic Deluxe Pizza;6
30/05/2015;The Five Cheese Pizza;2
30/05/2015;The Four Cheese Pizza;6
30/05/2015;The Greek Pizza;1
30/05/2015;The Green Garden Pizza;1
30/05/2015;The Hawaiian Pizza;4
30/05/2015;The Italian Capocollo Pizza;6
30/05/2015;The Italian Supreme Pizza;9
30/05/2015;The Italian Vegetables Pizza;2
30/05/2015;The Mediterranean Pizza;3
30/05/2015;The Mexicana Pizza;2
30/05/2015;The Napolitana Pizza;5
30/05/2015;The Pepper Salami Pizza;6
30/05/2015;The Pepperoni Pizza;10
30/05/2015;The Pepperoni, Mushroom, and Peppers Pizza;2
30/05/2015;The Prosciutto and Arugula Pizza;4
30/05/2015;The Sicilian Pizza;5
30/05/2015;The Soppressata Pizza;2
30/05/2015;The Southwest Chicken Pizza;4
30/05/2015;The Spicy Italian Pizza;7
30/05/2015;The Spinach Pesto Pizza;3
30/05/2015;The Spinach Supreme Pizza;4
30/05/2015;The Spinach and Feta Pizza;6
30/05/2015;The Thai Chicken Pizza;8
30/05/2015;The Vegetables + Vegetables Pizza;3
31/05/2015;The Barbecue Chicken Pizza;3
31/05/2015;The Big Meat Pizza;7
31/05/2015;The Brie Carre Pizza;0
31/05/2015;The Calabrese Pizza;4
31/05/2015;The California Chicken Pizza;2
31/05/2015;The Chicken Alfredo Pizza;1
31/05/2015;The Chicken Pesto Pizza;2
31/05/2015;The Classic Deluxe Pizza;4
31/05/2015;The Five Cheese Pizza;1
31/05/2015;The Four Cheese Pizza;4
31/05/2015;The Greek Pizza;4
31/05/2015;The Green Garden Pizza;2
31/05/2015;The Hawaiian Pizza;6
31/05/2015;The Italian Capocollo Pizza;2
31/05/2015;The Italian Supreme Pizza;5
31/05/2015;The Italian Vegetables Pizza;1
31/05/2015;The Mediterranean Pizza;2
31/05/2015;The Mexicana Pizza;7
31/05/2015;The Napolitana Pizza;6
31/05/2015;The Pepper Salami Pizza;2
31/05/2015;The Pepperoni Pizza;8
31/05/2015;The Pepperoni, Mushroom, and Peppers Pizza;3
31/05/2015;The Prosciutto and Arugula Pizza;7
31/05/2015;The Sicilian Pizza;3
31/05/2015;The Soppressata Pizza;1
31/05/2015;The Southwest Chicken Pizza;8
31/05/2015;The Spicy Italian Pizza;3
31/05/2015;The Spinach Pesto Pizza;1
31/05/2015;The Spinach Supreme Pizza;0
31/05/2015;The Spinach and Feta Pizza;3
31/05/2015;The Thai Chicken Pizza;5
31/05/2015;The Vegetables + Vegetables Pizza;1
01/06/2015;The Barbecue Chicken Pizza;14
01/06/2015;The Big Meat Pizza;4
01/06/2015;The Brie Carre Pizza;4
01/06/2015;The Calabrese Pizza;6
01/06/2015;The California Chicken Pizza;6
01/06/2015;The Chicken Alfredo Pizza;2
01/06/2015;The Chicken Pesto Pizza;2
01/06/2015;The Classic Deluxe Pizza;6
01/06/2015;The Five Cheese Pizza;5
01/06/2015;The Four Cheese Pizza;12
01/06/2015;The Greek Pizza;5
01/06/2015;The Green Garden Pizza;4
01/06/2015;The Hawaiian Pizza;5
01/06/2015;The Italian Capocollo Pizza;8
01/06/2015;The Italian Supreme Pizza;8
01/06/2015;The Italian Vegetables Pizza;3
01/06/2015;The Mediterranean Pizza;6
01/06/2015;The Mexicana Pizza;6
01/06/2015;The Napolitana Pizza;4
01/06/2015;The Pepper Salami Pizza;4
01/06/2015;The Pepperoni Pizza;5
01/06/2015;The Pepperoni, Mushroom, and Peppers Pizza;9
01/06/2015;The Prosciutto and Arugula Pizza;3
01/06/2015;The Sicilian Pizza;8
01/06/2015;The Soppressata Pizza;4
01/06/2015;The Southwest Chicken Pizza;9
01/06/2015;The Spicy Italian Pizza;6
01/06/2015;The Spinach Pesto Pizza;2
01/06/2015;The Spinach Supreme Pizza;4
01/06/2015;The Spinach and Feta Pizza;7
01/06/2015;The Thai Chicken Pizza;8
01/06/2015;The Vegetables + Vegetables Pizza;5
02/06/2015;The Barbecue Chicken Pizza;6
02/06/2015;The Big Meat Pizza;4
02/06/2015;The Brie Carre Pizza;1
02/06/2015;The Calabrese Pizza;1
02/06/2015;The California Chicken Pizza;15
02/06/2015;The Chicken Alfredo Pizza;2
02/06/2015;The Chicken Pesto Pizza;3
02/06/2015;The Classic Deluxe Pizza;5
02/06/2015;The Five Cheese Pizza;5
02/06/2015;The Four Cheese Pizza;6
02/06/2015;The Greek Pizza;4
02/06/2015;The Green Garden Pizza;6
02/06/2015;The Hawaiian Pizza;3
02/06/2015;The Italian Capocollo Pizza;5
02/06/2015;The Italian Supreme Pizza;8
02/06/2015;The Italian Vegetables Pizza;2
02/06/2015;The Mediterranean Pizza;0
02/06/2015;The Mexicana Pizza;5
02/06/2015;The Napolitana Pizza;1
02/06/2015;The Pepper Salami Pizza;7
02/06/2015;The Pepperoni Pizza;6
02/06/2015;The Pepperoni, Mushroom, and Peppers Pizza;7
02/06/2015;The Prosciutto and Arugula Pizza;2
02/06/2015;The Sicilian Pizza;10
02/06/2015;The Soppressata Pizza;3
02/06/2015;The Southwest Chicken Pizza;8
02/06/2015;The Spicy Italian Pizza;5
02/06/2015;The Spinach Pesto Pizza;2
02/06/2015;The Spinach Supreme Pizza;2
02/06/2015;The Spinach and Feta Pizza;6
02/06/2015;The Thai Chicken Pizza;3
02/06/2015;The Vegetables + Vegetables Pizza;4
03/06/2015;The Barbecue Chicken Pizza;6
03/06/2015;The Big Meat Pizza;1
03/06/2015;The Brie Carre Pizza;0
03/06/2015;The Calabrese Pizza;2
03/06/2015;The California Chicken Pizza;9
03/06/2015;The Chicken Alfredo Pizza;5
03/06/2015;The Chicken Pesto Pizza;1
03/06/2015;The Classic Deluxe Pizza;8
03/06/2015;The Five Cheese Pizza;3
03/06/2015;The Four Cheese Pizza;4
03/06/2015;The Greek Pizza;1
03/06/2015;The Green Garden Pizza;3
03/06/2015;The Hawaiian Pizza;3
03/06/2015;The Italian Capocollo Pizza;5
03/06/2015;The Italian Supreme Pizza;3
03/06/2015;The Italian Vegetables Pizza;2
03/06/2015;The Mediterranean Pizza;1
03/06/2015;The Mexicana Pizza;5
03/06/2015;The Napolitana Pizza;3
03/06/2015;The Pepper Salami Pizza;4
03/06/2015;The Pepperoni Pizza;3
03/06/2015;The Pepperoni, Mushroom, and Peppers Pizza;1
03/06/2015;The Prosciutto and Arugula Pizza;2
03/06/2015;The Sicilian Pizza;7
03/06/2015;The Soppressata Pizza;5
03/06/2015;The Southwest Chicken Pizza;1
03/06/2015;The Spicy Italian Pizza;3
03/06/2015;The Spinach Pesto Pizza;3
03/06/2015;The Spinach Supreme Pizza;3
03/06/2015;The Spinach and Feta Pizza;6
03/06/2015;The Thai Chicken Pizza;5
03/06/2015;The Vegetables + Vegetables Pizza;5
04/06/2015;The Barbecue Chicken Pizza;3
04/06/2015;The Big Meat Pizza;8
04/06/2015;The Brie Carre Pizza;2
04/06/2015;The Calabrese Pizza;2
04/06/2015;The California Chicken Pizza;7
04/06/2015;The Chicken Alfredo Pizza;2
04/06/2015;The Chicken Pesto Pizza;1
04/06/2015;The Classic Deluxe Pizza;12
04/06/2015;The Five Cheese Pizza;4
04/06/2015;The Four Cheese Pizza;5
04/06/2015;The Greek Pizza;3
04/06/2015;The Green Garden Pizza;7
04/06/2015;The Hawaiian Pizza;7
04/06/2015;The Italian Capocollo Pizza;4
04/06/2015;The Italian Supreme Pizza;6
04/06/2015;The Italian Vegetables Pizza;1
04/06/2015;The Mediterranean Pizza;2
04/06/2015;The Mexicana Pizza;3
04/06/2015;The Napolitana Pizza;5
04/06/2015;The Pepper Salami Pizza;11
04/06/2015;The Pepperoni Pizza;6
04/06/2015;The Pepperoni, Mushroom, and Peppers Pizza;5
04/06/2015;The Prosciutto and Arugula Pizza;3
04/06/2015;The Sicilian Pizza;5
04/06/2015;The Soppressata Pizza;2
04/06/2015;The Southwest Chicken Pizza;7
04/06/2015;The Spicy Italian Pizza;3
04/06/2015;The Spinach Pesto Pizza;3
04/06/2015;The Spinach Supreme Pizza;2
04/06/2015;The Spinach and Feta Pizza;2
04/06/2015;The Thai Chicken Pizza;5
04/06/2015;The Vegetables + Vegetables Pizza;3
05/06/2015;The Barbecue Chicken Pizza;8
05/06/2015;The Big Meat Pizza;6
05/06/2015;The Brie Carre Pizza;2
05/06/2015;The Calabrese Pizza;2
05/06/2015;The California Chicken Pizza;10
05/06/2015;The Chicken Alfredo Pizza;1
05/06/2015;The Chicken Pesto Pizza;3
05/06/2015;The Classic Deluxe Pizza;8
05/06/2015;The Five Cheese Pizza;5
05/06/2015;The Four Cheese Pizza;11
05/06/2015;The Greek Pizza;5
05/06/2015;The Green Garden Pizza;2
05/06/2015;The Hawaiian Pizza;5
05/06/2015;The Italian Capocollo Pizza;4
05/06/2015;The Italian Supreme Pizza;11
05/06/2015;The Italian Vegetables Pizza;3
05/06/2015;The Mediterranean Pizza;0
05/06/2015;The Mexicana Pizza;4
05/06/2015;The Napolitana Pizza;6
05/06/2015;The Pepper Salami Pizza;4
05/06/2015;The Pepperoni Pizza;6
05/06/2015;The Pepperoni, Mushroom, and Peppers Pizza;5
05/06/2015;The Prosciutto and Arugula Pizza;4
05/06/2015;The Sicilian Pizza;2
05/06/2015;The Soppressata Pizza;2
05/06/2015;The Southwest Chicken Pizza;5
05/06/2015;The Spicy Italian Pizza;7
05/06/2015;The Spinach Pesto Pizza;4
05/06/2015;The Spinach Supreme Pizza;6
05/06/2015;The Spinach and Feta Pizza;4
05/06/2015;The Thai Chicken Pizza;7
05/06/2015;The Vegetables + Vegetables Pizza;7
06/06/2015;The Barbecue Chicken Pizza;7
06/06/2015;The Big Meat Pizza;7
06/06/2015;The Brie Carre Pizza;1
06/06/2015;The Calabrese Pizza;2
06/06/2015;The California Chicken Pizza;5
06/06/2015;The Chicken Alfredo Pizza;4
06/06/2015;The Chicken Pesto Pizza;6
06/06/2015;The Classic Deluxe Pizza;5
06/06/2015;The Five Cheese Pizza;5
06/06/2015;The Four Cheese Pizza;6
06/06/2015;The Greek Pizza;3
06/06/2015;The Green Garden Pizza;0
06/06/2015;The Hawaiian Pizza;6
06/06/2015;The Italian Capocollo Pizza;5
06/06/2015;The Italian Supreme Pizza;6
06/06/2015;The Italian Vegetables Pizza;4
06/06/2015;The Mediterranean Pizza;5
06/06/2015;The Mexicana Pizza;4
06/06/2015;The Napolitana Pizza;9
06/06/2015;The Pepper Salami Pizza;3
06/06/2015;The Pepperoni Pizza;5
06/06/2015;The Pepperoni, Mushroom, and Peppers Pizza;3
06/06/2015;The Prosciutto and Arugula Pizza;5
06/06/2015;The Sicilian Pizza;4
06/06/2015;The Soppressata Pizza;1
06/06/2015;The Southwest Chicken Pizza;3
06/06/2015;The Spicy Italian Pizza;8
06/06/2015;The Spinach Pesto Pizza;3
06/06/2015;The Spinach Supreme Pizza;2
06/06/2015;The Spinach and Feta Pizza;2
06/06/2015;The Thai Chicken Pizza;3
06/06/2015;The Vegetables + Vegetables Pizza;4
07/06/2015;The Barbecue Chicken Pizza;3
07/06/2015;The Big Meat Pizza;8
07/06/2015;The Brie Carre Pizza;2
07/06/2015;The Calabrese Pizza;2
07/06/2015;The California Chicken Pizza;6
07/06/2015;The Chicken Alfredo Pizza;1
07/06/2015;The Chicken Pesto Pizza;5
07/06/2015;The Classic Deluxe Pizza;2
07/06/2015;The Five Cheese Pizza;7
07/06/2015;The Four Cheese Pizza;1
07/06/2015;The Greek Pizza;4
07/06/2015;The Green Garden Pizza;1
07/06/2015;The Hawaiian Pizza;5
07/06/2015;The Italian Capocollo Pizza;3
07/06/2015;The Italian Supreme Pizza;8
07/06/2015;The Italian Vegetables Pizza;0
07/06/2015;The Mediterranean Pizza;0
07/06/2015;The Mexicana Pizza;4
07/06/2015;The Napolitana Pizza;3
07/06/2015;The Pepper Salami Pizza;6
07/06/2015;The Pepperoni Pizza;6
07/06/2015;The Pepperoni, Mushroom, and Peppers Pizza;3
07/06/2015;The Prosciutto and Arugula Pizza;6
07/06/2015;The Sicilian Pizza;2
07/06/2015;The Soppressata Pizza;3
07/06/2015;The Southwest Chicken Pizza;7
07/06/2015;The Spicy Italian Pizza;7
07/06/2015;The Spinach Pesto Pizza;4
07/06/2015;The Spinach Supreme Pizza;1
07/06/2015;The Spinach and Feta Pizza;1
07/06/2015;The Thai Chicken Pizza;4
07/06/2015;The Vegetables + Vegetables Pizza;2
08/06/2015;The Barbecue Chicken Pizza;7
08/06/2015;The Big Meat Pizza;7
08/06/2015;The Brie Carre Pizza;1
08/06/2015;The Calabrese Pizza;3
08/06/2015;The California Chicken Pizza;8
08/06/2015;The Chicken Alfredo Pizza;4
08/06/2015;The Chicken Pesto Pizza;2
08/06/2015;The Classic Deluxe Pizza;4
08/06/2015;The Five Cheese Pizza;3
08/06/2015;The Four Cheese Pizza;4
08/06/2015;The Greek Pizza;3
08/06/2015;The Green Garden Pizza;2
08/06/2015;The Hawaiian Pizza;10
08/06/2015;The Italian Capocollo Pizza;2
08/06/2015;The Italian Supreme Pizza;4
08/06/2015;The Italian Vegetables Pizza;3
08/06/2015;The Mediterranean Pizza;2
08/06/2015;The Mexicana Pizza;4
08/06/2015;The Napolitana Pizza;2
08/06/2015;The Pepper Salami Pizza;0
08/06/2015;The Pepperoni Pizza;9
08/06/2015;The Pepperoni, Mushroom, and Peppers Pizza;5
08/06/2015;The Prosciutto and Arugula Pizza;3
08/06/2015;The Sicilian Pizza;3
08/06/2015;The Soppressata Pizza;4
08/06/2015;The Southwest Chicken Pizza;7
08/06/2015;The Spicy Italian Pizza;7
08/06/2015;The Spinach Pesto Pizza;3
08/06/2015;The Spinach Supreme Pizza;3
08/06/2015;The Spinach and Feta Pizza;5
08/06/2015;The Thai Chicken Pizza;9
08/06/2015;The Vegetables + Vegetables Pizza;3
09/06/2015;The Barbecue Chicken Pizza;8
09/06/2015;The Big Meat Pizza;4
09/06/2015;The Brie Carre Pizza;3
09/06/2015;The Calabrese Pizza;2
09/06/2015;The California Chicken Pizza;5
09/06/2015;The Chicken Alfredo Pizza;0
09/06/2015;The Chicken Pesto Pizza;3
09/06/2015;The Classic Deluxe Pizza;6
09/06/2015;The Five Cheese Pizza;4
09/06/2015;The Four Cheese Pizza;4
09/06/2015;The Greek Pizza;2
09/06/2015;The Green Garden Pizza;1
09/06/2015;The Hawaiian Pizza;6
09/06/2015;The Italian Capocollo Pizza;9
09/06/2015;The Italian Supreme Pizza;9
09/06/2015;The Italian Vegetables Pizza;2
09/06/2015;The Mediterranean Pizza;5
09/06/2015;The Mexicana Pizza;4
09/06/2015;The Napolitana Pizza;9
09/06/2015;The Pepper Salami Pizza;4
09/06/2015;The Pepperoni Pizza;3
09/06/2015;The Pepperoni, Mushroom, and Peppers Pizza;6
09/06/2015;The Prosciutto and Arugula Pizza;4
09/06/2015;The Sicilian Pizza;5
09/06/2015;The Soppressata Pizza;3
09/06/2015;The Southwest Chicken Pizza;5
09/06/2015;The Spicy Italian Pizza;3
09/06/2015;The Spinach Pesto Pizza;3
09/06/2015;The Spinach Supreme Pizza;0
09/06/2015;The Spinach and Feta Pizza;8
09/06/2015;The Thai Chicken Pizza;11
09/06/2015;The Vegetables + Vegetables Pizza;6
10/06/2015;The Barbecue Chicken Pizza;9
10/06/2015;The Big Meat Pizza;7
10/06/2015;The Brie Carre Pizza;0
10/06/2015;The Calabrese Pizza;6
10/06/2015;The California Chicken Pizza;7
10/06/2015;The Chicken Alfredo Pizza;2
10/06/2015;The Chicken Pesto Pizza;2
10/06/2015;The Classic Deluxe Pizza;7
10/06/2015;The Five Cheese Pizza;4
10/06/2015;The Four Cheese Pizza;9
10/06/2015;The Greek Pizza;3
10/06/2015;The Green Garden Pizza;3
10/06/2015;The Hawaiian Pizza;6
10/06/2015;The Italian Capocollo Pizza;3
10/06/2015;The Italian Supreme Pizza;1
10/06/2015;The Italian Vegetables Pizza;5
10/06/2015;The Mediterranean Pizza;1
10/06/2015;The Mexicana Pizza;2
10/06/2015;The Napolitana Pizza;2
10/06/2015;The Pepper Salami Pizza;4
10/06/2015;The Pepperoni Pizza;3
10/06/2015;The Pepperoni, Mushroom, and Peppers Pizza;4
10/06/2015;The Prosciutto and Arugula Pizza;11
10/06/2015;The Sicilian Pizza;6
10/06/2015;The Soppressata Pizza;0
10/06/2015;The Southwest Chicken Pizza;3
10/06/2015;The Spicy Italian Pizza;3
10/06/2015;The Spinach Pesto Pizza;2
10/06/2015;The Spinach Supreme Pizza;3
10/06/2015;The Spinach and Feta Pizza;2
10/06/2015;The Thai Chicken Pizza;1
10/06/2015;The Vegetables + Vegetables Pizza;3
11/06/2015;The Barbecue Chicken Pizza;7
11/06/2015;The Big Meat Pizza;3
11/06/2015;The Brie Carre Pizza;0
11/06/2015;The Calabrese Pizza;4
11/06/2015;The California Chicken Pizza;5
11/06/2015;The Chicken Alfredo Pizza;6
11/06/2015;The Chicken Pesto Pizza;2
11/06/2015;The Classic Deluxe Pizza;6
11/06/2015;The Five Cheese Pizza;6
11/06/2015;The Four Cheese Pizza;8
11/06/2015;The Greek Pizza;7
11/06/2015;The Green Garden Pizza;1
11/06/2015;The Hawaiian Pizza;10
11/06/2015;The Italian Capocollo Pizza;3
11/06/2015;The Italian Supreme Pizza;7
11/06/2015;The Italian Vegetables Pizza;2
11/06/2015;The Mediterranean Pizza;5
11/06/2015;The Mexicana Pizza;6
11/06/2015;The Napolitana Pizza;7
11/06/2015;The Pepper Salami Pizza;7
11/06/2015;The Pepperoni Pizza;10
11/06/2015;The Pepperoni, Mushroom, and Peppers Pizza;3
11/06/2015;The Prosciutto and Arugula Pizza;7
11/06/2015;The Sicilian Pizza;12
11/06/2015;The Soppressata Pizza;0
11/06/2015;The Southwest Chicken Pizza;4
11/06/2015;The Spicy Italian Pizza;4
11/06/2015;The Spinach Pesto Pizza;2
11/06/2015;The Spinach Supreme Pizza;2
11/06/2015;The Spinach and Feta Pizza;3
11/06/2015;The Thai Chicken Pizza;3
11/06/2015;The Vegetables + Vegetables Pizza;6
12/06/2015;The Barbecue Chicken Pizza;4
12/06/2015;The Big Meat Pizza;5
12/06/2015;The Brie Carre Pizza;1
12/06/2015;The Calabrese Pizza;6
12/06/2015;The California Chicken Pizza;7
12/06/2015;The Chicken Alfredo Pizza;5
12/06/2015;The Chicken Pesto Pizza;4
12/06/2015;The Classic Deluxe Pizza;4
12/06/2015;The Five Cheese Pizza;3
12/06/2015;The Four Cheese Pizza;1
12/06/2015;The Greek Pizza;2
12/06/2015;The Green Garden Pizza;3
12/06/2015;The Hawaiian Pizza;9
12/06/2015;The Italian Capocollo Pizza;1
12/06/2015;The Italian Supreme Pizza;8
12/06/2015;The Italian Vegetables Pizza;0
12/06/2015;The Mediterranean Pizza;2
12/06/2015;The Mexicana Pizza;8
12/06/2015;The Napolitana Pizza;6
12/06/2015;The Pepper Salami Pizza;3
12/06/2015;The Pepperoni Pizza;5
12/06/2015;The Pepperoni, Mushroom, and Peppers Pizza;5
12/06/2015;The Prosciutto and Arugula Pizza;1
12/06/2015;The Sicilian Pizza;7
12/06/2015;The Soppressata Pizza;3
12/06/2015;The Southwest Chicken Pizza;3
12/06/2015;The Spicy Italian Pizza;6
12/06/2015;The Spinach Pesto Pizza;3
12/06/2015;The Spinach Supreme Pizza;2
12/06/2015;The Spinach and Feta Pizza;4
12/06/2015;The Thai Chicken Pizza;6
12/06/2015;The Vegetables + Vegetables Pizza;4
13/06/2015;The Barbecue Chicken Pizza;3
13/06/2015;The Big Meat Pizza;5
13/06/2015;The Brie Carre Pizza;0
13/06/2015;The Calabrese Pizza;2
13/06/2015;The California Chicken Pizza;7
13/06/2015;The Chicken Alfredo Pizza;4
13/06/2015;The Chicken Pesto Pizza;0
13/06/2015;The Classic Deluxe Pizza;12
13/06/2015;The Five Cheese Pizza;2
13/06/2015;The Four Cheese Pizza;4
13/06/2015;The Greek Pizza;2
13/06/2015;The Green Garden Pizza;8
13/06/2015;The Hawaiian Pizza;10
13/06/2015;The Italian Capocollo Pizza;12
13/06/2015;The Italian Supreme Pizza;3
13/06/2015;The Italian Vegetables Pizza;2
13/06/2015;The Mediterranean Pizza;3
13/06/2015;The Mexicana Pizza;11
13/06/2015;The Napolitana Pizza;5
13/06/2015;The Pepper Salami Pizza;3
13/06/2015;The Pepperoni Pizza;3
13/06/2015;The Pepperoni, Mushroom, and Peppers Pizza;6
13/06/2015;The Prosciutto and Arugula Pizza;4
13/06/2015;The Sicilian Pizza;6
13/06/2015;The Soppressata Pizza;3
13/06/2015;The Southwest Chicken Pizza;4
13/06/2015;The Spicy Italian Pizza;5
13/06/2015;The Spinach Pesto Pizza;4
13/06/2015;The Spinach Supreme Pizza;3
13/06/2015;The Spinach and Feta Pizza;3
13/06/2015;The Thai Chicken Pizza;8
13/06/2015;The Vegetables + Vegetables Pizza;6
14/06/2015;The Barbecue Chicken Pizza;9
14/06/2015;The Big Meat Pizza;4
14/06/2015;The Brie Carre Pizza;0
14/06/2015;The Calabrese Pizza;1
14/06/2015;The California Chicken Pizza;3
14/06/2015;The Chicken Alfredo Pizza;0
14/06/2015;The Chicken Pesto Pizza;0
14/06/2015;The Classic Deluxe Pizza;6
14/06/2015;The Five Cheese Pizza;5
14/06/2015;The Four Cheese Pizza;8
14/06/2015;The Greek Pizza;3
14/06/2015;The Green Garden Pizza;3
14/06/2015;The Hawaiian Pizza;4
14/06/2015;The Italian Capocollo Pizza;2
14/06/2015;The Italian Supreme Pizza;1
14/06/2015;The Italian Vegetables Pizza;3
14/06/2015;The Mediterranean Pizza;2
14/06/2015;The Mexicana Pizza;1
14/06/2015;The Napolitana Pizza;3
14/06/2015;The Pepper Salami Pizza;4
14/06/2015;The Pepperoni Pizza;9
14/06/2015;The Pepperoni, Mushroom, and Peppers Pizza;3
14/06/2015;The Prosciutto and Arugula Pizza;6
14/06/2015;The Sicilian Pizza;1
14/06/2015;The Soppressata Pizza;4
14/06/2015;The Southwest Chicken Pizza;2
14/06/2015;The Spicy Italian Pizza;5
14/06/2015;The Spinach Pesto Pizza;2
14/06/2015;The Spinach Supreme Pizza;8
14/06/2015;The Spinach and Feta Pizza;1
14/06/2015;The Thai Chicken Pizza;5
14/06/2015;The Vegetables + Vegetables Pizza;5
15/06/2015;The Barbecue Chicken Pizza;9
15/06/2015;The Big Meat Pizza;2
15/06/2015;The Brie Carre Pizza;4
15/06/2015;The Calabrese Pizza;3
15/06/2015;The California Chicken Pizza;12
15/06/2015;The Chicken Alfredo Pizza;1
15/06/2015;The Chicken Pesto Pizza;0
15/06/2015;The Classic Deluxe Pizza;7
15/06/2015;The Five Cheese Pizza;3
15/06/2015;The Four Cheese Pizza;5
15/06/2015;The Greek Pizza;7
15/06/2015;The Green Garden Pizza;2
15/06/2015;The Hawaiian Pizza;9
15/06/2015;The Italian Capocollo Pizza;1
15/06/2015;The Italian Supreme Pizza;8
15/06/2015;The Italian Vegetables Pizza;4
15/06/2015;The Mediterranean Pizza;7
15/06/2015;The Mexicana Pizza;5
15/06/2015;The Napolitana Pizza;4
15/06/2015;The Pepper Salami Pizza;5
15/06/2015;The Pepperoni Pizza;6
15/06/2015;The Pepperoni, Mushroom, and Peppers Pizza;3
15/06/2015;The Prosciutto and Arugula Pizza;3
15/06/2015;The Sicilian Pizza;6
15/06/2015;The Soppressata Pizza;4
15/06/2015;The Southwest Chicken Pizza;6
15/06/2015;The Spicy Italian Pizza;3
15/06/2015;The Spinach Pesto Pizza;5
15/06/2015;The Spinach Supreme Pizza;6
15/06/2015;The Spinach and Feta Pizza;5
15/06/2015;The Thai Chicken Pizza;3
15/06/2015;The Vegetables + Vegetables Pizza;4
16/06/2015;The Barbecue Chicken Pizza;2
16/06/2015;The Big Meat Pizza;5
16/06/2015;The Brie Carre Pizza;1
16/06/2015;The Calabrese Pizza;3
16/06/2015;The California Chicken Pizza;6
16/06/2015;The Chicken Alfredo Pizza;1
16/06/2015;The Chicken Pesto Pizza;0
16/06/2015;The Classic Deluxe Pizza;8
16/06/2015;The Five Cheese Pizza;7
16/06/2015;The Four Cheese Pizza;3
16/06/2015;The Greek Pizza;5
16/06/2015;The Green Garden Pizza;4
16/06/2015;The Hawaiian Pizza;3
16/06/2015;The Italian Capocollo Pizza;0
16/06/2015;The Italian Supreme Pizza;3
16/06/2015;The Italian Vegetables Pizza;0
16/06/2015;The Mediterranean Pizza;2
16/06/2015;The Mexicana Pizza;3
16/06/2015;The Napolitana Pizza;9
16/06/2015;The Pepper Salami Pizza;2
16/06/2015;The Pepperoni Pizza;4
16/06/2015;The Pepperoni, Mushroom, and Peppers Pizza;1
16/06/2015;The Prosciutto and Arugula Pizza;4
16/06/2015;The Sicilian Pizza;7
16/06/2015;The Soppressata Pizza;6
16/06/2015;The Southwest Chicken Pizza;1
16/06/2015;The Spicy Italian Pizza;5
16/06/2015;The Spinach Pesto Pizza;3
16/06/2015;The Spinach Supreme Pizza;2
16/06/2015;The Spinach and Feta Pizza;6
16/06/2015;The Thai Chicken Pizza;7
16/06/2015;The Vegetables + Vegetables Pizza;3
17/06/2015;The Barbecue Chicken Pizza;3
17/06/2015;The Big Meat Pizza;3
17/06/2015;The Brie Carre Pizza;3
17/06/2015;The Calabrese Pizza;5
17/06/2015;The California Chicken Pizza;10
17/06/2015;The Chicken Alfredo Pizza;6
17/06/2015;The Chicken Pesto Pizza;2
17/06/2015;The Classic Deluxe Pizza;3
17/06/2015;The Five Cheese Pizza;4
17/06/2015;The Four Cheese Pizza;4
17/06/2015;The Greek Pizza;3
17/06/2015;The Green Garden Pizza;4
17/06/2015;The Hawaiian Pizza;10
17/06/2015;The Italian Capocollo Pizza;3
17/06/2015;The Italian Supreme Pizza;3
17/06/2015;The Italian Vegetables Pizza;2
17/06/2015;The Mediterranean Pizza;3
17/06/2015;The Mexicana Pizza;5
17/06/2015;The Napolitana Pizza;5
17/06/2015;The Pepper Salami Pizza;4
17/06/2015;The Pepperoni Pizza;1
17/06/2015;The Pepperoni, Mushroom, and Peppers Pizza;3
17/06/2015;The Prosciutto and Arugula Pizza;1
17/06/2015;The Sicilian Pizza;6
17/06/2015;The Soppressata Pizza;0
17/06/2015;The Southwest Chicken Pizza;5
17/06/2015;The Spicy Italian Pizza;7
17/06/2015;The Spinach Pesto Pizza;1
17/06/2015;The Spinach Supreme Pizza;1
17/06/2015;The Spinach and Feta Pizza;5
17/06/2015;The Thai Chicken Pizza;9
17/06/2015;The Vegetables + Vegetables Pizza;2
18/06/2015;The Barbecue Chicken Pizza;8
18/06/2015;The Big Meat Pizza;5
18/06/2015;The Brie Carre Pizza;1
18/06/2015;The Calabrese Pizza;4
18/06/2015;The California Chicken Pizza;4
18/06/2015;The Chicken Alfredo Pizza;2
18/06/2015;The Chicken Pesto Pizza;3
18/06/2015;The Classic Deluxe Pizza;2
18/06/2015;The Five Cheese Pizza;2
18/06/2015;The Four Cheese Pizza;3
18/06/2015;The Greek Pizza;5
18/06/2015;The Green Garden Pizza;4
18/06/2015;The Hawaiian Pizza;5
18/06/2015;The Italian Capocollo Pizza;3
18/06/2015;The Italian Supreme Pizza;4
18/06/2015;The Italian Vegetables Pizza;2
18/06/2015;The Mediterranean Pizza;3
18/06/2015;The Mexicana Pizza;4
18/06/2015;The Napolitana Pizza;7
18/06/2015;The Pepper Salami Pizza;2
18/06/2015;The Pepperoni Pizza;1
18/06/2015;The Pepperoni, Mushroom, and Peppers Pizza;3
18/06/2015;The Prosciutto and Arugula Pizza;0
18/06/2015;The Sicilian Pizza;7
18/06/2015;The Soppressata Pizza;2
18/06/2015;The Southwest Chicken Pizza;6
18/06/2015;The Spicy Italian Pizza;10
18/06/2015;The Spinach Pesto Pizza;0
18/06/2015;The Spinach Supreme Pizza;2
18/06/2015;The Spinach and Feta Pizza;2
18/06/2015;The Thai Chicken Pizza;5
18/06/2015;The Vegetables + Vegetables Pizza;5
19/06/2015;The Barbecue Chicken Pizza;8
19/06/2015;The Big Meat Pizza;4
19/06/2015;The Brie Carre Pizza;4
19/06/2015;The Calabrese Pizza;2
19/06/2015;The California Chicken Pizza;11
19/06/2015;The Chicken Alfredo Pizza;6
19/06/2015;The Chicken Pesto Pizza;7
19/06/2015;The Classic Deluxe Pizza;7
19/06/2015;The Five Cheese Pizza;4
19/06/2015;The Four Cheese Pizza;5
19/06/2015;The Greek Pizza;2
19/06/2015;The Green Garden Pizza;5
19/06/2015;The Hawaiian Pizza;7
19/06/2015;The Italian Capocollo Pizza;8
19/06/2015;The Italian Supreme Pizza;11
19/06/2015;The Italian Vegetables Pizza;1
19/06/2015;The Mediterranean Pizza;2
19/06/2015;The Mexicana Pizza;1
19/06/2015;The Napolitana Pizza;1
19/06/2015;The Pepper Salami Pizza;5
19/06/2015;The Pepperoni Pizza;5
19/06/2015;The Pepperoni, Mushroom, and Peppers Pizza;3
19/06/2015;The Prosciutto and Arugula Pizza;4
19/06/2015;The Sicilian Pizza;7
19/06/2015;The Soppressata Pizza;2
19/06/2015;The Southwest Chicken Pizza;5
19/06/2015;The Spicy Italian Pizza;6
19/06/2015;The Spinach Pesto Pizza;7
19/06/2015;The Spinach Supreme Pizza;6
19/06/2015;The Spinach and Feta Pizza;8
19/06/2015;The Thai Chicken Pizza;9
19/06/2015;The Vegetables + Vegetables Pizza;4
20/06/2015;The Barbecue Chicken Pizza;3
20/06/2015;The Big Meat Pizza;3
20/06/2015;The Brie Carre Pizza;0
20/06/2015;The Calabrese Pizza;2
20/06/2015;The California Chicken Pizza;4
20/06/2015;The Chicken Alfredo Pizza;3
20/06/2015;The Chicken Pesto Pizza;4
20/06/2015;The Classic Deluxe Pizza;7
20/06/2015;The Five Cheese Pizza;9
20/06/2015;The Four Cheese Pizza;4
20/06/2015;The Greek Pizza;5
20/06/2015;The Green Garden Pizza;2
20/06/2015;The Hawaiian Pizza;6
20/06/2015;The Italian Capocollo Pizza;5
20/06/2015;The Italian Supreme Pizza;3
20/06/2015;The Italian Vegetables Pizza;2
20/06/2015;The Mediterranean Pizza;2
20/06/2015;The Mexicana Pizza;2
20/06/2015;The Napolitana Pizza;8
20/06/2015;The Pepper Salami Pizza;5
20/06/2015;The Pepperoni Pizza;5
20/06/2015;The Pepperoni, Mushroom, and Peppers Pizza;3
20/06/2015;The Prosciutto and Arugula Pizza;3
20/06/2015;The Sicilian Pizza;10
20/06/2015;The Soppressata Pizza;2
20/06/2015;The Southwest Chicken Pizza;6
20/06/2015;The Spicy Italian Pizza;2
20/06/2015;The Spinach Pesto Pizza;2
20/06/2015;The Spinach Supreme Pizza;1
20/06/2015;The Spinach and Feta Pizza;1
20/06/2015;The Thai Chicken Pizza;11
20/06/2015;The Vegetables + Vegetables Pizza;3
21/06/2015;The Barbecue Chicken Pizza;1
21/06/2015;The Big Meat Pizza;8
21/06/2015;The Brie Carre Pizza;1
21/06/2015;The Calabrese Pizza;4
21/06/2015;The California Chicken Pizza;5
21/06/2015;The Chicken Alfredo Pizza;4
21/06/2015;The Chicken Pesto Pizza;3
21/06/2015;The Classic Deluxe Pizza;4
21/06/2015;The Five Cheese Pizza;3
21/06/2015;The Four Cheese Pizza;3
21/06/2015;The Greek Pizza;4
21/06/2015;The Green Garden Pizza;1
21/06/2015;The Hawaiian Pizza;4
21/06/2015;The Italian Capocollo Pizza;3
21/06/2015;The Italian Supreme Pizza;2
21/06/2015;The Italian Vegetables Pizza;2
21/06/2015;The Mediterranean Pizza;3
21/06/2015;The Mexicana Pizza;4
21/06/2015;The Napolitana Pizza;4
21/06/2015;The Pepper Salami Pizza;5
21/06/2015;The Pepperoni Pizza;8
21/06/2015;The Pepperoni, Mushroom, and Peppers Pizza;5
21/06/2015;The Prosciutto and Arugula Pizza;4
21/06/2015;The Sicilian Pizza;3
21/06/2015;The Soppressata Pizza;3
21/06/2015;The Southwest Chicken Pizza;5
21/06/2015;The Spicy Italian Pizza;5
21/06/2015;The Spinach Pesto Pizza;1
21/06/2015;The Spinach Supreme Pizza;2
21/06/2015;The Spinach and Feta Pizza;4
21/06/2015;The Thai Chicken Pizza;3
21/06/2015;The Vegetables + Vegetables Pizza;4
22/06/2015;The Barbecue Chicken Pizza;7
22/06/2015;The Big Meat Pizza;4
22/06/2015;The Brie Carre Pizza;1
22/06/2015;The Calabrese Pizza;3
22/06/2015;The California Chicken Pizza;10
22/06/2015;The Chicken Alfredo Pizza;3
22/06/2015;The Chicken Pesto Pizza;3
22/06/2015;The Classic Deluxe Pizza;7
22/06/2015;The Five Cheese Pizza;1
22/06/2015;The Four Cheese Pizza;5
22/06/2015;The Greek Pizza;5
22/06/2015;The Green Garden Pizza;3
22/06/2015;The Hawaiian Pizza;7
22/06/2015;The Italian Capocollo Pizza;2
22/06/2015;The Italian Supreme Pizza;9
22/06/2015;The Italian Vegetables Pizza;3
22/06/2015;The Mediterranean Pizza;3
22/06/2015;The Mexicana Pizza;7
22/06/2015;The Napolitana Pizza;3
22/06/2015;The Pepper Salami Pizza;6
22/06/2015;The Pepperoni Pizza;4
22/06/2015;The Pepperoni, Mushroom, and Peppers Pizza;4
22/06/2015;The Prosciutto and Arugula Pizza;5
22/06/2015;The Sicilian Pizza;6
22/06/2015;The Soppressata Pizza;0
22/06/2015;The Southwest Chicken Pizza;5
22/06/2015;The Spicy Italian Pizza;6
22/06/2015;The Spinach Pesto Pizza;6
22/06/2015;The Spinach Supreme Pizza;1
22/06/2015;The Spinach and Feta Pizza;1
22/06/2015;The Thai Chicken Pizza;6
22/06/2015;The Vegetables + Vegetables Pizza;4
23/06/2015;The Barbecue Chicken Pizza;3
23/06/2015;The Big Meat Pizza;3
23/06/2015;The Brie Carre Pizza;0
23/06/2015;The Calabrese Pizza;4
23/06/2015;The California Chicken Pizza;10
23/06/2015;The Chicken Alfredo Pizza;3
23/06/2015;The Chicken Pesto Pizza;5
23/06/2015;The Classic Deluxe Pizza;6
23/06/2015;The Five Cheese Pizza;5
23/06/2015;The Four Cheese Pizza;1
23/06/2015;The Greek Pizza;1
23/06/2015;The Green Garden Pizza;1
23/06/2015;The Hawaiian Pizza;9
23/06/2015;The Italian Capocollo Pizza;4
23/06/2015;The Italian Supreme Pizza;5
23/06/2015;The Italian Vegetables Pizza;6
23/06/2015;The Mediterranean Pizza;0
23/06/2015;The Mexicana Pizza;1
23/06/2015;The Napolitana Pizza;3
23/06/2015;The Pepper Salami Pizza;3
23/06/2015;The Pepperoni Pizza;9
23/06/2015;The Pepperoni, Mushroom, and Peppers Pizza;3
23/06/2015;The Prosciutto and Arugula Pizza;2
23/06/2015;The Sicilian Pizza;6
23/06/2015;The Soppressata Pizza;1
23/06/2015;The Southwest Chicken Pizza;4
23/06/2015;The Spicy Italian Pizza;3
23/06/2015;The Spinach Pesto Pizza;2
23/06/2015;The Spinach Supreme Pizza;6
23/06/2015;The Spinach and Feta Pizza;4
23/06/2015;The Thai Chicken Pizza;10
23/06/2015;The Vegetables + Vegetables Pizza;1
24/06/2015;The Barbecue Chicken Pizza;11
24/06/2015;The Big Meat Pizza;6
24/06/2015;The Brie Carre Pizza;4
24/06/2015;The Calabrese Pizza;1
24/06/2015;The California Chicken Pizza;4
24/06/2015;The Chicken Alfredo Pizza;2
24/06/2015;The Chicken Pesto Pizza;3
24/06/2015;The Classic Deluxe Pizza;7
24/06/2015;The Five Cheese Pizza;3
24/06/2015;The Four Cheese Pizza;3
24/06/2015;The Greek Pizza;5
24/06/2015;The Green Garden Pizza;2
24/06/2015;The Hawaiian Pizza;3
24/06/2015;The Italian Capocollo Pizza;4
24/06/2015;The Italian Supreme Pizza;8
24/06/2015;The Italian Vegetables Pizza;2
24/06/2015;The Mediterranean Pizza;3
24/06/2015;The Mexicana Pizza;5
24/06/2015;The Napolitana Pizza;2
24/06/2015;The Pepper Salami Pizza;5
24/06/2015;The Pepperoni Pizza;9
24/06/2015;The Pepperoni, Mushroom, and Peppers Pizza;4
24/06/2015;The Prosciutto and Arugula Pizza;4
24/06/2015;The Sicilian Pizza;2
24/06/2015;The Soppressata Pizza;1
24/06/2015;The Southwest Chicken Pizza;6
24/06/2015;The Spicy Italian Pizza;5
24/06/2015;The Spinach Pesto Pizza;2
24/06/2015;The Spinach Supreme Pizza;4
24/06/2015;The Spinach and Feta Pizza;3
24/06/2015;The Thai Chicken Pizza;9
24/06/2015;The Vegetables + Vegetables Pizza;5
25/06/2015;The Barbecue Chicken Pizza;4
25/06/2015;The Big Meat Pizza;3
25/06/2015;The Brie Carre Pizza;1
25/06/2015;The Calabrese Pizza;1
25/06/2015;The California Chicken Pizza;6
25/06/2015;The Chicken Alfredo Pizza;2
25/06/2015;The Chicken Pesto Pizza;2
25/06/2015;The Classic Deluxe Pizza;8
25/06/2015;The Five Cheese Pizza;5
25/06/2015;The Four Cheese Pizza;7
25/06/2015;The Greek Pizza;5
25/06/2015;The Green Garden Pizza;2
25/06/2015;The Hawaiian Pizza;8
25/06/2015;The Italian Capocollo Pizza;4
25/06/2015;The Italian Supreme Pizza;5
25/06/2015;The Italian Vegetables Pizza;1
25/06/2015;The Mediterranean Pizza;1
25/06/2015;The Mexicana Pizza;4
25/06/2015;The Napolitana Pizza;7
25/06/2015;The Pepper Salami Pizza;5
25/06/2015;The Pepperoni Pizza;3
25/06/2015;The Pepperoni, Mushroom, and Peppers Pizza;10
25/06/2015;The Prosciutto and Arugula Pizza;0
25/06/2015;The Sicilian Pizza;4
25/06/2015;The Soppressata Pizza;6
25/06/2015;The Southwest Chicken Pizza;6
25/06/2015;The Spicy Italian Pizza;9
25/06/2015;The Spinach Pesto Pizza;4
25/06/2015;The Spinach Supreme Pizza;1
25/06/2015;The Spinach and Feta Pizza;8
25/06/2015;The Thai Chicken Pizza;10
25/06/2015;The Vegetables + Vegetables Pizza;6
26/06/2015;The Barbecue Chicken Pizza;10
26/06/2015;The Big Meat Pizza;3
26/06/2015;The Brie Carre Pizza;0
26/06/2015;The Calabrese Pizza;2
26/06/2015;The California Chicken Pizza;9
26/06/2015;The Chicken Alfredo Pizza;4
26/06/2015;The Chicken Pesto Pizza;4
26/06/2015;The Classic Deluxe Pizza;7
26/06/2015;The Five Cheese Pizza;4
26/06/2015;The Four Cheese Pizza;8
26/06/2015;The Greek Pizza;5
26/06/2015;The Green Garden Pizza;2
26/06/2015;The Hawaiian Pizza;5
26/06/2015;The Italian Capocollo Pizza;5
26/06/2015;The Italian Supreme Pizza;8
26/06/2015;The Italian Vegetables Pizza;2
26/06/2015;The Mediterranean Pizza;5
26/06/2015;The Mexicana Pizza;4
26/06/2015;The Napolitana Pizza;8
26/06/2015;The Pepper Salami Pizza;1
26/06/2015;The Pepperoni Pizza;10
26/06/2015;The Pepperoni, Mushroom, and Peppers Pizza;3
26/06/2015;The Prosciutto and Arugula Pizza;7
26/06/2015;The Sicilian Pizza;8
26/06/2015;The Soppressata Pizza;5
26/06/2015;The Southwest Chicken Pizza;8
26/06/2015;The Spicy Italian Pizza;6
26/06/2015;The Spinach Pesto Pizza;5
26/06/2015;The Spinach Supreme Pizza;1
26/06/2015;The Spinach and Feta Pizza;5
26/06/2015;The Thai Chicken Pizza;7
26/06/2015;The Vegetables + Vegetables Pizza;2
27/06/2015;The Barbecue Chicken Pizza;12
27/06/2015;The Big Meat Pizza;4
27/06/2015;The Brie Carre Pizza;1
27/06/2015;The Calabrese Pizza;5
27/06/2015;The California Chicken Pizza;11
27/06/2015;The Chicken Alfredo Pizza;3
27/06/2015;The Chicken Pesto Pizza;6
27/06/2015;The Classic Deluxe Pizza;10
27/06/2015;The Five Cheese Pizza;4
27/06/2015;The Four Cheese Pizza;5
27/06/2015;The Greek Pizza;5
27/06/2015;The Green Garden Pizza;2
27/06/2015;The Hawaiian Pizza;7
27/06/2015;The Italian Capocollo Pizza;4
27/06/2015;The Italian Supreme Pizza;6
27/06/2015;The Italian Vegetables Pizza;3
27/06/2015;The Mediterranean Pizza;1
27/06/2015;The Mexicana Pizza;2
27/06/2015;The Napolitana Pizza;9
27/06/2015;The Pepper Salami Pizza;5
27/06/2015;The Pepperoni Pizza;8
27/06/2015;The Pepperoni, Mushroom, and Peppers Pizza;6
27/06/2015;The Prosciutto and Arugula Pizza;5
27/06/2015;The Sicilian Pizza;8
27/06/2015;The Soppressata Pizza;2
27/06/2015;The Southwest Chicken Pizza;3
27/06/2015;The Spicy Italian Pizza;11
27/06/2015;The Spinach Pesto Pizza;5
27/06/2015;The Spinach Supreme Pizza;3
27/06/2015;The Spinach and Feta Pizza;3
27/06/2015;The Thai Chicken Pizza;6
27/06/2015;The Vegetables + Vegetables Pizza;8
28/06/2015;The Barbecue Chicken Pizza;5
28/06/2015;The Big Meat Pizza;5
28/06/2015;The Brie Carre Pizza;0
28/06/2015;The Calabrese Pizza;4
28/06/2015;The California Chicken Pizza;4
28/06/2015;The Chicken Alfredo Pizza;0
28/06/2015;The Chicken Pesto Pizza;1
28/06/2015;The Classic Deluxe Pizza;4
28/06/2015;The Five Cheese Pizza;3
28/06/2015;The Four Cheese Pizza;2
28/06/2015;The Greek Pizza;3
28/06/2015;The Green Garden Pizza;2
28/06/2015;The Hawaiian Pizza;5
28/06/2015;The Italian Capocollo Pizza;8
28/06/2015;The Italian Supreme Pizza;4
28/06/2015;The Italian Vegetables Pizza;1
28/06/2015;The Mediterranean Pizza;2
28/06/2015;The Mexicana Pizza;2
28/06/2015;The Napolitana Pizza;1
28/06/2015;The Pepper Salami Pizza;4
28/06/2015;The Pepperoni Pizza;2
28/06/2015;The Pepperoni, Mushroom, and Peppers Pizza;3
28/06/2015;The Prosciutto and Arugula Pizza;2
28/06/2015;The Sicilian Pizza;1
28/06/2015;The Soppressata Pizza;2
28/06/2015;The Southwest Chicken Pizza;4
28/06/2015;The Spicy Italian Pizza;3
28/06/2015;The Spinach Pesto Pizza;2
28/06/2015;The Spinach Supreme Pizza;3
28/06/2015;The Spinach and Feta Pizza;3
28/06/2015;The Thai Chicken Pizza;5
28/06/2015;The Vegetables + Vegetables Pizza;5
29/06/2015;The Barbecue Chicken Pizza;6
29/06/2015;The Big Meat Pizza;5
29/06/2015;The Brie Carre Pizza;0
29/06/2015;The Calabrese Pizza;4
29/06/2015;The California Chicken Pizza;7
29/06/2015;The Chicken Alfredo Pizza;0
29/06/2015;The Chicken Pesto Pizza;2
29/06/2015;The Classic Deluxe Pizza;8
29/06/2015;The Five Cheese Pizza;3
29/06/2015;The Four Cheese Pizza;5
29/06/2015;The Greek Pizza;4
29/06/2015;The Green Garden Pizza;4
29/06/2015;The Hawaiian Pizza;7
29/06/2015;The Italian Capocollo Pizza;4
29/06/2015;The Italian Supreme Pizza;6
29/06/2015;The Italian Vegetables Pizza;3
29/06/2015;The Mediterranean Pizza;3
29/06/2015;The Mexicana Pizza;3
29/06/2015;The Napolitana Pizza;4
29/06/2015;The Pepper Salami Pizza;2
29/06/2015;The Pepperoni Pizza;3
29/06/2015;The Pepperoni, Mushroom, and Peppers Pizza;3
29/06/2015;The Prosciutto and Arugula Pizza;2
29/06/2015;The Sicilian Pizza;6
29/06/2015;The Soppressata Pizza;3
29/06/2015;The Southwest Chicken Pizza;3
29/06/2015;The Spicy Italian Pizza;3
29/06/2015;The Spinach Pesto Pizza;1
29/06/2015;The Spinach Supreme Pizza;3
29/06/2015;The Spinach and Feta Pizza;4
29/06/2015;The Thai Chicken Pizza;5
29/06/2015;The Vegetables + Vegetables Pizza;2
30/06/2015;The Barbecue Chicken Pizza;8
30/06/2015;The Big Meat Pizza;3
30/06/2015;The Brie Carre Pizza;2
30/06/2015;The Calabrese Pizza;2
30/06/2015;The California Chicken Pizza;9
30/06/2015;The Chicken Alfredo Pizza;5
30/06/2015;The Chicken Pesto Pizza;0
30/06/2015;The Classic Deluxe Pizza;11
30/06/2015;The Five Cheese Pizza;3
30/06/2015;The Four Cheese Pizza;2
30/06/2015;The Greek Pizza;4
30/06/2015;The Green Garden Pizza;3
30/06/2015;The Hawaiian Pizza;5
30/06/2015;The Italian Capocollo Pizza;3
30/06/2015;The Italian Supreme Pizza;3
30/06/2015;The Italian Vegetables Pizza;6
30/06/2015;The Mediterranean Pizza;1
30/06/2015;The Mexicana Pizza;3
30/06/2015;The Napolitana Pizza;3
30/06/2015;The Pepper Salami Pizza;4
30/06/2015;The Pepperoni Pizza;5
30/06/2015;The Pepperoni, Mushroom, and Peppers Pizza;5
30/06/2015;The Prosciutto and Arugula Pizza;4
30/06/2015;The Sicilian Pizza;2
30/06/2015;The Soppressata Pizza;9
30/06/2015;The Southwest Chicken Pizza;3
30/06/2015;The Spicy Italian Pizza;9
30/06/2015;The Spinach Pesto Pizza;4
30/06/2015;The Spinach Supreme Pizza;1
30/06/2015;The Spinach and Feta Pizza;1
30/06/2015;The Thai Chicken Pizza;5
30/06/2015;The Vegetables + Vegetables Pizza;2
01/07/2015;The Barbecue Chicken Pizza;8
01/07/2015;The Big Meat Pizza;10
01/07/2015;The Brie Carre Pizza;0
01/07/2015;The Calabrese Pizza;4
01/07/2015;The California Chicken Pizza;4
01/07/2015;The Chicken Alfredo Pizza;1
01/07/2015;The Chicken Pesto Pizza;2
01/07/2015;The Classic Deluxe Pizza;5
01/07/2015;The Five Cheese Pizza;3
01/07/2015;The Four Cheese Pizza;7
01/07/2015;The Greek Pizza;4
01/07/2015;The Green Garden Pizza;5
01/07/2015;The Hawaiian Pizza;6
01/07/2015;The Italian Capocollo Pizza;3
01/07/2015;The Italian Supreme Pizza;9
01/07/2015;The Italian Vegetables Pizza;2
01/07/2015;The Mediterranean Pizza;2
01/07/2015;The Mexicana Pizza;3
01/07/2015;The Napolitana Pizza;3
01/07/2015;The Pepper Salami Pizza;4
01/07/2015;The Pepperoni Pizza;7
01/07/2015;The Pepperoni, Mushroom, and Peppers Pizza;5
01/07/2015;The Prosciutto and Arugula Pizza;6
01/07/2015;The Sicilian Pizza;2
01/07/2015;The Soppressata Pizza;3
01/07/2015;The Southwest Chicken Pizza;5
01/07/2015;The Spicy Italian Pizza;3
01/07/2015;The Spinach Pesto Pizza;5
01/07/2015;The Spinach Supreme Pizza;5
01/07/2015;The Spinach and Feta Pizza;3
01/07/2015;The Thai Chicken Pizza;5
01/07/2015;The Vegetables + Vegetables Pizza;3
02/07/2015;The Barbecue Chicken Pizza;3
02/07/2015;The Big Meat Pizza;6
02/07/2015;The Brie Carre Pizza;1
02/07/2015;The Calabrese Pizza;1
02/07/2015;The California Chicken Pizza;6
02/07/2015;The Chicken Alfredo Pizza;3
02/07/2015;The Chicken Pesto Pizza;1
02/07/2015;The Classic Deluxe Pizza;12
02/07/2015;The Five Cheese Pizza;1
02/07/2015;The Four Cheese Pizza;7
02/07/2015;The Greek Pizza;5
02/07/2015;The Green Garden Pizza;6
02/07/2015;The Hawaiian Pizza;9
02/07/2015;The Italian Capocollo Pizza;4
02/07/2015;The Italian Supreme Pizza;9
02/07/2015;The Italian Vegetables Pizza;0
02/07/2015;The Mediterranean Pizza;4
02/07/2015;The Mexicana Pizza;2
02/07/2015;The Napolitana Pizza;4
02/07/2015;The Pepper Salami Pizza;0
02/07/2015;The Pepperoni Pizza;8
02/07/2015;The Pepperoni, Mushroom, and Peppers Pizza;3
02/07/2015;The Prosciutto and Arugula Pizza;5
02/07/2015;The Sicilian Pizza;6
02/07/2015;The Soppressata Pizza;1
02/07/2015;The Southwest Chicken Pizza;5
02/07/2015;The Spicy Italian Pizza;8
02/07/2015;The Spinach Pesto Pizza;3
02/07/2015;The Spinach Supreme Pizza;2
02/07/2015;The Spinach and Feta Pizza;3
02/07/2015;The Thai Chicken Pizza;8
02/07/2015;The Vegetables + Vegetables Pizza;2
03/07/2015;The Barbecue Chicken Pizza;12
03/07/2015;The Big Meat Pizza;13
03/07/2015;The Brie Carre Pizza;1
03/07/2015;The Calabrese Pizza;1
03/07/2015;The California Chicken Pizza;10
03/07/2015;The Chicken Alfredo Pizza;3
03/07/2015;The Chicken Pesto Pizza;6
03/07/2015;The Classic Deluxe Pizza;13
03/07/2015;The Five Cheese Pizza;4
03/07/2015;The Four Cheese Pizza;9
03/07/2015;The Greek Pizza;7
03/07/2015;The Green Garden Pizza;1
03/07/2015;The Hawaiian Pizza;7
03/07/2015;The Italian Capocollo Pizza;6
03/07/2015;The Italian Supreme Pizza;10
03/07/2015;The Italian Vegetables Pizza;6
03/07/2015;The Mediterranean Pizza;7
03/07/2015;The Mexicana Pizza;11
03/07/2015;The Napolitana Pizza;5
03/07/2015;The Pepper Salami Pizza;1
03/07/2015;The Pepperoni Pizza;15
03/07/2015;The Pepperoni, Mushroom, and Peppers Pizza;5
03/07/2015;The Prosciutto and Arugula Pizza;6
03/07/2015;The Sicilian Pizza;4
03/07/2015;The Soppressata Pizza;4
03/07/2015;The Southwest Chicken Pizza;8
03/07/2015;The Spicy Italian Pizza;7
03/07/2015;The Spinach Pesto Pizza;7
03/07/2015;The Spinach Supreme Pizza;2
03/07/2015;The Spinach and Feta Pizza;6
03/07/2015;The Thai Chicken Pizza;10
03/07/2015;The Vegetables + Vegetables Pizza;6
04/07/2015;The Barbecue Chicken Pizza;12
04/07/2015;The Big Meat Pizza;8
04/07/2015;The Brie Carre Pizza;4
04/07/2015;The Calabrese Pizza;7
04/07/2015;The California Chicken Pizza;10
04/07/2015;The Chicken Alfredo Pizza;4
04/07/2015;The Chicken Pesto Pizza;4
04/07/2015;The Classic Deluxe Pizza;15
04/07/2015;The Five Cheese Pizza;10
04/07/2015;The Four Cheese Pizza;3
04/07/2015;The Greek Pizza;3
04/07/2015;The Green Garden Pizza;7
04/07/2015;The Hawaiian Pizza;10
04/07/2015;The Italian Capocollo Pizza;8
04/07/2015;The Italian Supreme Pizza;5
04/07/2015;The Italian Vegetables Pizza;8
04/07/2015;The Mediterranean Pizza;7
04/07/2015;The Mexicana Pizza;8
04/07/2015;The Napolitana Pizza;6
04/07/2015;The Pepper Salami Pizza;10
04/07/2015;The Pepperoni Pizza;13
04/07/2015;The Pepperoni, Mushroom, and Peppers Pizza;11
04/07/2015;The Prosciutto and Arugula Pizza;5
04/07/2015;The Sicilian Pizza;4
04/07/2015;The Soppressata Pizza;5
04/07/2015;The Southwest Chicken Pizza;7
04/07/2015;The Spicy Italian Pizza;9
04/07/2015;The Spinach Pesto Pizza;3
04/07/2015;The Spinach Supreme Pizza;4
04/07/2015;The Spinach and Feta Pizza;6
04/07/2015;The Thai Chicken Pizza;11
04/07/2015;The Vegetables + Vegetables Pizza;7
05/07/2015;The Barbecue Chicken Pizza;3
05/07/2015;The Big Meat Pizza;4
05/07/2015;The Brie Carre Pizza;2
05/07/2015;The Calabrese Pizza;3
05/07/2015;The California Chicken Pizza;2
05/07/2015;The Chicken Alfredo Pizza;0
05/07/2015;The Chicken Pesto Pizza;1
05/07/2015;The Classic Deluxe Pizza;3
05/07/2015;The Five Cheese Pizza;3
05/07/2015;The Four Cheese Pizza;2
05/07/2015;The Greek Pizza;5
05/07/2015;The Green Garden Pizza;1
05/07/2015;The Hawaiian Pizza;5
05/07/2015;The Italian Capocollo Pizza;1
05/07/2015;The Italian Supreme Pizza;2
05/07/2015;The Italian Vegetables Pizza;2
05/07/2015;The Mediterranean Pizza;2
05/07/2015;The Mexicana Pizza;2
05/07/2015;The Napolitana Pizza;4
05/07/2015;The Pepper Salami Pizza;2
05/07/2015;The Pepperoni Pizza;4
05/07/2015;The Pepperoni, Mushroom, and Peppers Pizza;5
05/07/2015;The Prosciutto and Arugula Pizza;1
05/07/2015;The Sicilian Pizza;11
05/07/2015;The Soppressata Pizza;2
05/07/2015;The Southwest Chicken Pizza;3
05/07/2015;The Spicy Italian Pizza;3
05/07/2015;The Spinach Pesto Pizza;2
05/07/2015;The Spinach Supreme Pizza;1
05/07/2015;The Spinach and Feta Pizza;3
05/07/2015;The Thai Chicken Pizza;7
05/07/2015;The Vegetables + Vegetables Pizza;5
06/07/2015;The Barbecue Chicken Pizza;8
06/07/2015;The Big Meat Pizza;6
06/07/2015;The Brie Carre Pizza;0
06/07/2015;The Calabrese Pizza;3
06/07/2015;The California Chicken Pizza;4
06/07/2015;The Chicken Alfredo Pizza;1
06/07/2015;The Chicken Pesto Pizza;4
06/07/2015;The Classic Deluxe Pizza;11
06/07/2015;The Five Cheese Pizza;5
06/07/2015;The Four Cheese Pizza;4
06/07/2015;The Greek Pizza;0
06/07/2015;The Green Garden Pizza;3
06/07/2015;The Hawaiian Pizza;7
06/07/2015;The Italian Capocollo Pizza;5
06/07/2015;The Italian Supreme Pizza;4
06/07/2015;The Italian Vegetables Pizza;2
06/07/2015;The Mediterranean Pizza;0
06/07/2015;The Mexicana Pizza;5
06/07/2015;The Napolitana Pizza;4
06/07/2015;The Pepper Salami Pizza;2
06/07/2015;The Pepperoni Pizza;5
06/07/2015;The Pepperoni, Mushroom, and Peppers Pizza;3
06/07/2015;The Prosciutto and Arugula Pizza;4
06/07/2015;The Sicilian Pizza;2
06/07/2015;The Soppressata Pizza;4
06/07/2015;The Southwest Chicken Pizza;6
06/07/2015;The Spicy Italian Pizza;5
06/07/2015;The Spinach Pesto Pizza;5
06/07/2015;The Spinach Supreme Pizza;4
06/07/2015;The Spinach and Feta Pizza;1
06/07/2015;The Thai Chicken Pizza;7
06/07/2015;The Vegetables + Vegetables Pizza;6
07/07/2015;The Barbecue Chicken Pizza;4
07/07/2015;The Big Meat Pizza;7
07/07/2015;The Brie Carre Pizza;0
07/07/2015;The Calabrese Pizza;2
07/07/2015;The California Chicken Pizza;4
07/07/2015;The Chicken Alfredo Pizza;6
07/07/2015;The Chicken Pesto Pizza;3
07/07/2015;The Classic Deluxe Pizza;6
07/07/2015;The Five Cheese Pizza;6
07/07/2015;The Four Cheese Pizza;3
07/07/2015;The Greek Pizza;4
07/07/2015;The Green Garden Pizza;3
07/07/2015;The Hawaiian Pizza;8
07/07/2015;The Italian Capocollo Pizza;6
07/07/2015;The Italian Supreme Pizza;3
07/07/2015;The Italian Vegetables Pizza;1
07/07/2015;The Mediterranean Pizza;3
07/07/2015;The Mexicana Pizza;6
07/07/2015;The Napolitana Pizza;6
07/07/2015;The Pepper Salami Pizza;3
07/07/2015;The Pepperoni Pizza;5
07/07/2015;The Pepperoni, Mushroom, and Peppers Pizza;3
07/07/2015;The Prosciutto and Arugula Pizza;8
07/07/2015;The Sicilian Pizza;3
07/07/2015;The Soppressata Pizza;3
07/07/2015;The Southwest Chicken Pizza;7
07/07/2015;The Spicy Italian Pizza;9
07/07/2015;The Spinach Pesto Pizza;1
07/07/2015;The Spinach Supreme Pizza;1
07/07/2015;The Spinach and Feta Pizza;3
07/07/2015;The Thai Chicken Pizza;10
07/07/2015;The Vegetables + Vegetables Pizza;5
08/07/2015;The Barbecue Chicken Pizza;7
08/07/2015;The Big Meat Pizza;2
08/07/2015;The Brie Carre Pizza;4
08/07/2015;The Calabrese Pizza;3
08/07/2015;The California Chicken Pizza;4
08/07/2015;The Chicken Alfredo Pizza;0
08/07/2015;The Chicken Pesto Pizza;6
08/07/2015;The Classic Deluxe Pizza;4
08/07/2015;The Five Cheese Pizza;8
08/07/2015;The Four Cheese Pizza;6
08/07/2015;The Greek Pizza;5
08/07/2015;The Green Garden Pizza;6
08/07/2015;The Hawaiian Pizza;3
08/07/2015;The Italian Capocollo Pizza;4
08/07/2015;The Italian Supreme Pizza;9
08/07/2015;The Italian Vegetables Pizza;1
08/07/2015;The Mediterranean Pizza;2
08/07/2015;The Mexicana Pizza;3
08/07/2015;The Napolitana Pizza;3
08/07/2015;The Pepper Salami Pizza;7
08/07/2015;The Pepperoni Pizza;9
08/07/2015;The Pepperoni, Mushroom, and Peppers Pizza;5
08/07/2015;The Prosciutto and Arugula Pizza;6
08/07/2015;The Sicilian Pizza;1
08/07/2015;The Soppressata Pizza;4
08/07/2015;The Southwest Chicken Pizza;8
08/07/2015;The Spicy Italian Pizza;6
08/07/2015;The Spinach Pesto Pizza;1
08/07/2015;The Spinach Supreme Pizza;0
08/07/2015;The Spinach and Feta Pizza;6
08/07/2015;The Thai Chicken Pizza;6
08/07/2015;The Vegetables + Vegetables Pizza;3
09/07/2015;The Barbecue Chicken Pizza;8
09/07/2015;The Big Meat Pizza;5
09/07/2015;The Brie Carre Pizza;1
09/07/2015;The Calabrese Pizza;4
09/07/2015;The California Chicken Pizza;6
09/07/2015;The Chicken Alfredo Pizza;4
09/07/2015;The Chicken Pesto Pizza;2
09/07/2015;The Classic Deluxe Pizza;5
09/07/2015;The Five Cheese Pizza;4
09/07/2015;The Four Cheese Pizza;3
09/07/2015;The Greek Pizza;3
09/07/2015;The Green Garden Pizza;2
09/07/2015;The Hawaiian Pizza;3
09/07/2015;The Italian Capocollo Pizza;4
09/07/2015;The Italian Supreme Pizza;4
09/07/2015;The Italian Vegetables Pizza;1
09/07/2015;The Mediterranean Pizza;3
09/07/2015;The Mexicana Pizza;7
09/07/2015;The Napolitana Pizza;2
09/07/2015;The Pepper Salami Pizza;2
09/07/2015;The Pepperoni Pizza;5
09/07/2015;The Pepperoni, Mushroom, and Peppers Pizza;3
09/07/2015;The Prosciutto and Arugula Pizza;4
09/07/2015;The Sicilian Pizza;5
09/07/2015;The Soppressata Pizza;4
09/07/2015;The Southwest Chicken Pizza;8
09/07/2015;The Spicy Italian Pizza;6
09/07/2015;The Spinach Pesto Pizza;1
09/07/2015;The Spinach Supreme Pizza;4
09/07/2015;The Spinach and Feta Pizza;5
09/07/2015;The Thai Chicken Pizza;12
09/07/2015;The Vegetables + Vegetables Pizza;5
10/07/2015;The Barbecue Chicken Pizza;11
10/07/2015;The Big Meat Pizza;2
10/07/2015;The Brie Carre Pizza;3
10/07/2015;The Calabrese Pizza;4
10/07/2015;The California Chicken Pizza;8
10/07/2015;The Chicken Alfredo Pizza;3
10/07/2015;The Chicken Pesto Pizza;1
10/07/2015;The Classic Deluxe Pizza;11
10/07/2015;The Five Cheese Pizza;5
10/07/2015;The Four Cheese Pizza;5
10/07/2015;The Greek Pizza;2
10/07/2015;The Green Garden Pizza;4
10/07/2015;The Hawaiian Pizza;5
10/07/2015;The Italian Capocollo Pizza;6
10/07/2015;The Italian Supreme Pizza;5
10/07/2015;The Italian Vegetables Pizza;0
10/07/2015;The Mediterranean Pizza;2
10/07/2015;The Mexicana Pizza;6
10/07/2015;The Napolitana Pizza;3
10/07/2015;The Pepper Salami Pizza;5
10/07/2015;The Pepperoni Pizza;9
10/07/2015;The Pepperoni, Mushroom, and Peppers Pizza;3
10/07/2015;The Prosciutto and Arugula Pizza;2
10/07/2015;The Sicilian Pizza;4
10/07/2015;The Soppressata Pizza;3
10/07/2015;The Southwest Chicken Pizza;7
10/07/2015;The Spicy Italian Pizza;5
10/07/2015;The Spinach Pesto Pizza;3
10/07/2015;The Spinach Supreme Pizza;2
10/07/2015;The Spinach and Feta Pizza;7
10/07/2015;The Thai Chicken Pizza;7
10/07/2015;The Vegetables + Vegetables Pizza;5
11/07/2015;The Barbecue Chicken Pizza;8
11/07/2015;The Big Meat Pizza;7
11/07/2015;The Brie Carre Pizza;2
11/07/2015;The Calabrese Pizza;2
11/07/2015;The California Chicken Pizza;5
11/07/2015;The Chicken Alfredo Pizza;3
11/07/2015;The Chicken Pesto Pizza;3
11/07/2015;The Classic Deluxe Pizza;5
11/07/2015;The Five Cheese Pizza;3
11/07/2015;The Four Cheese Pizza;6
11/07/2015;The Greek Pizza;3
11/07/2015;The Green Garden Pizza;5
11/07/2015;The Hawaiian Pizza;5
11/07/2015;The Italian Capocollo Pizza;1
11/07/2015;The Italian Supreme Pizza;3
11/07/2015;The Italian Vegetables Pizza;3
11/07/2015;The Mediterranean Pizza;1
11/07/2015;The Mexicana Pizza;3
11/07/2015;The Napolitana Pizza;2
11/07/2015;The Pepper Salami Pizza;8
11/07/2015;The Pepperoni Pizza;4
11/07/2015;The Pepperoni, Mushroom, and Peppers Pizza;2
11/07/2015;The Prosciutto and Arugula Pizza;8
11/07/2015;The Sicilian Pizza;6
11/07/2015;The Soppressata Pizza;3
11/07/2015;The Southwest Chicken Pizza;3
11/07/2015;The Spicy Italian Pizza;3
11/07/2015;The Spinach Pesto Pizza;4
11/07/2015;The Spinach Supreme Pizza;0
11/07/2015;The Spinach and Feta Pizza;4
11/07/2015;The Thai Chicken Pizza;6
11/07/2015;The Vegetables + Vegetables Pizza;4
12/07/2015;The Barbecue Chicken Pizza;2
12/07/2015;The Big Meat Pizza;3
12/07/2015;The Brie Carre Pizza;1
12/07/2015;The Calabrese Pizza;2
12/07/2015;The California Chicken Pizza;4
12/07/2015;The Chicken Alfredo Pizza;0
12/07/2015;The Chicken Pesto Pizza;4
12/07/2015;The Classic Deluxe Pizza;8
12/07/2015;The Five Cheese Pizza;3
12/07/2015;The Four Cheese Pizza;5
12/07/2015;The Greek Pizza;5
12/07/2015;The Green Garden Pizza;3
12/07/2015;The Hawaiian Pizza;3
12/07/2015;The Italian Capocollo Pizza;5
12/07/2015;The Italian Supreme Pizza;5
12/07/2015;The Italian Vegetables Pizza;1
12/07/2015;The Mediterranean Pizza;4
12/07/2015;The Mexicana Pizza;3
12/07/2015;The Napolitana Pizza;2
12/07/2015;The Pepper Salami Pizza;6
12/07/2015;The Pepperoni Pizza;10
12/07/2015;The Pepperoni, Mushroom, and Peppers Pizza;3
12/07/2015;The Prosciutto and Arugula Pizza;4
12/07/2015;The Sicilian Pizza;5
12/07/2015;The Soppressata Pizza;2
12/07/2015;The Southwest Chicken Pizza;5
12/07/2015;The Spicy Italian Pizza;9
12/07/2015;The Spinach Pesto Pizza;1
12/07/2015;The Spinach Supreme Pizza;5
12/07/2015;The Spinach and Feta Pizza;6
12/07/2015;The Thai Chicken Pizza;6
12/07/2015;The Vegetables + Vegetables Pizza;3
13/07/2015;The Barbecue Chicken Pizza;6
13/07/2015;The Big Meat Pizza;3
13/07/2015;The Brie Carre Pizza;5
13/07/2015;The Calabrese Pizza;1
13/07/2015;The California Chicken Pizza;6
13/07/2015;The Chicken Alfredo Pizza;3
13/07/2015;The Chicken Pesto Pizza;3
13/07/2015;The Classic Deluxe Pizza;6
13/07/2015;The Five Cheese Pizza;4
13/07/2015;The Four Cheese Pizza;6
13/07/2015;The Greek Pizza;5
13/07/2015;The Green Garden Pizza;0
13/07/2015;The Hawaiian Pizza;10
13/07/2015;The Italian Capocollo Pizza;3
13/07/2015;The Italian Supreme Pizza;5
13/07/2015;The Italian Vegetables Pizza;2
13/07/2015;The Mediterranean Pizza;2
13/07/2015;The Mexicana Pizza;2
13/07/2015;The Napolitana Pizza;1
13/07/2015;The Pepper Salami Pizza;1
13/07/2015;The Pepperoni Pizza;7
13/07/2015;The Pepperoni, Mushroom, and Peppers Pizza;2
13/07/2015;The Prosciutto and Arugula Pizza;7
13/07/2015;The Sicilian Pizza;6
13/07/2015;The Soppressata Pizza;1
13/07/2015;The Southwest Chicken Pizza;7
13/07/2015;The Spicy Italian Pizza;5
13/07/2015;The Spinach Pesto Pizza;0
13/07/2015;The Spinach Supreme Pizza;1
13/07/2015;The Spinach and Feta Pizza;6
13/07/2015;The Thai Chicken Pizza;5
13/07/2015;The Vegetables + Vegetables Pizza;3
14/07/2015;The Barbecue Chicken Pizza;6
14/07/2015;The Big Meat Pizza;7
14/07/2015;The Brie Carre Pizza;0
14/07/2015;The Calabrese Pizza;2
14/07/2015;The California Chicken Pizza;10
14/07/2015;The Chicken Alfredo Pizza;1
14/07/2015;The Chicken Pesto Pizza;1
14/07/2015;The Classic Deluxe Pizza;1
14/07/2015;The Five Cheese Pizza;8
14/07/2015;The Four Cheese Pizza;4
14/07/2015;The Greek Pizza;1
14/07/2015;The Green Garden Pizza;3
14/07/2015;The Hawaiian Pizza;4
14/07/2015;The Italian Capocollo Pizza;7
14/07/2015;The Italian Supreme Pizza;6
14/07/2015;The Italian Vegetables Pizza;2
14/07/2015;The Mediterranean Pizza;2
14/07/2015;The Mexicana Pizza;3
14/07/2015;The Napolitana Pizza;1
14/07/2015;The Pepper Salami Pizza;1
14/07/2015;The Pepperoni Pizza;4
14/07/2015;The Pepperoni, Mushroom, and Peppers Pizza;4
14/07/2015;The Prosciutto and Arugula Pizza;7
14/07/2015;The Sicilian Pizza;4
14/07/2015;The Soppressata Pizza;2
14/07/2015;The Southwest Chicken Pizza;6
14/07/2015;The Spicy Italian Pizza;10
14/07/2015;The Spinach Pesto Pizza;2
14/07/2015;The Spinach Supreme Pizza;1
14/07/2015;The Spinach and Feta Pizza;5
14/07/2015;The Thai Chicken Pizza;2
14/07/2015;The Vegetables + Vegetables Pizza;2
15/07/2015;The Barbecue Chicken Pizza;6
15/07/2015;The Big Meat Pizza;6
15/07/2015;The Brie Carre Pizza;1
15/07/2015;The Calabrese Pizza;3
15/07/2015;The California Chicken Pizza;4
15/07/2015;The Chicken Alfredo Pizza;2
15/07/2015;The Chicken Pesto Pizza;2
15/07/2015;The Classic Deluxe Pizza;6
15/07/2015;The Five Cheese Pizza;2
15/07/2015;The Four Cheese Pizza;13
15/07/2015;The Greek Pizza;6
15/07/2015;The Green Garden Pizza;2
15/07/2015;The Hawaiian Pizza;4
15/07/2015;The Italian Capocollo Pizza;2
15/07/2015;The Italian Supreme Pizza;3
15/07/2015;The Italian Vegetables Pizza;3
15/07/2015;The Mediterranean Pizza;4
15/07/2015;The Mexicana Pizza;4
15/07/2015;The Napolitana Pizza;8
15/07/2015;The Pepper Salami Pizza;5
15/07/2015;The Pepperoni Pizza;10
15/07/2015;The Pepperoni, Mushroom, and Peppers Pizza;5
15/07/2015;The Prosciutto and Arugula Pizza;3
15/07/2015;The Sicilian Pizza;11
15/07/2015;The Soppressata Pizza;4
15/07/2015;The Southwest Chicken Pizza;1
15/07/2015;The Spicy Italian Pizza;4
15/07/2015;The Spinach Pesto Pizza;6
15/07/2015;The Spinach Supreme Pizza;4
15/07/2015;The Spinach and Feta Pizza;7
15/07/2015;The Thai Chicken Pizza;8
15/07/2015;The Vegetables + Vegetables Pizza;5
16/07/2015;The Barbecue Chicken Pizza;11
16/07/2015;The Big Meat Pizza;5
16/07/2015;The Brie Carre Pizza;1
16/07/2015;The Calabrese Pizza;2
16/07/2015;The California Chicken Pizza;8
16/07/2015;The Chicken Alfredo Pizza;2
16/07/2015;The Chicken Pesto Pizza;2
16/07/2015;The Classic Deluxe Pizza;4
16/07/2015;The Five Cheese Pizza;4
16/07/2015;The Four Cheese Pizza;6
16/07/2015;The Greek Pizza;4
16/07/2015;The Green Garden Pizza;2
16/07/2015;The Hawaiian Pizza;6
16/07/2015;The Italian Capocollo Pizza;7
16/07/2015;The Italian Supreme Pizza;5
16/07/2015;The Italian Vegetables Pizza;3
16/07/2015;The Mediterranean Pizza;2
16/07/2015;The Mexicana Pizza;3
16/07/2015;The Napolitana Pizza;3
16/07/2015;The Pepper Salami Pizza;6
16/07/2015;The Pepperoni Pizza;8
16/07/2015;The Pepperoni, Mushroom, and Peppers Pizza;2
16/07/2015;The Prosciutto and Arugula Pizza;1
16/07/2015;The Sicilian Pizza;7
16/07/2015;The Soppressata Pizza;3
16/07/2015;The Southwest Chicken Pizza;4
16/07/2015;The Spicy Italian Pizza;7
16/07/2015;The Spinach Pesto Pizza;4
16/07/2015;The Spinach Supreme Pizza;4
16/07/2015;The Spinach and Feta Pizza;5
16/07/2015;The Thai Chicken Pizza;10
16/07/2015;The Vegetables + Vegetables Pizza;5
17/07/2015;The Barbecue Chicken Pizza;10
17/07/2015;The Big Meat Pizza;4
17/07/2015;The Brie Carre Pizza;3
17/07/2015;The Calabrese Pizza;3
17/07/2015;The California Chicken Pizza;12
17/07/2015;The Chicken Alfredo Pizza;3
17/07/2015;The Chicken Pesto Pizza;3
17/07/2015;The Classic Deluxe Pizza;11
17/07/2015;The Five Cheese Pizza;8
17/07/2015;The Four Cheese Pizza;7
17/07/2015;The Greek Pizza;5
17/07/2015;The Green Garden Pizza;5
17/07/2015;The Hawaiian Pizza;9
17/07/2015;The Italian Capocollo Pizza;8
17/07/2015;The Italian Supreme Pizza;7
17/07/2015;The Italian Vegetables Pizza;6
17/07/2015;The Mediterranean Pizza;0
17/07/2015;The Mexicana Pizza;7
17/07/2015;The Napolitana Pizza;2
17/07/2015;The Pepper Salami Pizza;6
17/07/2015;The Pepperoni Pizza;8
17/07/2015;The Pepperoni, Mushroom, and Peppers Pizza;3
17/07/2015;The Prosciutto and Arugula Pizza;8
17/07/2015;The Sicilian Pizza;5
17/07/2015;The Soppressata Pizza;3
17/07/2015;The Southwest Chicken Pizza;12
17/07/2015;The Spicy Italian Pizza;3
17/07/2015;The Spinach Pesto Pizza;0
17/07/2015;The Spinach Supreme Pizza;5
17/07/2015;The Spinach and Feta Pizza;7
17/07/2015;The Thai Chicken Pizza;9
17/07/2015;The Vegetables + Vegetables Pizza;5
18/07/2015;The Barbecue Chicken Pizza;4
18/07/2015;The Big Meat Pizza;4
18/07/2015;The Brie Carre Pizza;2
18/07/2015;The Calabrese Pizza;3
18/07/2015;The California Chicken Pizza;6
18/07/2015;The Chicken Alfredo Pizza;3
18/07/2015;The Chicken Pesto Pizza;3
18/07/2015;The Classic Deluxe Pizza;5
18/07/2015;The Five Cheese Pizza;2
18/07/2015;The Four Cheese Pizza;10
18/07/2015;The Greek Pizza;2
18/07/2015;The Green Garden Pizza;5
18/07/2015;The Hawaiian Pizza;3
18/07/2015;The Italian Capocollo Pizza;3
18/07/2015;The Italian Supreme Pizza;1
18/07/2015;The Italian Vegetables Pizza;2
18/07/2015;The Mediterranean Pizza;5
18/07/2015;The Mexicana Pizza;7
18/07/2015;The Napolitana Pizza;7
18/07/2015;The Pepper Salami Pizza;8
18/07/2015;The Pepperoni Pizza;5
18/07/2015;The Pepperoni, Mushroom, and Peppers Pizza;2
18/07/2015;The Prosciutto and Arugula Pizza;2
18/07/2015;The Sicilian Pizza;6
18/07/2015;The Soppressata Pizza;1
18/07/2015;The Southwest Chicken Pizza;6
18/07/2015;The Spicy Italian Pizza;6
18/07/2015;The Spinach Pesto Pizza;1
18/07/2015;The Spinach Supreme Pizza;1
18/07/2015;The Spinach and Feta Pizza;4
18/07/2015;The Thai Chicken Pizza;6
18/07/2015;The Vegetables + Vegetables Pizza;5
19/07/2015;The Barbecue Chicken Pizza;11
19/07/2015;The Big Meat Pizza;5
19/07/2015;The Brie Carre Pizza;2
19/07/2015;The Calabrese Pizza;2
19/07/2015;The California Chicken Pizza;6
19/07/2015;The Chicken Alfredo Pizza;3
19/07/2015;The Chicken Pesto Pizza;3
19/07/2015;The Classic Deluxe Pizza;8
19/07/2015;The Five Cheese Pizza;2
19/07/2015;The Four Cheese Pizza;3
19/07/2015;The Greek Pizza;5
19/07/2015;The Green Garden Pizza;3
19/07/2015;The Hawaiian Pizza;1
19/07/2015;The Italian Capocollo Pizza;3
19/07/2015;The Italian Supreme Pizza;4
19/07/2015;The Italian Vegetables Pizza;4
19/07/2015;The Mediterranean Pizza;3
19/07/2015;The Mexicana Pizza;5
19/07/2015;The Napolitana Pizza;3
19/07/2015;The Pepper Salami Pizza;4
19/07/2015;The Pepperoni Pizza;3
19/07/2015;The Pepperoni, Mushroom, and Peppers Pizza;6
19/07/2015;The Prosciutto and Arugula Pizza;2
19/07/2015;The Sicilian Pizza;6
19/07/2015;The Soppressata Pizza;4
19/07/2015;The Southwest Chicken Pizza;3
19/07/2015;The Spicy Italian Pizza;7
19/07/2015;The Spinach Pesto Pizza;2
19/07/2015;The Spinach Supreme Pizza;3
19/07/2015;The Spinach and Feta Pizza;2
19/07/2015;The Thai Chicken Pizza;2
19/07/2015;The Vegetables + Vegetables Pizza;1
20/07/2015;The Barbecue Chicken Pizza;4
20/07/2015;The Big Meat Pizza;4
20/07/2015;The Brie Carre Pizza;1
20/07/2015;The Calabrese Pizza;2
20/07/2015;The California Chicken Pizza;5
20/07/2015;The Chicken Alfredo Pizza;4
20/07/2015;The Chicken Pesto Pizza;2
20/07/2015;The Classic Deluxe Pizza;7
20/07/2015;The Five Cheese Pizza;6
20/07/2015;The Four Cheese Pizza;6
20/07/2015;The Greek Pizza;5
20/07/2015;The Green Garden Pizza;1
20/07/2015;The Hawaiian Pizza;9
20/07/2015;The Italian Capocollo Pizza;6
20/07/2015;The Italian Supreme Pizza;1
20/07/2015;The Italian Vegetables Pizza;5
20/07/2015;The Mediterranean Pizza;5
20/07/2015;The Mexicana Pizza;3
20/07/2015;The Napolitana Pizza;6
20/07/2015;The Pepper Salami Pizza;8
20/07/2015;The Pepperoni Pizza;4
20/07/2015;The Pepperoni, Mushroom, and Peppers Pizza;8
20/07/2015;The Prosciutto and Arugula Pizza;1
20/07/2015;The Sicilian Pizza;1
20/07/2015;The Soppressata Pizza;3
20/07/2015;The Southwest Chicken Pizza;3
20/07/2015;The Spicy Italian Pizza;11
20/07/2015;The Spinach Pesto Pizza;4
20/07/2015;The Spinach Supreme Pizza;1
20/07/2015;The Spinach and Feta Pizza;4
20/07/2015;The Thai Chicken Pizza;10
20/07/2015;The Vegetables + Vegetables Pizza;9
21/07/2015;The Barbecue Chicken Pizza;7
21/07/2015;The Big Meat Pizza;4
21/07/2015;The Brie Carre Pizza;2
21/07/2015;The Calabrese Pizza;3
21/07/2015;The California Chicken Pizza;7
21/07/2015;The Chicken Alfredo Pizza;0
21/07/2015;The Chicken Pesto Pizza;0
21/07/2015;The Classic Deluxe Pizza;5
21/07/2015;The Five Cheese Pizza;2
21/07/2015;The Four Cheese Pizza;5
21/07/2015;The Greek Pizza;3
21/07/2015;The Green Garden Pizza;3
21/07/2015;The Hawaiian Pizza;5
21/07/2015;The Italian Capocollo Pizza;3
21/07/2015;The Italian Supreme Pizza;0
21/07/2015;The Italian Vegetables Pizza;0
21/07/2015;The Mediterranean Pizza;3
21/07/2015;The Mexicana Pizza;4
21/07/2015;The Napolitana Pizza;6
21/07/2015;The Pepper Salami Pizza;9
21/07/2015;The Pepperoni Pizza;7
21/07/2015;The Pepperoni, Mushroom, and Peppers Pizza;2
21/07/2015;The Prosciutto and Arugula Pizza;4
21/07/2015;The Sicilian Pizza;5
21/07/2015;The Soppressata Pizza;2
21/07/2015;The Southwest Chicken Pizza;7
21/07/2015;The Spicy Italian Pizza;5
21/07/2015;The Spinach Pesto Pizza;3
21/07/2015;The Spinach Supreme Pizza;4
21/07/2015;The Spinach and Feta Pizza;1
21/07/2015;The Thai Chicken Pizza;5
21/07/2015;The Vegetables + Vegetables Pizza;3
22/07/2015;The Barbecue Chicken Pizza;8
22/07/2015;The Big Meat Pizza;7
22/07/2015;The Brie Carre Pizza;0
22/07/2015;The Calabrese Pizza;5
22/07/2015;The California Chicken Pizza;3
22/07/2015;The Chicken Alfredo Pizza;1
22/07/2015;The Chicken Pesto Pizza;3
22/07/2015;The Classic Deluxe Pizza;7
22/07/2015;The Five Cheese Pizza;8
22/07/2015;The Four Cheese Pizza;4
22/07/2015;The Greek Pizza;3
22/07/2015;The Green Garden Pizza;2
22/07/2015;The Hawaiian Pizza;7
22/07/2015;The Italian Capocollo Pizza;4
22/07/2015;The Italian Supreme Pizza;6
22/07/2015;The Italian Vegetables Pizza;3
22/07/2015;The Mediterranean Pizza;4
22/07/2015;The Mexicana Pizza;5
22/07/2015;The Napolitana Pizza;5
22/07/2015;The Pepper Salami Pizza;1
22/07/2015;The Pepperoni Pizza;7
22/07/2015;The Pepperoni, Mushroom, and Peppers Pizza;5
22/07/2015;The Prosciutto and Arugula Pizza;2
22/07/2015;The Sicilian Pizza;2
22/07/2015;The Soppressata Pizza;0
22/07/2015;The Southwest Chicken Pizza;7
22/07/2015;The Spicy Italian Pizza;10
22/07/2015;The Spinach Pesto Pizza;0
22/07/2015;The Spinach Supreme Pizza;3
22/07/2015;The Spinach and Feta Pizza;3
22/07/2015;The Thai Chicken Pizza;7
22/07/2015;The Vegetables + Vegetables Pizza;5
23/07/2015;The Barbecue Chicken Pizza;9
23/07/2015;The Big Meat Pizza;11
23/07/2015;The Brie Carre Pizza;1
23/07/2015;The Calabrese Pizza;4
23/07/2015;The California Chicken Pizza;4
23/07/2015;The Chicken Alfredo Pizza;2
23/07/2015;The Chicken Pesto Pizza;2
23/07/2015;The Classic Deluxe Pizza;6
23/07/2015;The Five Cheese Pizza;6
23/07/2015;The Four Cheese Pizza;4
23/07/2015;The Greek Pizza;2
23/07/2015;The Green Garden Pizza;4
23/07/2015;The Hawaiian Pizza;7
23/07/2015;The Italian Capocollo Pizza;4
23/07/2015;The Italian Supreme Pizza;3
23/07/2015;The Italian Vegetables Pizza;2
23/07/2015;The Mediterranean Pizza;0
23/07/2015;The Mexicana Pizza;3
23/07/2015;The Napolitana Pizza;1
23/07/2015;The Pepper Salami Pizza;5
23/07/2015;The Pepperoni Pizza;5
23/07/2015;The Pepperoni, Mushroom, and Peppers Pizza;5
23/07/2015;The Prosciutto and Arugula Pizza;2
23/07/2015;The Sicilian Pizza;9
23/07/2015;The Soppressata Pizza;1
23/07/2015;The Southwest Chicken Pizza;6
23/07/2015;The Spicy Italian Pizza;10
23/07/2015;The Spinach Pesto Pizza;1
23/07/2015;The Spinach Supreme Pizza;2
23/07/2015;The Spinach and Feta Pizza;3
23/07/2015;The Thai Chicken Pizza;9
23/07/2015;The Vegetables + Vegetables Pizza;4
24/07/2015;The Barbecue Chicken Pizza;9
24/07/2015;The Big Meat Pizza;6
24/07/2015;The Brie Carre Pizza;1
24/07/2015;The Calabrese Pizza;4
24/07/2015;The California Chicken Pizza;12
24/07/2015;The Chicken Alfredo Pizza;4
24/07/2015;The Chicken Pesto Pizza;4
24/07/2015;The Classic Deluxe Pizza;9
24/07/2015;The Five Cheese Pizza;8
24/07/2015;The Four Cheese Pizza;6
24/07/2015;The Greek Pizza;4
24/07/2015;The Green Garden Pizza;5
24/07/2015;The Hawaiian Pizza;7
24/07/2015;The Italian Capocollo Pizza;5
24/07/2015;The Italian Supreme Pizza;7
24/07/2015;The Italian Vegetables Pizza;2
24/07/2015;The Mediterranean Pizza;5
24/07/2015;The Mexicana Pizza;8
24/07/2015;The Napolitana Pizza;6
24/07/2015;The Pepper Salami Pizza;0
24/07/2015;The Pepperoni Pizza;15
24/07/2015;The Pepperoni, Mushroom, and Peppers Pizza;4
24/07/2015;The Prosciutto and Arugula Pizza;7
24/07/2015;The Sicilian Pizza;8
24/07/2015;The Soppressata Pizza;3
24/07/2015;The Southwest Chicken Pizza;7
24/07/2015;The Spicy Italian Pizza;7
24/07/2015;The Spinach Pesto Pizza;3
24/07/2015;The Spinach Supreme Pizza;1
24/07/2015;The Spinach and Feta Pizza;5
24/07/2015;The Thai Chicken Pizza;10
24/07/2015;The Vegetables + Vegetables Pizza;14
25/07/2015;The Barbecue Chicken Pizza;7
25/07/2015;The Big Meat Pizza;4
25/07/2015;The Brie Carre Pizza;1
25/07/2015;The Calabrese Pizza;1
25/07/2015;The California Chicken Pizza;5
25/07/2015;The Chicken Alfredo Pizza;4
25/07/2015;The Chicken Pesto Pizza;2
25/07/2015;The Classic Deluxe Pizza;6
25/07/2015;The Five Cheese Pizza;5
25/07/2015;The Four Cheese Pizza;4
25/07/2015;The Greek Pizza;7
25/07/2015;The Green Garden Pizza;2
25/07/2015;The Hawaiian Pizza;8
25/07/2015;The Italian Capocollo Pizza;5
25/07/2015;The Italian Supreme Pizza;2
25/07/2015;The Italian Vegetables Pizza;2
25/07/2015;The Mediterranean Pizza;4
25/07/2015;The Mexicana Pizza;8
25/07/2015;The Napolitana Pizza;5
25/07/2015;The Pepper Salami Pizza;3
25/07/2015;The Pepperoni Pizza;5
25/07/2015;The Pepperoni, Mushroom, and Peppers Pizza;3
25/07/2015;The Prosciutto and Arugula Pizza;6
25/07/2015;The Sicilian Pizza;3
25/07/2015;The Soppressata Pizza;3
25/07/2015;The Southwest Chicken Pizza;4
25/07/2015;The Spicy Italian Pizza;7
25/07/2015;The Spinach Pesto Pizza;1
25/07/2015;The Spinach Supreme Pizza;2
25/07/2015;The Spinach and Feta Pizza;3
25/07/2015;The Thai Chicken Pizza;9
25/07/2015;The Vegetables + Vegetables Pizza;4
26/07/2015;The Barbecue Chicken Pizza;3
26/07/2015;The Big Meat Pizza;8
26/07/2015;The Brie Carre Pizza;1
26/07/2015;The Calabrese Pizza;0
26/07/2015;The California Chicken Pizza;5
26/07/2015;The Chicken Alfredo Pizza;4
26/07/2015;The Chicken Pesto Pizza;2
26/07/2015;The Classic Deluxe Pizza;4
26/07/2015;The Five Cheese Pizza;8
26/07/2015;The Four Cheese Pizza;3
26/07/2015;The Greek Pizza;1
26/07/2015;The Green Garden Pizza;2
26/07/2015;The Hawaiian Pizza;9
26/07/2015;The Italian Capocollo Pizza;1
26/07/2015;The Italian Supreme Pizza;6
26/07/2015;The Italian Vegetables Pizza;3
26/07/2015;The Mediterranean Pizza;1
26/07/2015;The Mexicana Pizza;3
26/07/2015;The Napolitana Pizza;3
26/07/2015;The Pepper Salami Pizza;4
26/07/2015;The Pepperoni Pizza;5
26/07/2015;The Pepperoni, Mushroom, and Peppers Pizza;2
26/07/2015;The Prosciutto and Arugula Pizza;8
26/07/2015;The Sicilian Pizza;3
26/07/2015;The Soppressata Pizza;1
26/07/2015;The Southwest Chicken Pizza;4
26/07/2015;The Spicy Italian Pizza;4
26/07/2015;The Spinach Pesto Pizza;3
26/07/2015;The Spinach Supreme Pizza;4
26/07/2015;The Spinach and Feta Pizza;0
26/07/2015;The Thai Chicken Pizza;6
26/07/2015;The Vegetables + Vegetables Pizza;1
27/07/2015;The Barbecue Chicken Pizza;5
27/07/2015;The Big Meat Pizza;3
27/07/2015;The Brie Carre Pizza;1
27/07/2015;The Calabrese Pizza;3
27/07/2015;The California Chicken Pizza;3
27/07/2015;The Chicken Alfredo Pizza;5
27/07/2015;The Chicken Pesto Pizza;1
27/07/2015;The Classic Deluxe Pizza;6
27/07/2015;The Five Cheese Pizza;1
27/07/2015;The Four Cheese Pizza;5
27/07/2015;The Greek Pizza;4
27/07/2015;The Green Garden Pizza;2
27/07/2015;The Hawaiian Pizza;11
27/07/2015;The Italian Capocollo Pizza;4
27/07/2015;The Italian Supreme Pizza;4
27/07/2015;The Italian Vegetables Pizza;2
27/07/2015;The Mediterranean Pizza;2
27/07/2015;The Mexicana Pizza;10
27/07/2015;The Napolitana Pizza;3
27/07/2015;The Pepper Salami Pizza;4
27/07/2015;The Pepperoni Pizza;7
27/07/2015;The Pepperoni, Mushroom, and Peppers Pizza;5
27/07/2015;The Prosciutto and Arugula Pizza;1
27/07/2015;The Sicilian Pizza;2
27/07/2015;The Soppressata Pizza;1
27/07/2015;The Southwest Chicken Pizza;10
27/07/2015;The Spicy Italian Pizza;6
27/07/2015;The Spinach Pesto Pizza;2
27/07/2015;The Spinach Supreme Pizza;2
27/07/2015;The Spinach and Feta Pizza;3
27/07/2015;The Thai Chicken Pizza;6
27/07/2015;The Vegetables + Vegetables Pizza;5
28/07/2015;The Barbecue Chicken Pizza;6
28/07/2015;The Big Meat Pizza;9
28/07/2015;The Brie Carre Pizza;1
28/07/2015;The Calabrese Pizza;0
28/07/2015;The California Chicken Pizza;7
28/07/2015;The Chicken Alfredo Pizza;1
28/07/2015;The Chicken Pesto Pizza;5
28/07/2015;The Classic Deluxe Pizza;12
28/07/2015;The Five Cheese Pizza;2
28/07/2015;The Four Cheese Pizza;2
28/07/2015;The Greek Pizza;4
28/07/2015;The Green Garden Pizza;2
28/07/2015;The Hawaiian Pizza;7
28/07/2015;The Italian Capocollo Pizza;5
28/07/2015;The Italian Supreme Pizza;6
28/07/2015;The Italian Vegetables Pizza;1
28/07/2015;The Mediterranean Pizza;4
28/07/2015;The Mexicana Pizza;3
28/07/2015;The Napolitana Pizza;3
28/07/2015;The Pepper Salami Pizza;4
28/07/2015;The Pepperoni Pizza;10
28/07/2015;The Pepperoni, Mushroom, and Peppers Pizza;3
28/07/2015;The Prosciutto and Arugula Pizza;3
28/07/2015;The Sicilian Pizza;6
28/07/2015;The Soppressata Pizza;4
28/07/2015;The Southwest Chicken Pizza;1
28/07/2015;The Spicy Italian Pizza;4
28/07/2015;The Spinach Pesto Pizza;4
28/07/2015;The Spinach Supreme Pizza;3
28/07/2015;The Spinach and Feta Pizza;1
28/07/2015;The Thai Chicken Pizza;7
28/07/2015;The Vegetables + Vegetables Pizza;2
29/07/2015;The Barbecue Chicken Pizza;6
29/07/2015;The Big Meat Pizza;4
29/07/2015;The Brie Carre Pizza;1
29/07/2015;The Calabrese Pizza;3
29/07/2015;The California Chicken Pizza;6
29/07/2015;The Chicken Alfredo Pizza;0
29/07/2015;The Chicken Pesto Pizza;5
29/07/2015;The Classic Deluxe Pizza;9
29/07/2015;The Five Cheese Pizza;2
29/07/2015;The Four Cheese Pizza;4
29/07/2015;The Greek Pizza;6
29/07/2015;The Green Garden Pizza;0
29/07/2015;The Hawaiian Pizza;5
29/07/2015;The Italian Capocollo Pizza;1
29/07/2015;The Italian Supreme Pizza;5
29/07/2015;The Italian Vegetables Pizza;0
29/07/2015;The Mediterranean Pizza;2
29/07/2015;The Mexicana Pizza;2
29/07/2015;The Napolitana Pizza;4
29/07/2015;The Pepper Salami Pizza;3
29/07/2015;The Pepperoni Pizza;4
29/07/2015;The Pepperoni, Mushroom, and Peppers Pizza;6
29/07/2015;The Prosciutto and Arugula Pizza;2
29/07/2015;The Sicilian Pizza;6
29/07/2015;The Soppressata Pizza;2
29/07/2015;The Southwest Chicken Pizza;5
29/07/2015;The Spicy Italian Pizza;5
29/07/2015;The Spinach Pesto Pizza;1
29/07/2015;The Spinach Supreme Pizza;1
29/07/2015;The Spinach and Feta Pizza;8
29/07/2015;The Thai Chicken Pizza;5
29/07/2015;The Vegetables + Vegetables Pizza;3
30/07/2015;The Barbecue Chicken Pizza;8
30/07/2015;The Big Meat Pizza;15
30/07/2015;The Brie Carre Pizza;1
30/07/2015;The Calabrese Pizza;4
30/07/2015;The California Chicken Pizza;6
30/07/2015;The Chicken Alfredo Pizza;1
30/07/2015;The Chicken Pesto Pizza;2
30/07/2015;The Classic Deluxe Pizza;13
30/07/2015;The Five Cheese Pizza;2
30/07/2015;The Four Cheese Pizza;8
30/07/2015;The Greek Pizza;3
30/07/2015;The Green Garden Pizza;9
30/07/2015;The Hawaiian Pizza;5
30/07/2015;The Italian Capocollo Pizza;3
30/07/2015;The Italian Supreme Pizza;3
30/07/2015;The Italian Vegetables Pizza;1
30/07/2015;The Mediterranean Pizza;0
30/07/2015;The Mexicana Pizza;5
30/07/2015;The Napolitana Pizza;6
30/07/2015;The Pepper Salami Pizza;2
30/07/2015;The Pepperoni Pizza;7
30/07/2015;The Pepperoni, Mushroom, and Peppers Pizza;1
30/07/2015;The Prosciutto and Arugula Pizza;2
30/07/2015;The Sicilian Pizza;4
30/07/2015;The Soppressata Pizza;4
30/07/2015;The Southwest Chicken Pizza;7
30/07/2015;The Spicy Italian Pizza;6
30/07/2015;The Spinach Pesto Pizza;2
30/07/2015;The Spinach Supreme Pizza;6
30/07/2015;The Spinach and Feta Pizza;1
30/07/2015;The Thai Chicken Pizza;4
30/07/2015;The Vegetables + Vegetables Pizza;8
31/07/2015;The Barbecue Chicken Pizza;7
31/07/2015;The Big Meat Pizza;3
31/07/2015;The Brie Carre Pizza;0
31/07/2015;The Calabrese Pizza;2
31/07/2015;The California Chicken Pizza;5
31/07/2015;The Chicken Alfredo Pizza;2
31/07/2015;The Chicken Pesto Pizza;3
31/07/2015;The Classic Deluxe Pizza;4
31/07/2015;The Five Cheese Pizza;4
31/07/2015;The Four Cheese Pizza;2
31/07/2015;The Greek Pizza;4
31/07/2015;The Green Garden Pizza;3
31/07/2015;The Hawaiian Pizza;7
31/07/2015;The Italian Capocollo Pizza;6
31/07/2015;The Italian Supreme Pizza;4
31/07/2015;The Italian Vegetables Pizza;2
31/07/2015;The Mediterranean Pizza;2
31/07/2015;The Mexicana Pizza;4
31/07/2015;The Napolitana Pizza;6
31/07/2015;The Pepper Salami Pizza;0
31/07/2015;The Pepperoni Pizza;9
31/07/2015;The Pepperoni, Mushroom, and Peppers Pizza;5
31/07/2015;The Prosciutto and Arugula Pizza;5
31/07/2015;The Sicilian Pizza;4
31/07/2015;The Soppressata Pizza;5
31/07/2015;The Southwest Chicken Pizza;6
31/07/2015;The Spicy Italian Pizza;3
31/07/2015;The Spinach Pesto Pizza;3
31/07/2015;The Spinach Supreme Pizza;5
31/07/2015;The Spinach and Feta Pizza;6
31/07/2015;The Thai Chicken Pizza;6
31/07/2015;The Vegetables + Vegetables Pizza;5
01/08/2015;The Barbecue Chicken Pizza;8
01/08/2015;The Big Meat Pizza;7
01/08/2015;The Brie Carre Pizza;1
01/08/2015;The Calabrese Pizza;4
01/08/2015;The California Chicken Pizza;4
01/08/2015;The Chicken Alfredo Pizza;3
01/08/2015;The Chicken Pesto Pizza;6
01/08/2015;The Classic Deluxe Pizza;8
01/08/2015;The Five Cheese Pizza;8
01/08/2015;The Four Cheese Pizza;4
01/08/2015;The Greek Pizza;1
01/08/2015;The Green Garden Pizza;5
01/08/2015;The Hawaiian Pizza;8
01/08/2015;The Italian Capocollo Pizza;5
01/08/2015;The Italian Supreme Pizza;5
01/08/2015;The Italian Vegetables Pizza;3
01/08/2015;The Mediterranean Pizza;1
01/08/2015;The Mexicana Pizza;4
01/08/2015;The Napolitana Pizza;6
01/08/2015;The Pepper Salami Pizza;7
01/08/2015;The Pepperoni Pizza;5
01/08/2015;The Pepperoni, Mushroom, and Peppers Pizza;7
01/08/2015;The Prosciutto and Arugula Pizza;6
01/08/2015;The Sicilian Pizza;7
01/08/2015;The Soppressata Pizza;0
01/08/2015;The Southwest Chicken Pizza;3
01/08/2015;The Spicy Italian Pizza;6
01/08/2015;The Spinach Pesto Pizza;3
01/08/2015;The Spinach Supreme Pizza;1
01/08/2015;The Spinach and Feta Pizza;8
01/08/2015;The Thai Chicken Pizza;4
01/08/2015;The Vegetables + Vegetables Pizza;6
02/08/2015;The Barbecue Chicken Pizza;7
02/08/2015;The Big Meat Pizza;4
02/08/2015;The Brie Carre Pizza;5
02/08/2015;The Calabrese Pizza;1
02/08/2015;The California Chicken Pizza;13
02/08/2015;The Chicken Alfredo Pizza;1
02/08/2015;The Chicken Pesto Pizza;3
02/08/2015;The Classic Deluxe Pizza;3
02/08/2015;The Five Cheese Pizza;5
02/08/2015;The Four Cheese Pizza;2
02/08/2015;The Greek Pizza;2
02/08/2015;The Green Garden Pizza;2
02/08/2015;The Hawaiian Pizza;6
02/08/2015;The Italian Capocollo Pizza;5
02/08/2015;The Italian Supreme Pizza;2
02/08/2015;The Italian Vegetables Pizza;2
02/08/2015;The Mediterranean Pizza;2
02/08/2015;The Mexicana Pizza;7
02/08/2015;The Napolitana Pizza;2
02/08/2015;The Pepper Salami Pizza;3
02/08/2015;The Pepperoni Pizza;5
02/08/2015;The Pepperoni, Mushroom, and Peppers Pizza;5
02/08/2015;The Prosciutto and Arugula Pizza;1
02/08/2015;The Sicilian Pizza;4
02/08/2015;The Soppressata Pizza;3
02/08/2015;The Southwest Chicken Pizza;4
02/08/2015;The Spicy Italian Pizza;3
02/08/2015;The Spinach Pesto Pizza;2
02/08/2015;The Spinach Supreme Pizza;3
02/08/2015;The Spinach and Feta Pizza;0
02/08/2015;The Thai Chicken Pizza;5
02/08/2015;The Vegetables + Vegetables Pizza;2
03/08/2015;The Barbecue Chicken Pizza;9
03/08/2015;The Big Meat Pizza;3
03/08/2015;The Brie Carre Pizza;1
03/08/2015;The Calabrese Pizza;2
03/08/2015;The California Chicken Pizza;3
03/08/2015;The Chicken Alfredo Pizza;0
03/08/2015;The Chicken Pesto Pizza;0
03/08/2015;The Classic Deluxe Pizza;8
03/08/2015;The Five Cheese Pizza;4
03/08/2015;The Four Cheese Pizza;3
03/08/2015;The Greek Pizza;3
03/08/2015;The Green Garden Pizza;3
03/08/2015;The Hawaiian Pizza;2
03/08/2015;The Italian Capocollo Pizza;5
03/08/2015;The Italian Supreme Pizza;10
03/08/2015;The Italian Vegetables Pizza;0
03/08/2015;The Mediterranean Pizza;3
03/08/2015;The Mexicana Pizza;10
03/08/2015;The Napolitana Pizza;2
03/08/2015;The Pepper Salami Pizza;1
03/08/2015;The Pepperoni Pizza;3
03/08/2015;The Pepperoni, Mushroom, and Peppers Pizza;2
03/08/2015;The Prosciutto and Arugula Pizza;4
03/08/2015;The Sicilian Pizza;3
03/08/2015;The Soppressata Pizza;3
03/08/2015;The Southwest Chicken Pizza;5
03/08/2015;The Spicy Italian Pizza;5
03/08/2015;The Spinach Pesto Pizza;4
03/08/2015;The Spinach Supreme Pizza;1
03/08/2015;The Spinach and Feta Pizza;5
03/08/2015;The Thai Chicken Pizza;8
03/08/2015;The Vegetables + Vegetables Pizza;2
04/08/2015;The Barbecue Chicken Pizza;2
04/08/2015;The Big Meat Pizza;2
04/08/2015;The Brie Carre Pizza;2
04/08/2015;The Calabrese Pizza;3
04/08/2015;The California Chicken Pizza;8
04/08/2015;The Chicken Alfredo Pizza;2
04/08/2015;The Chicken Pesto Pizza;5
04/08/2015;The Classic Deluxe Pizza;6
04/08/2015;The Five Cheese Pizza;0
04/08/2015;The Four Cheese Pizza;5
04/08/2015;The Greek Pizza;4
04/08/2015;The Green Garden Pizza;2
04/08/2015;The Hawaiian Pizza;5
04/08/2015;The Italian Capocollo Pizza;1
04/08/2015;The Italian Supreme Pizza;6
04/08/2015;The Italian Vegetables Pizza;3
04/08/2015;The Mediterranean Pizza;3
04/08/2015;The Mexicana Pizza;1
04/08/2015;The Napolitana Pizza;6
04/08/2015;The Pepper Salami Pizza;3
04/08/2015;The Pepperoni Pizza;2
04/08/2015;The Pepperoni, Mushroom, and Peppers Pizza;5
04/08/2015;The Prosciutto and Arugula Pizza;3
04/08/2015;The Sicilian Pizza;5
04/08/2015;The Soppressata Pizza;5
04/08/2015;The Southwest Chicken Pizza;6
04/08/2015;The Spicy Italian Pizza;4
04/08/2015;The Spinach Pesto Pizza;4
04/08/2015;The Spinach Supreme Pizza;2
04/08/2015;The Spinach and Feta Pizza;4
04/08/2015;The Thai Chicken Pizza;7
04/08/2015;The Vegetables + Vegetables Pizza;6
05/08/2015;The Barbecue Chicken Pizza;9
05/08/2015;The Big Meat Pizza;7
05/08/2015;The Brie Carre Pizza;0
05/08/2015;The Calabrese Pizza;4
05/08/2015;The California Chicken Pizza;10
05/08/2015;The Chicken Alfredo Pizza;4
05/08/2015;The Chicken Pesto Pizza;3
05/08/2015;The Classic Deluxe Pizza;4
05/08/2015;The Five Cheese Pizza;1
05/08/2015;The Four Cheese Pizza;7
05/08/2015;The Greek Pizza;1
05/08/2015;The Green Garden Pizza;0
05/08/2015;The Hawaiian Pizza;11
05/08/2015;The Italian Capocollo Pizza;2
05/08/2015;The Italian Supreme Pizza;6
05/08/2015;The Italian Vegetables Pizza;3
05/08/2015;The Mediterranean Pizza;2
05/08/2015;The Mexicana Pizza;5
05/08/2015;The Napolitana Pizza;2
05/08/2015;The Pepper Salami Pizza;1
05/08/2015;The Pepperoni Pizza;7
05/08/2015;The Pepperoni, Mushroom, and Peppers Pizza;2
05/08/2015;The Prosciutto and Arugula Pizza;2
05/08/2015;The Sicilian Pizza;2
05/08/2015;The Soppressata Pizza;0
05/08/2015;The Southwest Chicken Pizza;5
05/08/2015;The Spicy Italian Pizza;6
05/08/2015;The Spinach Pesto Pizza;4
05/08/2015;The Spinach Supreme Pizza;5
05/08/2015;The Spinach and Feta Pizza;3
05/08/2015;The Thai Chicken Pizza;10
05/08/2015;The Vegetables + Vegetables Pizza;2
06/08/2015;The Barbecue Chicken Pizza;7
06/08/2015;The Big Meat Pizza;7
06/08/2015;The Brie Carre Pizza;1
06/08/2015;The Calabrese Pizza;3
06/08/2015;The California Chicken Pizza;9
06/08/2015;The Chicken Alfredo Pizza;5
06/08/2015;The Chicken Pesto Pizza;4
06/08/2015;The Classic Deluxe Pizza;6
06/08/2015;The Five Cheese Pizza;2
06/08/2015;The Four Cheese Pizza;6
06/08/2015;The Greek Pizza;2
06/08/2015;The Green Garden Pizza;0
06/08/2015;The Hawaiian Pizza;8
06/08/2015;The Italian Capocollo Pizza;6
06/08/2015;The Italian Supreme Pizza;1
06/08/2015;The Italian Vegetables Pizza;1
06/08/2015;The Mediterranean Pizza;4
06/08/2015;The Mexicana Pizza;4
06/08/2015;The Napolitana Pizza;7
06/08/2015;The Pepper Salami Pizza;4
06/08/2015;The Pepperoni Pizza;5
06/08/2015;The Pepperoni, Mushroom, and Peppers Pizza;6
06/08/2015;The Prosciutto and Arugula Pizza;4
06/08/2015;The Sicilian Pizza;6
06/08/2015;The Soppressata Pizza;2
06/08/2015;The Southwest Chicken Pizza;6
06/08/2015;The Spicy Italian Pizza;2
06/08/2015;The Spinach Pesto Pizza;1
06/08/2015;The Spinach Supreme Pizza;1
06/08/2015;The Spinach and Feta Pizza;4
06/08/2015;The Thai Chicken Pizza;4
06/08/2015;The Vegetables + Vegetables Pizza;4
07/08/2015;The Barbecue Chicken Pizza;6
07/08/2015;The Big Meat Pizza;9
07/08/2015;The Brie Carre Pizza;1
07/08/2015;The Calabrese Pizza;6
07/08/2015;The California Chicken Pizza;13
07/08/2015;The Chicken Alfredo Pizza;1
07/08/2015;The Chicken Pesto Pizza;5
07/08/2015;The Classic Deluxe Pizza;6
07/08/2015;The Five Cheese Pizza;10
07/08/2015;The Four Cheese Pizza;1
07/08/2015;The Greek Pizza;4
07/08/2015;The Green Garden Pizza;1
07/08/2015;The Hawaiian Pizza;7
07/08/2015;The Italian Capocollo Pizza;2
07/08/2015;The Italian Supreme Pizza;5
07/08/2015;The Italian Vegetables Pizza;2
07/08/2015;The Mediterranean Pizza;4
07/08/2015;The Mexicana Pizza;4
07/08/2015;The Napolitana Pizza;6
07/08/2015;The Pepper Salami Pizza;4
07/08/2015;The Pepperoni Pizza;14
07/08/2015;The Pepperoni, Mushroom, and Peppers Pizza;5
07/08/2015;The Prosciutto and Arugula Pizza;6
07/08/2015;The Sicilian Pizza;5
07/08/2015;The Soppressata Pizza;2
07/08/2015;The Southwest Chicken Pizza;8
07/08/2015;The Spicy Italian Pizza;7
07/08/2015;The Spinach Pesto Pizza;0
07/08/2015;The Spinach Supreme Pizza;3
07/08/2015;The Spinach and Feta Pizza;3
07/08/2015;The Thai Chicken Pizza;6
07/08/2015;The Vegetables + Vegetables Pizza;5
08/08/2015;The Barbecue Chicken Pizza;5
08/08/2015;The Big Meat Pizza;6
08/08/2015;The Brie Carre Pizza;0
08/08/2015;The Calabrese Pizza;1
08/08/2015;The California Chicken Pizza;12
08/08/2015;The Chicken Alfredo Pizza;7
08/08/2015;The Chicken Pesto Pizza;5
08/08/2015;The Classic Deluxe Pizza;10
08/08/2015;The Five Cheese Pizza;5
08/08/2015;The Four Cheese Pizza;3
08/08/2015;The Greek Pizza;3
08/08/2015;The Green Garden Pizza;1
08/08/2015;The Hawaiian Pizza;11
08/08/2015;The Italian Capocollo Pizza;4
08/08/2015;The Italian Supreme Pizza;8
08/08/2015;The Italian Vegetables Pizza;2
08/08/2015;The Mediterranean Pizza;2
08/08/2015;The Mexicana Pizza;5
08/08/2015;The Napolitana Pizza;6
08/08/2015;The Pepper Salami Pizza;4
08/08/2015;The Pepperoni Pizza;6
08/08/2015;The Pepperoni, Mushroom, and Peppers Pizza;7
08/08/2015;The Prosciutto and Arugula Pizza;6
08/08/2015;The Sicilian Pizza;9
08/08/2015;The Soppressata Pizza;1
08/08/2015;The Southwest Chicken Pizza;7
08/08/2015;The Spicy Italian Pizza;6
08/08/2015;The Spinach Pesto Pizza;8
08/08/2015;The Spinach Supreme Pizza;6
08/08/2015;The Spinach and Feta Pizza;4
08/08/2015;The Thai Chicken Pizza;4
08/08/2015;The Vegetables + Vegetables Pizza;3
09/08/2015;The Barbecue Chicken Pizza;6
09/08/2015;The Big Meat Pizza;5
09/08/2015;The Brie Carre Pizza;2
09/08/2015;The Calabrese Pizza;6
09/08/2015;The California Chicken Pizza;6
09/08/2015;The Chicken Alfredo Pizza;2
09/08/2015;The Chicken Pesto Pizza;0
09/08/2015;The Classic Deluxe Pizza;7
09/08/2015;The Five Cheese Pizza;3
09/08/2015;The Four Cheese Pizza;5
09/08/2015;The Greek Pizza;1
09/08/2015;The Green Garden Pizza;7
09/08/2015;The Hawaiian Pizza;4
09/08/2015;The Italian Capocollo Pizza;6
09/08/2015;The Italian Supreme Pizza;6
09/08/2015;The Italian Vegetables Pizza;4
09/08/2015;The Mediterranean Pizza;2
09/08/2015;The Mexicana Pizza;0
09/08/2015;The Napolitana Pizza;4
09/08/2015;The Pepper Salami Pizza;5
09/08/2015;The Pepperoni Pizza;10
09/08/2015;The Pepperoni, Mushroom, and Peppers Pizza;3
09/08/2015;The Prosciutto and Arugula Pizza;7
09/08/2015;The Sicilian Pizza;3
09/08/2015;The Soppressata Pizza;2
09/08/2015;The Southwest Chicken Pizza;4
09/08/2015;The Spicy Italian Pizza;4
09/08/2015;The Spinach Pesto Pizza;1
09/08/2015;The Spinach Supreme Pizza;2
09/08/2015;The Spinach and Feta Pizza;1
09/08/2015;The Thai Chicken Pizza;5
09/08/2015;The Vegetables + Vegetables Pizza;3
10/08/2015;The Barbecue Chicken Pizza;5
10/08/2015;The Big Meat Pizza;2
10/08/2015;The Brie Carre Pizza;1
10/08/2015;The Calabrese Pizza;0
10/08/2015;The California Chicken Pizza;10
10/08/2015;The Chicken Alfredo Pizza;2
10/08/2015;The Chicken Pesto Pizza;3
10/08/2015;The Classic Deluxe Pizza;3
10/08/2015;The Five Cheese Pizza;2
10/08/2015;The Four Cheese Pizza;5
10/08/2015;The Greek Pizza;4
10/08/2015;The Green Garden Pizza;4
10/08/2015;The Hawaiian Pizza;5
10/08/2015;The Italian Capocollo Pizza;3
10/08/2015;The Italian Supreme Pizza;7
10/08/2015;The Italian Vegetables Pizza;4
10/08/2015;The Mediterranean Pizza;5
10/08/2015;The Mexicana Pizza;2
10/08/2015;The Napolitana Pizza;3
10/08/2015;The Pepper Salami Pizza;3
10/08/2015;The Pepperoni Pizza;4
10/08/2015;The Pepperoni, Mushroom, and Peppers Pizza;3
10/08/2015;The Prosciutto and Arugula Pizza;4
10/08/2015;The Sicilian Pizza;5
10/08/2015;The Soppressata Pizza;1
10/08/2015;The Southwest Chicken Pizza;5
10/08/2015;The Spicy Italian Pizza;5
10/08/2015;The Spinach Pesto Pizza;2
10/08/2015;The Spinach Supreme Pizza;5
10/08/2015;The Spinach and Feta Pizza;5
10/08/2015;The Thai Chicken Pizza;7
10/08/2015;The Vegetables + Vegetables Pizza;6
11/08/2015;The Barbecue Chicken Pizza;3
11/08/2015;The Big Meat Pizza;5
11/08/2015;The Brie Carre Pizza;0
11/08/2015;The Calabrese Pizza;2
11/08/2015;The California Chicken Pizza;11
11/08/2015;The Chicken Alfredo Pizza;0
11/08/2015;The Chicken Pesto Pizza;2
11/08/2015;The Classic Deluxe Pizza;4
11/08/2015;The Five Cheese Pizza;5
11/08/2015;The Four Cheese Pizza;9
11/08/2015;The Greek Pizza;6
11/08/2015;The Green Garden Pizza;1
11/08/2015;The Hawaiian Pizza;11
11/08/2015;The Italian Capocollo Pizza;5
11/08/2015;The Italian Supreme Pizza;11
11/08/2015;The Italian Vegetables Pizza;4
11/08/2015;The Mediterranean Pizza;2
11/08/2015;The Mexicana Pizza;4
11/08/2015;The Napolitana Pizza;3
11/08/2015;The Pepper Salami Pizza;4
11/08/2015;The Pepperoni Pizza;3
11/08/2015;The Pepperoni, Mushroom, and Peppers Pizza;3
11/08/2015;The Prosciutto and Arugula Pizza;5
11/08/2015;The Sicilian Pizza;2
11/08/2015;The Soppressata Pizza;2
11/08/2015;The Southwest Chicken Pizza;4
11/08/2015;The Spicy Italian Pizza;4
11/08/2015;The Spinach Pesto Pizza;1
11/08/2015;The Spinach Supreme Pizza;4
11/08/2015;The Spinach and Feta Pizza;8
11/08/2015;The Thai Chicken Pizza;4
11/08/2015;The Vegetables + Vegetables Pizza;5
12/08/2015;The Barbecue Chicken Pizza;5
12/08/2015;The Big Meat Pizza;3
12/08/2015;The Brie Carre Pizza;3
12/08/2015;The Calabrese Pizza;3
12/08/2015;The California Chicken Pizza;6
12/08/2015;The Chicken Alfredo Pizza;3
12/08/2015;The Chicken Pesto Pizza;3
12/08/2015;The Classic Deluxe Pizza;10
12/08/2015;The Five Cheese Pizza;2
12/08/2015;The Four Cheese Pizza;6
12/08/2015;The Greek Pizza;4
12/08/2015;The Green Garden Pizza;3
12/08/2015;The Hawaiian Pizza;11
12/08/2015;The Italian Capocollo Pizza;2
12/08/2015;The Italian Supreme Pizza;4
12/08/2015;The Italian Vegetables Pizza;3
12/08/2015;The Mediterranean Pizza;3
12/08/2015;The Mexicana Pizza;5
12/08/2015;The Napolitana Pizza;5
12/08/2015;The Pepper Salami Pizza;2
12/08/2015;The Pepperoni Pizza;5
12/08/2015;The Pepperoni, Mushroom, and Peppers Pizza;3
12/08/2015;The Prosciutto and Arugula Pizza;6
12/08/2015;The Sicilian Pizza;4
12/08/2015;The Soppressata Pizza;2
12/08/2015;The Southwest Chicken Pizza;6
12/08/2015;The Spicy Italian Pizza;10
12/08/2015;The Spinach Pesto Pizza;2
12/08/2015;The Spinach Supreme Pizza;3
12/08/2015;The Spinach and Feta Pizza;7
12/08/2015;The Thai Chicken Pizza;7
12/08/2015;The Vegetables + Vegetables Pizza;3
13/08/2015;The Barbecue Chicken Pizza;2
13/08/2015;The Big Meat Pizza;6
13/08/2015;The Brie Carre Pizza;1
13/08/2015;The Calabrese Pizza;2
13/08/2015;The California Chicken Pizza;4
13/08/2015;The Chicken Alfredo Pizza;3
13/08/2015;The Chicken Pesto Pizza;2
13/08/2015;The Classic Deluxe Pizza;11
13/08/2015;The Five Cheese Pizza;3
13/08/2015;The Four Cheese Pizza;7
13/08/2015;The Greek Pizza;2
13/08/2015;The Green Garden Pizza;1
13/08/2015;The Hawaiian Pizza;5
13/08/2015;The Italian Capocollo Pizza;4
13/08/2015;The Italian Supreme Pizza;3
13/08/2015;The Italian Vegetables Pizza;4
13/08/2015;The Mediterranean Pizza;2
13/08/2015;The Mexicana Pizza;2
13/08/2015;The Napolitana Pizza;5
13/08/2015;The Pepper Salami Pizza;3
13/08/2015;The Pepperoni Pizza;13
13/08/2015;The Pepperoni, Mushroom, and Peppers Pizza;5
13/08/2015;The Prosciutto and Arugula Pizza;2
13/08/2015;The Sicilian Pizza;5
13/08/2015;The Soppressata Pizza;3
13/08/2015;The Southwest Chicken Pizza;7
13/08/2015;The Spicy Italian Pizza;4
13/08/2015;The Spinach Pesto Pizza;1
13/08/2015;The Spinach Supreme Pizza;0
13/08/2015;The Spinach and Feta Pizza;7
13/08/2015;The Thai Chicken Pizza;11
13/08/2015;The Vegetables + Vegetables Pizza;2
14/08/2015;The Barbecue Chicken Pizza;10
14/08/2015;The Big Meat Pizza;10
14/08/2015;The Brie Carre Pizza;2
14/08/2015;The Calabrese Pizza;3
14/08/2015;The California Chicken Pizza;5
14/08/2015;The Chicken Alfredo Pizza;4
14/08/2015;The Chicken Pesto Pizza;5
14/08/2015;The Classic Deluxe Pizza;9
14/08/2015;The Five Cheese Pizza;5
14/08/2015;The Four Cheese Pizza;4
14/08/2015;The Greek Pizza;4
14/08/2015;The Green Garden Pizza;2
14/08/2015;The Hawaiian Pizza;8
14/08/2015;The Italian Capocollo Pizza;4
14/08/2015;The Italian Supreme Pizza;8
14/08/2015;The Italian Vegetables Pizza;3
14/08/2015;The Mediterranean Pizza;4
14/08/2015;The Mexicana Pizza;6
14/08/2015;The Napolitana Pizza;9
14/08/2015;The Pepper Salami Pizza;3
14/08/2015;The Pepperoni Pizza;13
14/08/2015;The Pepperoni, Mushroom, and Peppers Pizza;8
14/08/2015;The Prosciutto and Arugula Pizza;5
14/08/2015;The Sicilian Pizza;10
14/08/2015;The Soppressata Pizza;3
14/08/2015;The Southwest Chicken Pizza;11
14/08/2015;The Spicy Italian Pizza;4
14/08/2015;The Spinach Pesto Pizza;1
14/08/2015;The Spinach Supreme Pizza;4
14/08/2015;The Spinach and Feta Pizza;9
14/08/2015;The Thai Chicken Pizza;7
14/08/2015;The Vegetables + Vegetables Pizza;5
15/08/2015;The Barbecue Chicken Pizza;6
15/08/2015;The Big Meat Pizza;5
15/08/2015;The Brie Carre Pizza;1
15/08/2015;The Calabrese Pizza;2
15/08/2015;The California Chicken Pizza;9
15/08/2015;The Chicken Alfredo Pizza;0
15/08/2015;The Chicken Pesto Pizza;0
15/08/2015;The Classic Deluxe Pizza;9
15/08/2015;The Five Cheese Pizza;5
15/08/2015;The Four Cheese Pizza;2
15/08/2015;The Greek Pizza;4
15/08/2015;The Green Garden Pizza;3
15/08/2015;The Hawaiian Pizza;4
15/08/2015;The Italian Capocollo Pizza;0
15/08/2015;The Italian Supreme Pizza;6
15/08/2015;The Italian Vegetables Pizza;4
15/08/2015;The Mediterranean Pizza;4
15/08/2015;The Mexicana Pizza;5
15/08/2015;The Napolitana Pizza;7
15/08/2015;The Pepper Salami Pizza;2
15/08/2015;The Pepperoni Pizza;11
15/08/2015;The Pepperoni, Mushroom, and Peppers Pizza;6
15/08/2015;The Prosciutto and Arugula Pizza;3
15/08/2015;The Sicilian Pizza;7
15/08/2015;The Soppressata Pizza;5
15/08/2015;The Southwest Chicken Pizza;3
15/08/2015;The Spicy Italian Pizza;5
15/08/2015;The Spinach Pesto Pizza;5
15/08/2015;The Spinach Supreme Pizza;3
15/08/2015;The Spinach and Feta Pizza;6
15/08/2015;The Thai Chicken Pizza;4
15/08/2015;The Vegetables + Vegetables Pizza;4
16/08/2015;The Barbecue Chicken Pizza;9
16/08/2015;The Big Meat Pizza;5
16/08/2015;The Brie Carre Pizza;3
16/08/2015;The Calabrese Pizza;2
16/08/2015;The California Chicken Pizza;6
16/08/2015;The Chicken Alfredo Pizza;4
16/08/2015;The Chicken Pesto Pizza;3
16/08/2015;The Classic Deluxe Pizza;4
16/08/2015;The Five Cheese Pizza;0
16/08/2015;The Four Cheese Pizza;3
16/08/2015;The Greek Pizza;5
16/08/2015;The Green Garden Pizza;6
16/08/2015;The Hawaiian Pizza;8
16/08/2015;The Italian Capocollo Pizza;1
16/08/2015;The Italian Supreme Pizza;5
16/08/2015;The Italian Vegetables Pizza;2
16/08/2015;The Mediterranean Pizza;4
16/08/2015;The Mexicana Pizza;5
16/08/2015;The Napolitana Pizza;4
16/08/2015;The Pepper Salami Pizza;5
16/08/2015;The Pepperoni Pizza;5
16/08/2015;The Pepperoni, Mushroom, and Peppers Pizza;2
16/08/2015;The Prosciutto and Arugula Pizza;3
16/08/2015;The Sicilian Pizza;4
16/08/2015;The Soppressata Pizza;4
16/08/2015;The Southwest Chicken Pizza;1
16/08/2015;The Spicy Italian Pizza;6
16/08/2015;The Spinach Pesto Pizza;2
16/08/2015;The Spinach Supreme Pizza;5
16/08/2015;The Spinach and Feta Pizza;7
16/08/2015;The Thai Chicken Pizza;4
16/08/2015;The Vegetables + Vegetables Pizza;1
17/08/2015;The Barbecue Chicken Pizza;8
17/08/2015;The Big Meat Pizza;11
17/08/2015;The Brie Carre Pizza;2
17/08/2015;The Calabrese Pizza;3
17/08/2015;The California Chicken Pizza;10
17/08/2015;The Chicken Alfredo Pizza;2
17/08/2015;The Chicken Pesto Pizza;5
17/08/2015;The Classic Deluxe Pizza;13
17/08/2015;The Five Cheese Pizza;0
17/08/2015;The Four Cheese Pizza;7
17/08/2015;The Greek Pizza;1
17/08/2015;The Green Garden Pizza;3
17/08/2015;The Hawaiian Pizza;3
17/08/2015;The Italian Capocollo Pizza;5
17/08/2015;The Italian Supreme Pizza;10
17/08/2015;The Italian Vegetables Pizza;1
17/08/2015;The Mediterranean Pizza;3
17/08/2015;The Mexicana Pizza;3
17/08/2015;The Napolitana Pizza;3
17/08/2015;The Pepper Salami Pizza;7
17/08/2015;The Pepperoni Pizza;5
17/08/2015;The Pepperoni, Mushroom, and Peppers Pizza;5
17/08/2015;The Prosciutto and Arugula Pizza;6
17/08/2015;The Sicilian Pizza;4
17/08/2015;The Soppressata Pizza;4
17/08/2015;The Southwest Chicken Pizza;8
17/08/2015;The Spicy Italian Pizza;3
17/08/2015;The Spinach Pesto Pizza;6
17/08/2015;The Spinach Supreme Pizza;3
17/08/2015;The Spinach and Feta Pizza;4
17/08/2015;The Thai Chicken Pizza;7
17/08/2015;The Vegetables + Vegetables Pizza;6
18/08/2015;The Barbecue Chicken Pizza;4
18/08/2015;The Big Meat Pizza;7
18/08/2015;The Brie Carre Pizza;1
18/08/2015;The Calabrese Pizza;2
18/08/2015;The California Chicken Pizza;11
18/08/2015;The Chicken Alfredo Pizza;2
18/08/2015;The Chicken Pesto Pizza;2
18/08/2015;The Classic Deluxe Pizza;6
18/08/2015;The Five Cheese Pizza;5
18/08/2015;The Four Cheese Pizza;6
18/08/2015;The Greek Pizza;2
18/08/2015;The Green Garden Pizza;3
18/08/2015;The Hawaiian Pizza;3
18/08/2015;The Italian Capocollo Pizza;3
18/08/2015;The Italian Supreme Pizza;5
18/08/2015;The Italian Vegetables Pizza;3
18/08/2015;The Mediterranean Pizza;2
18/08/2015;The Mexicana Pizza;1
18/08/2015;The Napolitana Pizza;3
18/08/2015;The Pepper Salami Pizza;5
18/08/2015;The Pepperoni Pizza;6
18/08/2015;The Pepperoni, Mushroom, and Peppers Pizza;2
18/08/2015;The Prosciutto and Arugula Pizza;4
18/08/2015;The Sicilian Pizza;3
18/08/2015;The Soppressata Pizza;4
18/08/2015;The Southwest Chicken Pizza;11
18/08/2015;The Spicy Italian Pizza;3
18/08/2015;The Spinach Pesto Pizza;5
18/08/2015;The Spinach Supreme Pizza;0
18/08/2015;The Spinach and Feta Pizza;2
18/08/2015;The Thai Chicken Pizza;6
18/08/2015;The Vegetables + Vegetables Pizza;6
19/08/2015;The Barbecue Chicken Pizza;3
19/08/2015;The Big Meat Pizza;3
19/08/2015;The Brie Carre Pizza;1
19/08/2015;The Calabrese Pizza;2
19/08/2015;The California Chicken Pizza;9
19/08/2015;The Chicken Alfredo Pizza;3
19/08/2015;The Chicken Pesto Pizza;2
19/08/2015;The Classic Deluxe Pizza;6
19/08/2015;The Five Cheese Pizza;2
19/08/2015;The Four Cheese Pizza;5
19/08/2015;The Greek Pizza;4
19/08/2015;The Green Garden Pizza;1
19/08/2015;The Hawaiian Pizza;4
19/08/2015;The Italian Capocollo Pizza;8
19/08/2015;The Italian Supreme Pizza;8
19/08/2015;The Italian Vegetables Pizza;1
19/08/2015;The Mediterranean Pizza;2
19/08/2015;The Mexicana Pizza;4
19/08/2015;The Napolitana Pizza;8
19/08/2015;The Pepper Salami Pizza;5
19/08/2015;The Pepperoni Pizza;4
19/08/2015;The Pepperoni, Mushroom, and Peppers Pizza;5
19/08/2015;The Prosciutto and Arugula Pizza;6
19/08/2015;The Sicilian Pizza;5
19/08/2015;The Soppressata Pizza;3
19/08/2015;The Southwest Chicken Pizza;5
19/08/2015;The Spicy Italian Pizza;10
19/08/2015;The Spinach Pesto Pizza;7
19/08/2015;The Spinach Supreme Pizza;2
19/08/2015;The Spinach and Feta Pizza;3
19/08/2015;The Thai Chicken Pizza;2
19/08/2015;The Vegetables + Vegetables Pizza;5
20/08/2015;The Barbecue Chicken Pizza;7
20/08/2015;The Big Meat Pizza;4
20/08/2015;The Brie Carre Pizza;2
20/08/2015;The Calabrese Pizza;2
20/08/2015;The California Chicken Pizza;7
20/08/2015;The Chicken Alfredo Pizza;1
20/08/2015;The Chicken Pesto Pizza;1
20/08/2015;The Classic Deluxe Pizza;5
20/08/2015;The Five Cheese Pizza;4
20/08/2015;The Four Cheese Pizza;4
20/08/2015;The Greek Pizza;5
20/08/2015;The Green Garden Pizza;1
20/08/2015;The Hawaiian Pizza;9
20/08/2015;The Italian Capocollo Pizza;4
20/08/2015;The Italian Supreme Pizza;3
20/08/2015;The Italian Vegetables Pizza;2
20/08/2015;The Mediterranean Pizza;3
20/08/2015;The Mexicana Pizza;4
20/08/2015;The Napolitana Pizza;5
20/08/2015;The Pepper Salami Pizza;2
20/08/2015;The Pepperoni Pizza;6
20/08/2015;The Pepperoni, Mushroom, and Peppers Pizza;1
20/08/2015;The Prosciutto and Arugula Pizza;2
20/08/2015;The Sicilian Pizza;4
20/08/2015;The Soppressata Pizza;4
20/08/2015;The Southwest Chicken Pizza;2
20/08/2015;The Spicy Italian Pizza;6
20/08/2015;The Spinach Pesto Pizza;1
20/08/2015;The Spinach Supreme Pizza;3
20/08/2015;The Spinach and Feta Pizza;6
20/08/2015;The Thai Chicken Pizza;4
20/08/2015;The Vegetables + Vegetables Pizza;2
21/08/2015;The Barbecue Chicken Pizza;7
21/08/2015;The Big Meat Pizza;6
21/08/2015;The Brie Carre Pizza;0
21/08/2015;The Calabrese Pizza;2
21/08/2015;The California Chicken Pizza;6
21/08/2015;The Chicken Alfredo Pizza;3
21/08/2015;The Chicken Pesto Pizza;2
21/08/2015;The Classic Deluxe Pizza;11
21/08/2015;The Five Cheese Pizza;2
21/08/2015;The Four Cheese Pizza;5
21/08/2015;The Greek Pizza;9
21/08/2015;The Green Garden Pizza;4
21/08/2015;The Hawaiian Pizza;11
21/08/2015;The Italian Capocollo Pizza;4
21/08/2015;The Italian Supreme Pizza;4
21/08/2015;The Italian Vegetables Pizza;3
21/08/2015;The Mediterranean Pizza;0
21/08/2015;The Mexicana Pizza;1
21/08/2015;The Napolitana Pizza;5
21/08/2015;The Pepper Salami Pizza;2
21/08/2015;The Pepperoni Pizza;10
21/08/2015;The Pepperoni, Mushroom, and Peppers Pizza;10
21/08/2015;The Prosciutto and Arugula Pizza;4
21/08/2015;The Sicilian Pizza;5
21/08/2015;The Soppressata Pizza;4
21/08/2015;The Southwest Chicken Pizza;7
21/08/2015;The Spicy Italian Pizza;7
21/08/2015;The Spinach Pesto Pizza;4
21/08/2015;The Spinach Supreme Pizza;4
21/08/2015;The Spinach and Feta Pizza;5
21/08/2015;The Thai Chicken Pizza;11
21/08/2015;The Vegetables + Vegetables Pizza;5
22/08/2015;The Barbecue Chicken Pizza;8
22/08/2015;The Big Meat Pizza;9
22/08/2015;The Brie Carre Pizza;0
22/08/2015;The Calabrese Pizza;3
22/08/2015;The California Chicken Pizza;7
22/08/2015;The Chicken Alfredo Pizza;4
22/08/2015;The Chicken Pesto Pizza;1
22/08/2015;The Classic Deluxe Pizza;7
22/08/2015;The Five Cheese Pizza;6
22/08/2015;The Four Cheese Pizza;7
22/08/2015;The Greek Pizza;5
22/08/2015;The Green Garden Pizza;1
22/08/2015;The Hawaiian Pizza;8
22/08/2015;The Italian Capocollo Pizza;3
22/08/2015;The Italian Supreme Pizza;3
22/08/2015;The Italian Vegetables Pizza;5
22/08/2015;The Mediterranean Pizza;3
22/08/2015;The Mexicana Pizza;5
22/08/2015;The Napolitana Pizza;3
22/08/2015;The Pepper Salami Pizza;3
22/08/2015;The Pepperoni Pizza;7
22/08/2015;The Pepperoni, Mushroom, and Peppers Pizza;3
22/08/2015;The Prosciutto and Arugula Pizza;2
22/08/2015;The Sicilian Pizza;9
22/08/2015;The Soppressata Pizza;5
22/08/2015;The Southwest Chicken Pizza;3
22/08/2015;The Spicy Italian Pizza;4
22/08/2015;The Spinach Pesto Pizza;3
22/08/2015;The Spinach Supreme Pizza;4
22/08/2015;The Spinach and Feta Pizza;4
22/08/2015;The Thai Chicken Pizza;7
22/08/2015;The Vegetables + Vegetables Pizza;6
23/08/2015;The Barbecue Chicken Pizza;5
23/08/2015;The Big Meat Pizza;6
23/08/2015;The Brie Carre Pizza;3
23/08/2015;The Calabrese Pizza;2
23/08/2015;The California Chicken Pizza;3
23/08/2015;The Chicken Alfredo Pizza;1
23/08/2015;The Chicken Pesto Pizza;0
23/08/2015;The Classic Deluxe Pizza;6
23/08/2015;The Five Cheese Pizza;5
23/08/2015;The Four Cheese Pizza;4
23/08/2015;The Greek Pizza;2
23/08/2015;The Green Garden Pizza;1
23/08/2015;The Hawaiian Pizza;5
23/08/2015;The Italian Capocollo Pizza;4
23/08/2015;The Italian Supreme Pizza;3
23/08/2015;The Italian Vegetables Pizza;1
23/08/2015;The Mediterranean Pizza;2
23/08/2015;The Mexicana Pizza;3
23/08/2015;The Napolitana Pizza;3
23/08/2015;The Pepper Salami Pizza;2
23/08/2015;The Pepperoni Pizza;6
23/08/2015;The Pepperoni, Mushroom, and Peppers Pizza;6
23/08/2015;The Prosciutto and Arugula Pizza;4
23/08/2015;The Sicilian Pizza;3
23/08/2015;The Soppressata Pizza;2
23/08/2015;The Southwest Chicken Pizza;4
23/08/2015;The Spicy Italian Pizza;2
23/08/2015;The Spinach Pesto Pizza;2
23/08/2015;The Spinach Supreme Pizza;1
23/08/2015;The Spinach and Feta Pizza;3
23/08/2015;The Thai Chicken Pizza;9
23/08/2015;The Vegetables + Vegetables Pizza;2
24/08/2015;The Barbecue Chicken Pizza;4
24/08/2015;The Big Meat Pizza;4
24/08/2015;The Brie Carre Pizza;0
24/08/2015;The Calabrese Pizza;1
24/08/2015;The California Chicken Pizza;5
24/08/2015;The Chicken Alfredo Pizza;0
24/08/2015;The Chicken Pesto Pizza;2
24/08/2015;The Classic Deluxe Pizza;5
24/08/2015;The Five Cheese Pizza;6
24/08/2015;The Four Cheese Pizza;6
24/08/2015;The Greek Pizza;7
24/08/2015;The Green Garden Pizza;6
24/08/2015;The Hawaiian Pizza;7
24/08/2015;The Italian Capocollo Pizza;2
24/08/2015;The Italian Supreme Pizza;2
24/08/2015;The Italian Vegetables Pizza;0
24/08/2015;The Mediterranean Pizza;2
24/08/2015;The Mexicana Pizza;1
24/08/2015;The Napolitana Pizza;7
24/08/2015;The Pepper Salami Pizza;2
24/08/2015;The Pepperoni Pizza;5
24/08/2015;The Pepperoni, Mushroom, and Peppers Pizza;3
24/08/2015;The Prosciutto and Arugula Pizza;2
24/08/2015;The Sicilian Pizza;7
24/08/2015;The Soppressata Pizza;3
24/08/2015;The Southwest Chicken Pizza;3
24/08/2015;The Spicy Italian Pizza;3
24/08/2015;The Spinach Pesto Pizza;0
24/08/2015;The Spinach Supreme Pizza;1
24/08/2015;The Spinach and Feta Pizza;4
24/08/2015;The Thai Chicken Pizza;5
24/08/2015;The Vegetables + Vegetables Pizza;1
25/08/2015;The Barbecue Chicken Pizza;5
25/08/2015;The Big Meat Pizza;4
25/08/2015;The Brie Carre Pizza;5
25/08/2015;The Calabrese Pizza;0
25/08/2015;The California Chicken Pizza;9
25/08/2015;The Chicken Alfredo Pizza;0
25/08/2015;The Chicken Pesto Pizza;1
25/08/2015;The Classic Deluxe Pizza;2
25/08/2015;The Five Cheese Pizza;4
25/08/2015;The Four Cheese Pizza;1
25/08/2015;The Greek Pizza;5
25/08/2015;The Green Garden Pizza;2
25/08/2015;The Hawaiian Pizza;5
25/08/2015;The Italian Capocollo Pizza;1
25/08/2015;The Italian Supreme Pizza;6
25/08/2015;The Italian Vegetables Pizza;1
25/08/2015;The Mediterranean Pizza;5
25/08/2015;The Mexicana Pizza;4
25/08/2015;The Napolitana Pizza;6
25/08/2015;The Pepper Salami Pizza;2
25/08/2015;The Pepperoni Pizza;6
25/08/2015;The Pepperoni, Mushroom, and Peppers Pizza;4
25/08/2015;The Prosciutto and Arugula Pizza;4
25/08/2015;The Sicilian Pizza;5
25/08/2015;The Soppressata Pizza;3
25/08/2015;The Southwest Chicken Pizza;4
25/08/2015;The Spicy Italian Pizza;4
25/08/2015;The Spinach Pesto Pizza;2
25/08/2015;The Spinach Supreme Pizza;1
25/08/2015;The Spinach and Feta Pizza;2
25/08/2015;The Thai Chicken Pizza;7
25/08/2015;The Vegetables + Vegetables Pizza;5
26/08/2015;The Barbecue Chicken Pizza;6
26/08/2015;The Big Meat Pizza;5
26/08/2015;The Brie Carre Pizza;2
26/08/2015;The Calabrese Pizza;3
26/08/2015;The California Chicken Pizza;2
26/08/2015;The Chicken Alfredo Pizza;2
26/08/2015;The Chicken Pesto Pizza;2
26/08/2015;The Classic Deluxe Pizza;8
26/08/2015;The Five Cheese Pizza;6
26/08/2015;The Four Cheese Pizza;4
26/08/2015;The Greek Pizza;6
26/08/2015;The Green Garden Pizza;1
26/08/2015;The Hawaiian Pizza;8
26/08/2015;The Italian Capocollo Pizza;3
26/08/2015;The Italian Supreme Pizza;2
26/08/2015;The Italian Vegetables Pizza;3
26/08/2015;The Mediterranean Pizza;0
26/08/2015;The Mexicana Pizza;7
26/08/2015;The Napolitana Pizza;4
26/08/2015;The Pepper Salami Pizza;4
26/08/2015;The Pepperoni Pizza;6
26/08/2015;The Pepperoni, Mushroom, and Peppers Pizza;1
26/08/2015;The Prosciutto and Arugula Pizza;5
26/08/2015;The Sicilian Pizza;9
26/08/2015;The Soppressata Pizza;2
26/08/2015;The Southwest Chicken Pizza;12
26/08/2015;The Spicy Italian Pizza;7
26/08/2015;The Spinach Pesto Pizza;4
26/08/2015;The Spinach Supreme Pizza;1
26/08/2015;The Spinach and Feta Pizza;5
26/08/2015;The Thai Chicken Pizza;4
26/08/2015;The Vegetables + Vegetables Pizza;5
27/08/2015;The Barbecue Chicken Pizza;5
27/08/2015;The Big Meat Pizza;4
27/08/2015;The Brie Carre Pizza;0
27/08/2015;The Calabrese Pizza;1
27/08/2015;The California Chicken Pizza;5
27/08/2015;The Chicken Alfredo Pizza;7
27/08/2015;The Chicken Pesto Pizza;0
27/08/2015;The Classic Deluxe Pizza;6
27/08/2015;The Five Cheese Pizza;3
27/08/2015;The Four Cheese Pizza;3
27/08/2015;The Greek Pizza;1
27/08/2015;The Green Garden Pizza;4
27/08/2015;The Hawaiian Pizza;8
27/08/2015;The Italian Capocollo Pizza;5
27/08/2015;The Italian Supreme Pizza;6
27/08/2015;The Italian Vegetables Pizza;5
27/08/2015;The Mediterranean Pizza;2
27/08/2015;The Mexicana Pizza;4
27/08/2015;The Napolitana Pizza;1
27/08/2015;The Pepper Salami Pizza;5
27/08/2015;The Pepperoni Pizza;11
27/08/2015;The Pepperoni, Mushroom, and Peppers Pizza;1
27/08/2015;The Prosciutto and Arugula Pizza;3
27/08/2015;The Sicilian Pizza;4
27/08/2015;The Soppressata Pizza;1
27/08/2015;The Southwest Chicken Pizza;7
27/08/2015;The Spicy Italian Pizza;7
27/08/2015;The Spinach Pesto Pizza;4
27/08/2015;The Spinach Supreme Pizza;4
27/08/2015;The Spinach and Feta Pizza;3
27/08/2015;The Thai Chicken Pizza;4
27/08/2015;The Vegetables + Vegetables Pizza;4
28/08/2015;The Barbecue Chicken Pizza;9
28/08/2015;The Big Meat Pizza;2
28/08/2015;The Brie Carre Pizza;1
28/08/2015;The Calabrese Pizza;4
28/08/2015;The California Chicken Pizza;9
28/08/2015;The Chicken Alfredo Pizza;5
28/08/2015;The Chicken Pesto Pizza;6
28/08/2015;The Classic Deluxe Pizza;9
28/08/2015;The Five Cheese Pizza;4
28/08/2015;The Four Cheese Pizza;6
28/08/2015;The Greek Pizza;4
28/08/2015;The Green Garden Pizza;3
28/08/2015;The Hawaiian Pizza;4
28/08/2015;The Italian Capocollo Pizza;7
28/08/2015;The Italian Supreme Pizza;6
28/08/2015;The Italian Vegetables Pizza;5
28/08/2015;The Mediterranean Pizza;2
28/08/2015;The Mexicana Pizza;6
28/08/2015;The Napolitana Pizza;3
28/08/2015;The Pepper Salami Pizza;6
28/08/2015;The Pepperoni Pizza;10
28/08/2015;The Pepperoni, Mushroom, and Peppers Pizza;7
28/08/2015;The Prosciutto and Arugula Pizza;4
28/08/2015;The Sicilian Pizza;10
28/08/2015;The Soppressata Pizza;0
28/08/2015;The Southwest Chicken Pizza;2
28/08/2015;The Spicy Italian Pizza;5
28/08/2015;The Spinach Pesto Pizza;3
28/08/2015;The Spinach Supreme Pizza;6
28/08/2015;The Spinach and Feta Pizza;7
28/08/2015;The Thai Chicken Pizza;4
28/08/2015;The Vegetables + Vegetables Pizza;2
29/08/2015;The Barbecue Chicken Pizza;9
29/08/2015;The Big Meat Pizza;1
29/08/2015;The Brie Carre Pizza;1
29/08/2015;The Calabrese Pizza;2
29/08/2015;The California Chicken Pizza;5
29/08/2015;The Chicken Alfredo Pizza;5
29/08/2015;The Chicken Pesto Pizza;5
29/08/2015;The Classic Deluxe Pizza;4
29/08/2015;The Five Cheese Pizza;2
29/08/2015;The Four Cheese Pizza;3
29/08/2015;The Greek Pizza;7
29/08/2015;The Green Garden Pizza;4
29/08/2015;The Hawaiian Pizza;4
29/08/2015;The Italian Capocollo Pizza;3
29/08/2015;The Italian Supreme Pizza;5
29/08/2015;The Italian Vegetables Pizza;1
29/08/2015;The Mediterranean Pizza;2
29/08/2015;The Mexicana Pizza;2
29/08/2015;The Napolitana Pizza;3
29/08/2015;The Pepper Salami Pizza;6
29/08/2015;The Pepperoni Pizza;5
29/08/2015;The Pepperoni, Mushroom, and Peppers Pizza;5
29/08/2015;The Prosciutto and Arugula Pizza;1
29/08/2015;The Sicilian Pizza;8
29/08/2015;The Soppressata Pizza;3
29/08/2015;The Southwest Chicken Pizza;3
29/08/2015;The Spicy Italian Pizza;5
29/08/2015;The Spinach Pesto Pizza;2
29/08/2015;The Spinach Supreme Pizza;3
29/08/2015;The Spinach and Feta Pizza;4
29/08/2015;The Thai Chicken Pizza;7
29/08/2015;The Vegetables + Vegetables Pizza;3
30/08/2015;The Barbecue Chicken Pizza;5
30/08/2015;The Big Meat Pizza;6
30/08/2015;The Brie Carre Pizza;0
30/08/2015;The Calabrese Pizza;0
30/08/2015;The California Chicken Pizza;5
30/08/2015;The Chicken Alfredo Pizza;3
30/08/2015;The Chicken Pesto Pizza;0
30/08/2015;The Classic Deluxe Pizza;4
30/08/2015;The Five Cheese Pizza;0
30/08/2015;The Four Cheese Pizza;3
30/08/2015;The Greek Pizza;2
30/08/2015;The Green Garden Pizza;4
30/08/2015;The Hawaiian Pizza;4
30/08/2015;The Italian Capocollo Pizza;4
30/08/2015;The Italian Supreme Pizza;5
30/08/2015;The Italian Vegetables Pizza;1
30/08/2015;The Mediterranean Pizza;1
30/08/2015;The Mexicana Pizza;6
30/08/2015;The Napolitana Pizza;6
30/08/2015;The Pepper Salami Pizza;1
30/08/2015;The Pepperoni Pizza;8
30/08/2015;The Pepperoni, Mushroom, and Peppers Pizza;3
30/08/2015;The Prosciutto and Arugula Pizza;2
30/08/2015;The Sicilian Pizza;2
30/08/2015;The Soppressata Pizza;2
30/08/2015;The Southwest Chicken Pizza;5
30/08/2015;The Spicy Italian Pizza;2
30/08/2015;The Spinach Pesto Pizza;1
30/08/2015;The Spinach Supreme Pizza;1
30/08/2015;The Spinach and Feta Pizza;2
30/08/2015;The Thai Chicken Pizza;3
30/08/2015;The Vegetables + Vegetables Pizza;3
31/08/2015;The Barbecue Chicken Pizza;3
31/08/2015;The Big Meat Pizza;2
31/08/2015;The Brie Carre Pizza;1
31/08/2015;The Calabrese Pizza;2
31/08/2015;The California Chicken Pizza;9
31/08/2015;The Chicken Alfredo Pizza;4
31/08/2015;The Chicken Pesto Pizza;3
31/08/2015;The Classic Deluxe Pizza;8
31/08/2015;The Five Cheese Pizza;4
31/08/2015;The Four Cheese Pizza;3
31/08/2015;The Greek Pizza;2
31/08/2015;The Green Garden Pizza;2
31/08/2015;The Hawaiian Pizza;4
31/08/2015;The Italian Capocollo Pizza;6
31/08/2015;The Italian Supreme Pizza;6
31/08/2015;The Italian Vegetables Pizza;2
31/08/2015;The Mediterranean Pizza;1
31/08/2015;The Mexicana Pizza;4
31/08/2015;The Napolitana Pizza;2
31/08/2015;The Pepper Salami Pizza;3
31/08/2015;The Pepperoni Pizza;7
31/08/2015;The Pepperoni, Mushroom, and Peppers Pizza;5
31/08/2015;The Prosciutto and Arugula Pizza;5
31/08/2015;The Sicilian Pizza;1
31/08/2015;The Soppressata Pizza;1
31/08/2015;The Southwest Chicken Pizza;9
31/08/2015;The Spicy Italian Pizza;6
31/08/2015;The Spinach Pesto Pizza;1
31/08/2015;The Spinach Supreme Pizza;2
31/08/2015;The Spinach and Feta Pizza;5
31/08/2015;The Thai Chicken Pizza;5
31/08/2015;The Vegetables + Vegetables Pizza;8
01/09/2015;The Barbecue Chicken Pizza;11
01/09/2015;The Big Meat Pizza;7
01/09/2015;The Brie Carre Pizza;1
01/09/2015;The Calabrese Pizza;5
01/09/2015;The California Chicken Pizza;4
01/09/2015;The Chicken Alfredo Pizza;2
01/09/2015;The Chicken Pesto Pizza;0
01/09/2015;The Classic Deluxe Pizza;8
01/09/2015;The Five Cheese Pizza;3
01/09/2015;The Four Cheese Pizza;3
01/09/2015;The Greek Pizza;3
01/09/2015;The Green Garden Pizza;3
01/09/2015;The Hawaiian Pizza;6
01/09/2015;The Italian Capocollo Pizza;5
01/09/2015;The Italian Supreme Pizza;7
01/09/2015;The Italian Vegetables Pizza;2
01/09/2015;The Mediterranean Pizza;4
01/09/2015;The Mexicana Pizza;1
01/09/2015;The Napolitana Pizza;6
01/09/2015;The Pepper Salami Pizza;3
01/09/2015;The Pepperoni Pizza;6
01/09/2015;The Pepperoni, Mushroom, and Peppers Pizza;5
01/09/2015;The Prosciutto and Arugula Pizza;7
01/09/2015;The Sicilian Pizza;5
01/09/2015;The Soppressata Pizza;3
01/09/2015;The Southwest Chicken Pizza;5
01/09/2015;The Spicy Italian Pizza;3
01/09/2015;The Spinach Pesto Pizza;3
01/09/2015;The Spinach Supreme Pizza;5
01/09/2015;The Spinach and Feta Pizza;4
01/09/2015;The Thai Chicken Pizza;9
01/09/2015;The Vegetables + Vegetables Pizza;7
02/09/2015;The Barbecue Chicken Pizza;6
02/09/2015;The Big Meat Pizza;2
02/09/2015;The Brie Carre Pizza;1
02/09/2015;The Calabrese Pizza;2
02/09/2015;The California Chicken Pizza;6
02/09/2015;The Chicken Alfredo Pizza;7
02/09/2015;The Chicken Pesto Pizza;3
02/09/2015;The Classic Deluxe Pizza;7
02/09/2015;The Five Cheese Pizza;4
02/09/2015;The Four Cheese Pizza;8
02/09/2015;The Greek Pizza;3
02/09/2015;The Green Garden Pizza;1
02/09/2015;The Hawaiian Pizza;4
02/09/2015;The Italian Capocollo Pizza;3
02/09/2015;The Italian Supreme Pizza;2
02/09/2015;The Italian Vegetables Pizza;2
02/09/2015;The Mediterranean Pizza;1
02/09/2015;The Mexicana Pizza;2
02/09/2015;The Napolitana Pizza;2
02/09/2015;The Pepper Salami Pizza;2
02/09/2015;The Pepperoni Pizza;6
02/09/2015;The Pepperoni, Mushroom, and Peppers Pizza;1
02/09/2015;The Prosciutto and Arugula Pizza;3
02/09/2015;The Sicilian Pizza;5
02/09/2015;The Soppressata Pizza;1
02/09/2015;The Southwest Chicken Pizza;4
02/09/2015;The Spicy Italian Pizza;4
02/09/2015;The Spinach Pesto Pizza;4
02/09/2015;The Spinach Supreme Pizza;0
02/09/2015;The Spinach and Feta Pizza;4
02/09/2015;The Thai Chicken Pizza;9
02/09/2015;The Vegetables + Vegetables Pizza;2
03/09/2015;The Barbecue Chicken Pizza;8
03/09/2015;The Big Meat Pizza;4
03/09/2015;The Brie Carre Pizza;3
03/09/2015;The Calabrese Pizza;1
03/09/2015;The California Chicken Pizza;7
03/09/2015;The Chicken Alfredo Pizza;2
03/09/2015;The Chicken Pesto Pizza;4
03/09/2015;The Classic Deluxe Pizza;8
03/09/2015;The Five Cheese Pizza;6
03/09/2015;The Four Cheese Pizza;4
03/09/2015;The Greek Pizza;3
03/09/2015;The Green Garden Pizza;4
03/09/2015;The Hawaiian Pizza;7
03/09/2015;The Italian Capocollo Pizza;6
03/09/2015;The Italian Supreme Pizza;2
03/09/2015;The Italian Vegetables Pizza;1
03/09/2015;The Mediterranean Pizza;3
03/09/2015;The Mexicana Pizza;1
03/09/2015;The Napolitana Pizza;8
03/09/2015;The Pepper Salami Pizza;5
03/09/2015;The Pepperoni Pizza;6
03/09/2015;The Pepperoni, Mushroom, and Peppers Pizza;7
03/09/2015;The Prosciutto and Arugula Pizza;5
03/09/2015;The Sicilian Pizza;6
03/09/2015;The Soppressata Pizza;0
03/09/2015;The Southwest Chicken Pizza;3
03/09/2015;The Spicy Italian Pizza;4
03/09/2015;The Spinach Pesto Pizza;2
03/09/2015;The Spinach Supreme Pizza;1
03/09/2015;The Spinach and Feta Pizza;5
03/09/2015;The Thai Chicken Pizza;6
03/09/2015;The Vegetables + Vegetables Pizza;6
04/09/2015;The Barbecue Chicken Pizza;12
04/09/2015;The Big Meat Pizza;7
04/09/2015;The Brie Carre Pizza;5
04/09/2015;The Calabrese Pizza;0
04/09/2015;The California Chicken Pizza;3
04/09/2015;The Chicken Alfredo Pizza;4
04/09/2015;The Chicken Pesto Pizza;6
04/09/2015;The Classic Deluxe Pizza;5
04/09/2015;The Five Cheese Pizza;6
04/09/2015;The Four Cheese Pizza;12
04/09/2015;The Greek Pizza;3
04/09/2015;The Green Garden Pizza;6
04/09/2015;The Hawaiian Pizza;12
04/09/2015;The Italian Capocollo Pizza;8
04/09/2015;The Italian Supreme Pizza;4
04/09/2015;The Italian Vegetables Pizza;1
04/09/2015;The Mediterranean Pizza;1
04/09/2015;The Mexicana Pizza;6
04/09/2015;The Napolitana Pizza;2
04/09/2015;The Pepper Salami Pizza;3
04/09/2015;The Pepperoni Pizza;13
04/09/2015;The Pepperoni, Mushroom, and Peppers Pizza;5
04/09/2015;The Prosciutto and Arugula Pizza;5
04/09/2015;The Sicilian Pizza;8
04/09/2015;The Soppressata Pizza;3
04/09/2015;The Southwest Chicken Pizza;5
04/09/2015;The Spicy Italian Pizza;4
04/09/2015;The Spinach Pesto Pizza;6
04/09/2015;The Spinach Supreme Pizza;3
04/09/2015;The Spinach and Feta Pizza;4
04/09/2015;The Thai Chicken Pizza;11
04/09/2015;The Vegetables + Vegetables Pizza;6
05/09/2015;The Barbecue Chicken Pizza;9
05/09/2015;The Big Meat Pizza;2
05/09/2015;The Brie Carre Pizza;2
05/09/2015;The Calabrese Pizza;2
05/09/2015;The California Chicken Pizza;5
05/09/2015;The Chicken Alfredo Pizza;3
05/09/2015;The Chicken Pesto Pizza;2
05/09/2015;The Classic Deluxe Pizza;9
05/09/2015;The Five Cheese Pizza;2
05/09/2015;The Four Cheese Pizza;6
05/09/2015;The Greek Pizza;5
05/09/2015;The Green Garden Pizza;6
05/09/2015;The Hawaiian Pizza;14
05/09/2015;The Italian Capocollo Pizza;6
05/09/2015;The Italian Supreme Pizza;6
05/09/2015;The Italian Vegetables Pizza;1
05/09/2015;The Mediterranean Pizza;5
05/09/2015;The Mexicana Pizza;4
05/09/2015;The Napolitana Pizza;3
05/09/2015;The Pepper Salami Pizza;5
05/09/2015;The Pepperoni Pizza;8
05/09/2015;The Pepperoni, Mushroom, and Peppers Pizza;1
05/09/2015;The Prosciutto and Arugula Pizza;3
05/09/2015;The Sicilian Pizza;7
05/09/2015;The Soppressata Pizza;6
05/09/2015;The Southwest Chicken Pizza;7
05/09/2015;The Spicy Italian Pizza;7
05/09/2015;The Spinach Pesto Pizza;0
05/09/2015;The Spinach Supreme Pizza;2
05/09/2015;The Spinach and Feta Pizza;3
05/09/2015;The Thai Chicken Pizza;7
05/09/2015;The Vegetables + Vegetables Pizza;5
06/09/2015;The Barbecue Chicken Pizza;3
06/09/2015;The Big Meat Pizza;2
06/09/2015;The Brie Carre Pizza;1
06/09/2015;The Calabrese Pizza;1
06/09/2015;The California Chicken Pizza;3
06/09/2015;The Chicken Alfredo Pizza;0
06/09/2015;The Chicken Pesto Pizza;0
06/09/2015;The Classic Deluxe Pizza;6
06/09/2015;The Five Cheese Pizza;3
06/09/2015;The Four Cheese Pizza;7
06/09/2015;The Greek Pizza;3
06/09/2015;The Green Garden Pizza;3
06/09/2015;The Hawaiian Pizza;5
06/09/2015;The Italian Capocollo Pizza;2
06/09/2015;The Italian Supreme Pizza;6
06/09/2015;The Italian Vegetables Pizza;4
06/09/2015;The Mediterranean Pizza;0
06/09/2015;The Mexicana Pizza;5
06/09/2015;The Napolitana Pizza;3
06/09/2015;The Pepper Salami Pizza;1
06/09/2015;The Pepperoni Pizza;5
06/09/2015;The Pepperoni, Mushroom, and Peppers Pizza;4
06/09/2015;The Prosciutto and Arugula Pizza;2
06/09/2015;The Sicilian Pizza;4
06/09/2015;The Soppressata Pizza;2
06/09/2015;The Southwest Chicken Pizza;3
06/09/2015;The Spicy Italian Pizza;2
06/09/2015;The Spinach Pesto Pizza;1
06/09/2015;The Spinach Supreme Pizza;2
06/09/2015;The Spinach and Feta Pizza;2
06/09/2015;The Thai Chicken Pizza;5
06/09/2015;The Vegetables + Vegetables Pizza;2
07/09/2015;The Barbecue Chicken Pizza;5
07/09/2015;The Big Meat Pizza;8
07/09/2015;The Brie Carre Pizza;1
07/09/2015;The Calabrese Pizza;1
07/09/2015;The California Chicken Pizza;6
07/09/2015;The Chicken Alfredo Pizza;3
07/09/2015;The Chicken Pesto Pizza;2
07/09/2015;The Classic Deluxe Pizza;6
07/09/2015;The Five Cheese Pizza;5
07/09/2015;The Four Cheese Pizza;1
07/09/2015;The Greek Pizza;4
07/09/2015;The Green Garden Pizza;4
07/09/2015;The Hawaiian Pizza;8
07/09/2015;The Italian Capocollo Pizza;3
07/09/2015;The Italian Supreme Pizza;9
07/09/2015;The Italian Vegetables Pizza;2
07/09/2015;The Mediterranean Pizza;2
07/09/2015;The Mexicana Pizza;3
07/09/2015;The Napolitana Pizza;3
07/09/2015;The Pepper Salami Pizza;6
07/09/2015;The Pepperoni Pizza;6
07/09/2015;The Pepperoni, Mushroom, and Peppers Pizza;8
07/09/2015;The Prosciutto and Arugula Pizza;4
07/09/2015;The Sicilian Pizza;5
07/09/2015;The Soppressata Pizza;1
07/09/2015;The Southwest Chicken Pizza;9
07/09/2015;The Spicy Italian Pizza;8
07/09/2015;The Spinach Pesto Pizza;4
07/09/2015;The Spinach Supreme Pizza;3
07/09/2015;The Spinach and Feta Pizza;2
07/09/2015;The Thai Chicken Pizza;7
07/09/2015;The Vegetables + Vegetables Pizza;1
08/09/2015;The Barbecue Chicken Pizza;6
08/09/2015;The Big Meat Pizza;3
08/09/2015;The Brie Carre Pizza;1
08/09/2015;The Calabrese Pizza;2
08/09/2015;The California Chicken Pizza;6
08/09/2015;The Chicken Alfredo Pizza;0
08/09/2015;The Chicken Pesto Pizza;4
08/09/2015;The Classic Deluxe Pizza;7
08/09/2015;The Five Cheese Pizza;5
08/09/2015;The Four Cheese Pizza;6
08/09/2015;The Greek Pizza;4
08/09/2015;The Green Garden Pizza;6
08/09/2015;The Hawaiian Pizza;3
08/09/2015;The Italian Capocollo Pizza;2
08/09/2015;The Italian Supreme Pizza;6
08/09/2015;The Italian Vegetables Pizza;3
08/09/2015;The Mediterranean Pizza;1
08/09/2015;The Mexicana Pizza;6
08/09/2015;The Napolitana Pizza;3
08/09/2015;The Pepper Salami Pizza;6
08/09/2015;The Pepperoni Pizza;8
08/09/2015;The Pepperoni, Mushroom, and Peppers Pizza;3
08/09/2015;The Prosciutto and Arugula Pizza;2
08/09/2015;The Sicilian Pizza;3
08/09/2015;The Soppressata Pizza;3
08/09/2015;The Southwest Chicken Pizza;4
08/09/2015;The Spicy Italian Pizza;9
08/09/2015;The Spinach Pesto Pizza;6
08/09/2015;The Spinach Supreme Pizza;0
08/09/2015;The Spinach and Feta Pizza;3
08/09/2015;The Thai Chicken Pizza;9
08/09/2015;The Vegetables + Vegetables Pizza;3
09/09/2015;The Barbecue Chicken Pizza;3
09/09/2015;The Big Meat Pizza;8
09/09/2015;The Brie Carre Pizza;1
09/09/2015;The Calabrese Pizza;0
09/09/2015;The California Chicken Pizza;7
09/09/2015;The Chicken Alfredo Pizza;5
09/09/2015;The Chicken Pesto Pizza;3
09/09/2015;The Classic Deluxe Pizza;10
09/09/2015;The Five Cheese Pizza;3
09/09/2015;The Four Cheese Pizza;8
09/09/2015;The Greek Pizza;4
09/09/2015;The Green Garden Pizza;3
09/09/2015;The Hawaiian Pizza;7
09/09/2015;The Italian Capocollo Pizza;6
09/09/2015;The Italian Supreme Pizza;4
09/09/2015;The Italian Vegetables Pizza;5
09/09/2015;The Mediterranean Pizza;3
09/09/2015;The Mexicana Pizza;5
09/09/2015;The Napolitana Pizza;4
09/09/2015;The Pepper Salami Pizza;3
09/09/2015;The Pepperoni Pizza;6
09/09/2015;The Pepperoni, Mushroom, and Peppers Pizza;6
09/09/2015;The Prosciutto and Arugula Pizza;8
09/09/2015;The Sicilian Pizza;11
09/09/2015;The Soppressata Pizza;3
09/09/2015;The Southwest Chicken Pizza;5
09/09/2015;The Spicy Italian Pizza;3
09/09/2015;The Spinach Pesto Pizza;6
09/09/2015;The Spinach Supreme Pizza;1
09/09/2015;The Spinach and Feta Pizza;4
09/09/2015;The Thai Chicken Pizza;9
09/09/2015;The Vegetables + Vegetables Pizza;3
10/09/2015;The Barbecue Chicken Pizza;9
10/09/2015;The Big Meat Pizza;8
10/09/2015;The Brie Carre Pizza;1
10/09/2015;The Calabrese Pizza;2
10/09/2015;The California Chicken Pizza;10
10/09/2015;The Chicken Alfredo Pizza;2
10/09/2015;The Chicken Pesto Pizza;2
10/09/2015;The Classic Deluxe Pizza;3
10/09/2015;The Five Cheese Pizza;3
10/09/2015;The Four Cheese Pizza;7
10/09/2015;The Greek Pizza;5
10/09/2015;The Green Garden Pizza;1
10/09/2015;The Hawaiian Pizza;11
10/09/2015;The Italian Capocollo Pizza;3
10/09/2015;The Italian Supreme Pizza;8
10/09/2015;The Italian Vegetables Pizza;7
10/09/2015;The Mediterranean Pizza;3
10/09/2015;The Mexicana Pizza;4
10/09/2015;The Napolitana Pizza;3
10/09/2015;The Pepper Salami Pizza;5
10/09/2015;The Pepperoni Pizza;8
10/09/2015;The Pepperoni, Mushroom, and Peppers Pizza;4
10/09/2015;The Prosciutto and Arugula Pizza;3
10/09/2015;The Sicilian Pizza;2
10/09/2015;The Soppressata Pizza;5
10/09/2015;The Southwest Chicken Pizza;5
10/09/2015;The Spicy Italian Pizza;3
10/09/2015;The Spinach Pesto Pizza;5
10/09/2015;The Spinach Supreme Pizza;2
10/09/2015;The Spinach and Feta Pizza;1
10/09/2015;The Thai Chicken Pizza;5
10/09/2015;The Vegetables + Vegetables Pizza;8
11/09/2015;The Barbecue Chicken Pizza;7
11/09/2015;The Big Meat Pizza;4
11/09/2015;The Brie Carre Pizza;5
11/09/2015;The Calabrese Pizza;0
11/09/2015;The California Chicken Pizza;7
11/09/2015;The Chicken Alfredo Pizza;1
11/09/2015;The Chicken Pesto Pizza;2
11/09/2015;The Classic Deluxe Pizza;10
11/09/2015;The Five Cheese Pizza;8
11/09/2015;The Four Cheese Pizza;2
11/09/2015;The Greek Pizza;4
11/09/2015;The Green Garden Pizza;7
11/09/2015;The Hawaiian Pizza;3
11/09/2015;The Italian Capocollo Pizza;6
11/09/2015;The Italian Supreme Pizza;8
11/09/2015;The Italian Vegetables Pizza;1
11/09/2015;The Mediterranean Pizza;6
11/09/2015;The Mexicana Pizza;5
11/09/2015;The Napolitana Pizza;2
11/09/2015;The Pepper Salami Pizza;7
11/09/2015;The Pepperoni Pizza;7
11/09/2015;The Pepperoni, Mushroom, and Peppers Pizza;5
11/09/2015;The Prosciutto and Arugula Pizza;5
11/09/2015;The Sicilian Pizza;5
11/09/2015;The Soppressata Pizza;1
11/09/2015;The Southwest Chicken Pizza;8
11/09/2015;The Spicy Italian Pizza;7
11/09/2015;The Spinach Pesto Pizza;5
11/09/2015;The Spinach Supreme Pizza;3
11/09/2015;The Spinach and Feta Pizza;12
11/09/2015;The Thai Chicken Pizza;8
11/09/2015;The Vegetables + Vegetables Pizza;6
12/09/2015;The Barbecue Chicken Pizza;4
12/09/2015;The Big Meat Pizza;3
12/09/2015;The Brie Carre Pizza;1
12/09/2015;The Calabrese Pizza;6
12/09/2015;The California Chicken Pizza;9
12/09/2015;The Chicken Alfredo Pizza;3
12/09/2015;The Chicken Pesto Pizza;5
12/09/2015;The Classic Deluxe Pizza;3
12/09/2015;The Five Cheese Pizza;8
12/09/2015;The Four Cheese Pizza;5
12/09/2015;The Greek Pizza;2
12/09/2015;The Green Garden Pizza;4
12/09/2015;The Hawaiian Pizza;13
12/09/2015;The Italian Capocollo Pizza;5
12/09/2015;The Italian Supreme Pizza;6
12/09/2015;The Italian Vegetables Pizza;3
12/09/2015;The Mediterranean Pizza;4
12/09/2015;The Mexicana Pizza;3
12/09/2015;The Napolitana Pizza;4
12/09/2015;The Pepper Salami Pizza;7
12/09/2015;The Pepperoni Pizza;9
12/09/2015;The Pepperoni, Mushroom, and Peppers Pizza;4
12/09/2015;The Prosciutto and Arugula Pizza;6
12/09/2015;The Sicilian Pizza;5
12/09/2015;The Soppressata Pizza;2
12/09/2015;The Southwest Chicken Pizza;6
12/09/2015;The Spicy Italian Pizza;2
12/09/2015;The Spinach Pesto Pizza;1
12/09/2015;The Spinach Supreme Pizza;1
12/09/2015;The Spinach and Feta Pizza;5
12/09/2015;The Thai Chicken Pizza;8
12/09/2015;The Vegetables + Vegetables Pizza;9
13/09/2015;The Barbecue Chicken Pizza;6
13/09/2015;The Big Meat Pizza;4
13/09/2015;The Brie Carre Pizza;3
13/09/2015;The Calabrese Pizza;3
13/09/2015;The California Chicken Pizza;6
13/09/2015;The Chicken Alfredo Pizza;2
13/09/2015;The Chicken Pesto Pizza;5
13/09/2015;The Classic Deluxe Pizza;4
13/09/2015;The Five Cheese Pizza;5
13/09/2015;The Four Cheese Pizza;3
13/09/2015;The Greek Pizza;1
13/09/2015;The Green Garden Pizza;1
13/09/2015;The Hawaiian Pizza;1
13/09/2015;The Italian Capocollo Pizza;2
13/09/2015;The Italian Supreme Pizza;2
13/09/2015;The Italian Vegetables Pizza;1
13/09/2015;The Mediterranean Pizza;4
13/09/2015;The Mexicana Pizza;2
13/09/2015;The Napolitana Pizza;4
13/09/2015;The Pepper Salami Pizza;2
13/09/2015;The Pepperoni Pizza;7
13/09/2015;The Pepperoni, Mushroom, and Peppers Pizza;3
13/09/2015;The Prosciutto and Arugula Pizza;4
13/09/2015;The Sicilian Pizza;3
13/09/2015;The Soppressata Pizza;2
13/09/2015;The Southwest Chicken Pizza;5
13/09/2015;The Spicy Italian Pizza;4
13/09/2015;The Spinach Pesto Pizza;3
13/09/2015;The Spinach Supreme Pizza;4
13/09/2015;The Spinach and Feta Pizza;3
13/09/2015;The Thai Chicken Pizza;8
13/09/2015;The Vegetables + Vegetables Pizza;1
14/09/2015;The Barbecue Chicken Pizza;4
14/09/2015;The Big Meat Pizza;6
14/09/2015;The Brie Carre Pizza;4
14/09/2015;The Calabrese Pizza;3
14/09/2015;The California Chicken Pizza;6
14/09/2015;The Chicken Alfredo Pizza;0
14/09/2015;The Chicken Pesto Pizza;5
14/09/2015;The Classic Deluxe Pizza;10
14/09/2015;The Five Cheese Pizza;4
14/09/2015;The Four Cheese Pizza;3
14/09/2015;The Greek Pizza;4
14/09/2015;The Green Garden Pizza;2
14/09/2015;The Hawaiian Pizza;6
14/09/2015;The Italian Capocollo Pizza;1
14/09/2015;The Italian Supreme Pizza;5
14/09/2015;The Italian Vegetables Pizza;2
14/09/2015;The Mediterranean Pizza;2
14/09/2015;The Mexicana Pizza;3
14/09/2015;The Napolitana Pizza;4
14/09/2015;The Pepper Salami Pizza;4
14/09/2015;The Pepperoni Pizza;4
14/09/2015;The Pepperoni, Mushroom, and Peppers Pizza;4
14/09/2015;The Prosciutto and Arugula Pizza;6
14/09/2015;The Sicilian Pizza;4
14/09/2015;The Soppressata Pizza;3
14/09/2015;The Southwest Chicken Pizza;7
14/09/2015;The Spicy Italian Pizza;9
14/09/2015;The Spinach Pesto Pizza;0
14/09/2015;The Spinach Supreme Pizza;2
14/09/2015;The Spinach and Feta Pizza;1
14/09/2015;The Thai Chicken Pizza;9
14/09/2015;The Vegetables + Vegetables Pizza;2
15/09/2015;The Barbecue Chicken Pizza;13
15/09/2015;The Big Meat Pizza;7
15/09/2015;The Brie Carre Pizza;0
15/09/2015;The Calabrese Pizza;3
15/09/2015;The California Chicken Pizza;7
15/09/2015;The Chicken Alfredo Pizza;4
15/09/2015;The Chicken Pesto Pizza;5
15/09/2015;The Classic Deluxe Pizza;12
15/09/2015;The Five Cheese Pizza;5
15/09/2015;The Four Cheese Pizza;8
15/09/2015;The Greek Pizza;3
15/09/2015;The Green Garden Pizza;1
15/09/2015;The Hawaiian Pizza;7
15/09/2015;The Italian Capocollo Pizza;0
15/09/2015;The Italian Supreme Pizza;2
15/09/2015;The Italian Vegetables Pizza;4
15/09/2015;The Mediterranean Pizza;4
15/09/2015;The Mexicana Pizza;6
15/09/2015;The Napolitana Pizza;6
15/09/2015;The Pepper Salami Pizza;4
15/09/2015;The Pepperoni Pizza;5
15/09/2015;The Pepperoni, Mushroom, and Peppers Pizza;6
15/09/2015;The Prosciutto and Arugula Pizza;3
15/09/2015;The Sicilian Pizza;6
15/09/2015;The Soppressata Pizza;2
15/09/2015;The Southwest Chicken Pizza;8
15/09/2015;The Spicy Italian Pizza;7
15/09/2015;The Spinach Pesto Pizza;6
15/09/2015;The Spinach Supreme Pizza;1
15/09/2015;The Spinach and Feta Pizza;7
15/09/2015;The Thai Chicken Pizza;4
15/09/2015;The Vegetables + Vegetables Pizza;2
16/09/2015;The Barbecue Chicken Pizza;7
16/09/2015;The Big Meat Pizza;4
16/09/2015;The Brie Carre Pizza;3
16/09/2015;The Calabrese Pizza;2
16/09/2015;The California Chicken Pizza;4
16/09/2015;The Chicken Alfredo Pizza;3
16/09/2015;The Chicken Pesto Pizza;3
16/09/2015;The Classic Deluxe Pizza;10
16/09/2015;The Five Cheese Pizza;2
16/09/2015;The Four Cheese Pizza;7
16/09/2015;The Greek Pizza;5
16/09/2015;The Green Garden Pizza;1
16/09/2015;The Hawaiian Pizza;7
16/09/2015;The Italian Capocollo Pizza;1
16/09/2015;The Italian Supreme Pizza;3
16/09/2015;The Italian Vegetables Pizza;2
16/09/2015;The Mediterranean Pizza;4
16/09/2015;The Mexicana Pizza;2
16/09/2015;The Napolitana Pizza;4
16/09/2015;The Pepper Salami Pizza;5
16/09/2015;The Pepperoni Pizza;6
16/09/2015;The Pepperoni, Mushroom, and Peppers Pizza;9
16/09/2015;The Prosciutto and Arugula Pizza;3
16/09/2015;The Sicilian Pizza;5
16/09/2015;The Soppressata Pizza;2
16/09/2015;The Southwest Chicken Pizza;6
16/09/2015;The Spicy Italian Pizza;4
16/09/2015;The Spinach Pesto Pizza;3
16/09/2015;The Spinach Supreme Pizza;3
16/09/2015;The Spinach and Feta Pizza;4
16/09/2015;The Thai Chicken Pizza;8
16/09/2015;The Vegetables + Vegetables Pizza;4
17/09/2015;The Barbecue Chicken Pizza;6
17/09/2015;The Big Meat Pizza;7
17/09/2015;The Brie Carre Pizza;2
17/09/2015;The Calabrese Pizza;5
17/09/2015;The California Chicken Pizza;7
17/09/2015;The Chicken Alfredo Pizza;4
17/09/2015;The Chicken Pesto Pizza;4
17/09/2015;The Classic Deluxe Pizza;8
17/09/2015;The Five Cheese Pizza;2
17/09/2015;The Four Cheese Pizza;7
17/09/2015;The Greek Pizza;2
17/09/2015;The Green Garden Pizza;4
17/09/2015;The Hawaiian Pizza;6
17/09/2015;The Italian Capocollo Pizza;3
17/09/2015;The Italian Supreme Pizza;3
17/09/2015;The Italian Vegetables Pizza;2
17/09/2015;The Mediterranean Pizza;2
17/09/2015;The Mexicana Pizza;3
17/09/2015;The Napolitana Pizza;4
17/09/2015;The Pepper Salami Pizza;3
17/09/2015;The Pepperoni Pizza;9
17/09/2015;The Pepperoni, Mushroom, and Peppers Pizza;7
17/09/2015;The Prosciutto and Arugula Pizza;3
17/09/2015;The Sicilian Pizza;3
17/09/2015;The Soppressata Pizza;1
17/09/2015;The Southwest Chicken Pizza;3
17/09/2015;The Spicy Italian Pizza;5
17/09/2015;The Spinach Pesto Pizza;3
17/09/2015;The Spinach Supreme Pizza;4
17/09/2015;The Spinach and Feta Pizza;5
17/09/2015;The Thai Chicken Pizza;6
17/09/2015;The Vegetables + Vegetables Pizza;5
18/09/2015;The Barbecue Chicken Pizza;4
18/09/2015;The Big Meat Pizza;4
18/09/2015;The Brie Carre Pizza;0
18/09/2015;The Calabrese Pizza;1
18/09/2015;The California Chicken Pizza;8
18/09/2015;The Chicken Alfredo Pizza;1
18/09/2015;The Chicken Pesto Pizza;6
18/09/2015;The Classic Deluxe Pizza;11
18/09/2015;The Five Cheese Pizza;9
18/09/2015;The Four Cheese Pizza;6
18/09/2015;The Greek Pizza;7
18/09/2015;The Green Garden Pizza;4
18/09/2015;The Hawaiian Pizza;8
18/09/2015;The Italian Capocollo Pizza;3
18/09/2015;The Italian Supreme Pizza;4
18/09/2015;The Italian Vegetables Pizza;4
18/09/2015;The Mediterranean Pizza;8
18/09/2015;The Mexicana Pizza;2
18/09/2015;The Napolitana Pizza;4
18/09/2015;The Pepper Salami Pizza;5
18/09/2015;The Pepperoni Pizza;12
18/09/2015;The Pepperoni, Mushroom, and Peppers Pizza;2
18/09/2015;The Prosciutto and Arugula Pizza;5
18/09/2015;The Sicilian Pizza;7
18/09/2015;The Soppressata Pizza;1
18/09/2015;The Southwest Chicken Pizza;7
18/09/2015;The Spicy Italian Pizza;8
18/09/2015;The Spinach Pesto Pizza;2
18/09/2015;The Spinach Supreme Pizza;2
18/09/2015;The Spinach and Feta Pizza;3
18/09/2015;The Thai Chicken Pizza;9
18/09/2015;The Vegetables + Vegetables Pizza;7
19/09/2015;The Barbecue Chicken Pizza;11
19/09/2015;The Big Meat Pizza;4
19/09/2015;The Brie Carre Pizza;1
19/09/2015;The Calabrese Pizza;5
19/09/2015;The California Chicken Pizza;13
19/09/2015;The Chicken Alfredo Pizza;5
19/09/2015;The Chicken Pesto Pizza;3
19/09/2015;The Classic Deluxe Pizza;3
19/09/2015;The Five Cheese Pizza;5
19/09/2015;The Four Cheese Pizza;4
19/09/2015;The Greek Pizza;3
19/09/2015;The Green Garden Pizza;1
19/09/2015;The Hawaiian Pizza;8
19/09/2015;The Italian Capocollo Pizza;4
19/09/2015;The Italian Supreme Pizza;8
19/09/2015;The Italian Vegetables Pizza;3
19/09/2015;The Mediterranean Pizza;2
19/09/2015;The Mexicana Pizza;4
19/09/2015;The Napolitana Pizza;6
19/09/2015;The Pepper Salami Pizza;2
19/09/2015;The Pepperoni Pizza;11
19/09/2015;The Pepperoni, Mushroom, and Peppers Pizza;1
19/09/2015;The Prosciutto and Arugula Pizza;6
19/09/2015;The Sicilian Pizza;1
19/09/2015;The Soppressata Pizza;2
19/09/2015;The Southwest Chicken Pizza;5
19/09/2015;The Spicy Italian Pizza;4
19/09/2015;The Spinach Pesto Pizza;3
19/09/2015;The Spinach Supreme Pizza;4
19/09/2015;The Spinach and Feta Pizza;4
19/09/2015;The Thai Chicken Pizza;3
19/09/2015;The Vegetables + Vegetables Pizza;2
20/09/2015;The Barbecue Chicken Pizza;4
20/09/2015;The Big Meat Pizza;1
20/09/2015;The Brie Carre Pizza;0
20/09/2015;The Calabrese Pizza;3
20/09/2015;The California Chicken Pizza;4
20/09/2015;The Chicken Alfredo Pizza;3
20/09/2015;The Chicken Pesto Pizza;4
20/09/2015;The Classic Deluxe Pizza;3
20/09/2015;The Five Cheese Pizza;3
20/09/2015;The Four Cheese Pizza;6
20/09/2015;The Greek Pizza;4
20/09/2015;The Green Garden Pizza;2
20/09/2015;The Hawaiian Pizza;5
20/09/2015;The Italian Capocollo Pizza;8
20/09/2015;The Italian Supreme Pizza;7
20/09/2015;The Italian Vegetables Pizza;0
20/09/2015;The Mediterranean Pizza;1
20/09/2015;The Mexicana Pizza;5
20/09/2015;The Napolitana Pizza;3
20/09/2015;The Pepper Salami Pizza;2
20/09/2015;The Pepperoni Pizza;7
20/09/2015;The Pepperoni, Mushroom, and Peppers Pizza;3
20/09/2015;The Prosciutto and Arugula Pizza;1
20/09/2015;The Sicilian Pizza;8
20/09/2015;The Soppressata Pizza;2
20/09/2015;The Southwest Chicken Pizza;5
20/09/2015;The Spicy Italian Pizza;2
20/09/2015;The Spinach Pesto Pizza;0
20/09/2015;The Spinach Supreme Pizza;0
20/09/2015;The Spinach and Feta Pizza;5
20/09/2015;The Thai Chicken Pizza;5
20/09/2015;The Vegetables + Vegetables Pizza;2
21/09/2015;The Barbecue Chicken Pizza;10
21/09/2015;The Big Meat Pizza;6
21/09/2015;The Brie Carre Pizza;0
21/09/2015;The Calabrese Pizza;1
21/09/2015;The California Chicken Pizza;4
21/09/2015;The Chicken Alfredo Pizza;3
21/09/2015;The Chicken Pesto Pizza;3
21/09/2015;The Classic Deluxe Pizza;7
21/09/2015;The Five Cheese Pizza;2
21/09/2015;The Four Cheese Pizza;8
21/09/2015;The Greek Pizza;2
21/09/2015;The Green Garden Pizza;5
21/09/2015;The Hawaiian Pizza;11
21/09/2015;The Italian Capocollo Pizza;1
21/09/2015;The Italian Supreme Pizza;2
21/09/2015;The Italian Vegetables Pizza;2
21/09/2015;The Mediterranean Pizza;0
21/09/2015;The Mexicana Pizza;3
21/09/2015;The Napolitana Pizza;9
21/09/2015;The Pepper Salami Pizza;3
21/09/2015;The Pepperoni Pizza;6
21/09/2015;The Pepperoni, Mushroom, and Peppers Pizza;5
21/09/2015;The Prosciutto and Arugula Pizza;2
21/09/2015;The Sicilian Pizza;4
21/09/2015;The Soppressata Pizza;3
21/09/2015;The Southwest Chicken Pizza;8
21/09/2015;The Spicy Italian Pizza;3
21/09/2015;The Spinach Pesto Pizza;3
21/09/2015;The Spinach Supreme Pizza;7
21/09/2015;The Spinach and Feta Pizza;4
21/09/2015;The Thai Chicken Pizza;4
21/09/2015;The Vegetables + Vegetables Pizza;1
22/09/2015;The Barbecue Chicken Pizza;4
22/09/2015;The Big Meat Pizza;2
22/09/2015;The Brie Carre Pizza;0
22/09/2015;The Calabrese Pizza;4
22/09/2015;The California Chicken Pizza;10
22/09/2015;The Chicken Alfredo Pizza;4
22/09/2015;The Chicken Pesto Pizza;0
22/09/2015;The Classic Deluxe Pizza;5
22/09/2015;The Five Cheese Pizza;3
22/09/2015;The Four Cheese Pizza;1
22/09/2015;The Greek Pizza;10
22/09/2015;The Green Garden Pizza;5
22/09/2015;The Hawaiian Pizza;5
22/09/2015;The Italian Capocollo Pizza;3
22/09/2015;The Italian Supreme Pizza;3
22/09/2015;The Italian Vegetables Pizza;2
22/09/2015;The Mediterranean Pizza;3
22/09/2015;The Mexicana Pizza;5
22/09/2015;The Napolitana Pizza;6
22/09/2015;The Pepper Salami Pizza;1
22/09/2015;The Pepperoni Pizza;6
22/09/2015;The Pepperoni, Mushroom, and Peppers Pizza;5
22/09/2015;The Prosciutto and Arugula Pizza;6
22/09/2015;The Sicilian Pizza;3
22/09/2015;The Soppressata Pizza;7
22/09/2015;The Southwest Chicken Pizza;4
22/09/2015;The Spicy Italian Pizza;6
22/09/2015;The Spinach Pesto Pizza;3
22/09/2015;The Spinach Supreme Pizza;4
22/09/2015;The Spinach and Feta Pizza;3
22/09/2015;The Thai Chicken Pizza;5
22/09/2015;The Vegetables + Vegetables Pizza;3
23/09/2015;The Barbecue Chicken Pizza;5
23/09/2015;The Big Meat Pizza;9
23/09/2015;The Brie Carre Pizza;1
23/09/2015;The Calabrese Pizza;2
23/09/2015;The California Chicken Pizza;5
23/09/2015;The Chicken Alfredo Pizza;2
23/09/2015;The Chicken Pesto Pizza;2
23/09/2015;The Classic Deluxe Pizza;12
23/09/2015;The Five Cheese Pizza;2
23/09/2015;The Four Cheese Pizza;2
23/09/2015;The Greek Pizza;4
23/09/2015;The Green Garden Pizza;2
23/09/2015;The Hawaiian Pizza;10
23/09/2015;The Italian Capocollo Pizza;5
23/09/2015;The Italian Supreme Pizza;8
23/09/2015;The Italian Vegetables Pizza;2
23/09/2015;The Mediterranean Pizza;4
23/09/2015;The Mexicana Pizza;2
23/09/2015;The Napolitana Pizza;8
23/09/2015;The Pepper Salami Pizza;2
23/09/2015;The Pepperoni Pizza;5
23/09/2015;The Pepperoni, Mushroom, and Peppers Pizza;2
23/09/2015;The Prosciutto and Arugula Pizza;2
23/09/2015;The Sicilian Pizza;6
23/09/2015;The Soppressata Pizza;2
23/09/2015;The Southwest Chicken Pizza;4
23/09/2015;The Spicy Italian Pizza;2
23/09/2015;The Spinach Pesto Pizza;3
23/09/2015;The Spinach Supreme Pizza;5
23/09/2015;The Spinach and Feta Pizza;4
23/09/2015;The Thai Chicken Pizza;6
23/09/2015;The Vegetables + Vegetables Pizza;3
24/09/2015;The Barbecue Chicken Pizza;0
24/09/2015;The Big Meat Pizza;0
24/09/2015;The Brie Carre Pizza;0
24/09/2015;The Calabrese Pizza;0
24/09/2015;The California Chicken Pizza;0
24/09/2015;The Chicken Alfredo Pizza;0
24/09/2015;The Chicken Pesto Pizza;0
24/09/2015;The Classic Deluxe Pizza;0
24/09/2015;The Five Cheese Pizza;0
24/09/2015;The Four Cheese Pizza;0
24/09/2015;The Greek Pizza;0
24/09/2015;The Green Garden Pizza;0
24/09/2015;The Hawaiian Pizza;0
24/09/2015;The Italian Capocollo Pizza;0
24/09/2015;The Italian Supreme Pizza;0
24/09/2015;The Italian Vegetables Pizza;0
24/09/2015;The Mediterranean Pizza;0
24/09/2015;The Mexicana Pizza;0
24/09/2015;The Napolitana Pizza;0
24/09/2015;The Pepper Salami Pizza;0
24/09/2015;The Pepperoni Pizza;0
24/09/2015;The Pepperoni, Mushroom, and Peppers Pizza;0
24/09/2015;The Prosciutto and Arugula Pizza;0
24/09/2015;The Sicilian Pizza;0
24/09/2015;The Soppressata Pizza;0
24/09/2015;The Southwest Chicken Pizza;0
24/09/2015;The Spicy Italian Pizza;0
24/09/2015;The Spinach Pesto Pizza;0
24/09/2015;The Spinach Supreme Pizza;0
24/09/2015;The Spinach and Feta Pizza;0
24/09/2015;The Thai Chicken Pizza;0
24/09/2015;The Vegetables + Vegetables Pizza;0
25/09/2015;The Barbecue Chicken Pizza;0
25/09/2015;The Big Meat Pizza;0
25/09/2015;The Brie Carre Pizza;0
25/09/2015;The Calabrese Pizza;0
25/09/2015;The California Chicken Pizza;0
25/09/2015;The Chicken Alfredo Pizza;0
25/09/2015;The Chicken Pesto Pizza;0
25/09/2015;The Classic Deluxe Pizza;0
25/09/2015;The Five Cheese Pizza;0
25/09/2015;The Four Cheese Pizza;0
25/09/2015;The Greek Pizza;0
25/09/2015;The Green Garden Pizza;0
25/09/2015;The Hawaiian Pizza;0
25/09/2015;The Italian Capocollo Pizza;0
25/09/2015;The Italian Supreme Pizza;0
25/09/2015;The Italian Vegetables Pizza;0
25/09/2015;The Mediterranean Pizza;0
25/09/2015;The Mexicana Pizza;0
25/09/2015;The Napolitana Pizza;0
25/09/2015;The Pepper Salami Pizza;0
25/09/2015;The Pepperoni Pizza;0
25/09/2015;The Pepperoni, Mushroom, and Peppers Pizza;0
25/09/2015;The Prosciutto and Arugula Pizza;0
25/09/2015;The Sicilian Pizza;0
25/09/2015;The Soppressata Pizza;0
25/09/2015;The Southwest Chicken Pizza;0
25/09/2015;The Spicy Italian Pizza;0
25/09/2015;The Spinach Pesto Pizza;0
25/09/2015;The Spinach Supreme Pizza;0
25/09/2015;The Spinach and Feta Pizza;0
25/09/2015;The Thai Chicken Pizza;0
25/09/2015;The Vegetables + Vegetables Pizza;0
26/09/2015;The Barbecue Chicken Pizza;9
26/09/2015;The Big Meat Pizza;10
26/09/2015;The Brie Carre Pizza;0
26/09/2015;The Calabrese Pizza;2
26/09/2015;The California Chicken Pizza;5
26/09/2015;The Chicken Alfredo Pizza;3
26/09/2015;The Chicken Pesto Pizza;2
26/09/2015;The Classic Deluxe Pizza;8
26/09/2015;The Five Cheese Pizza;4
26/09/2015;The Four Cheese Pizza;5
26/09/2015;The Greek Pizza;6
26/09/2015;The Green Garden Pizza;3
26/09/2015;The Hawaiian Pizza;5
26/09/2015;The Italian Capocollo Pizza;6
26/09/2015;The Italian Supreme Pizza;8
26/09/2015;The Italian Vegetables Pizza;4
26/09/2015;The Mediterranean Pizza;2
26/09/2015;The Mexicana Pizza;4
26/09/2015;The Napolitana Pizza;1
26/09/2015;The Pepper Salami Pizza;4
26/09/2015;The Pepperoni Pizza;8
26/09/2015;The Pepperoni, Mushroom, and Peppers Pizza;4
26/09/2015;The Prosciutto and Arugula Pizza;2
26/09/2015;The Sicilian Pizza;5
26/09/2015;The Soppressata Pizza;1
26/09/2015;The Southwest Chicken Pizza;8
26/09/2015;The Spicy Italian Pizza;0
26/09/2015;The Spinach Pesto Pizza;4
26/09/2015;The Spinach Supreme Pizza;2
26/09/2015;The Spinach and Feta Pizza;4
26/09/2015;The Thai Chicken Pizza;7
26/09/2015;The Vegetables + Vegetables Pizza;3
27/09/2015;The Barbecue Chicken Pizza;5
27/09/2015;The Big Meat Pizza;3
27/09/2015;The Brie Carre Pizza;3
27/09/2015;The Calabrese Pizza;2
27/09/2015;The California Chicken Pizza;7
27/09/2015;The Chicken Alfredo Pizza;5
27/09/2015;The Chicken Pesto Pizza;2
27/09/2015;The Classic Deluxe Pizza;6
27/09/2015;The Five Cheese Pizza;1
27/09/2015;The Four Cheese Pizza;3
27/09/2015;The Greek Pizza;1
27/09/2015;The Green Garden Pizza;3
27/09/2015;The Hawaiian Pizza;10
27/09/2015;The Italian Capocollo Pizza;4
27/09/2015;The Italian Supreme Pizza;6
27/09/2015;The Italian Vegetables Pizza;8
27/09/2015;The Mediterranean Pizza;2
27/09/2015;The Mexicana Pizza;5
27/09/2015;The Napolitana Pizza;4
27/09/2015;The Pepper Salami Pizza;3
27/09/2015;The Pepperoni Pizza;5
27/09/2015;The Pepperoni, Mushroom, and Peppers Pizza;5
27/09/2015;The Prosciutto and Arugula Pizza;1
27/09/2015;The Sicilian Pizza;7
27/09/2015;The Soppressata Pizza;2
27/09/2015;The Southwest Chicken Pizza;8
27/09/2015;The Spicy Italian Pizza;4
27/09/2015;The Spinach Pesto Pizza;6
27/09/2015;The Spinach Supreme Pizza;2
27/09/2015;The Spinach and Feta Pizza;1
27/09/2015;The Thai Chicken Pizza;10
27/09/2015;The Vegetables + Vegetables Pizza;5
28/09/2015;The Barbecue Chicken Pizza;8
28/09/2015;The Big Meat Pizza;2
28/09/2015;The Brie Carre Pizza;3
28/09/2015;The Calabrese Pizza;3
28/09/2015;The California Chicken Pizza;6
28/09/2015;The Chicken Alfredo Pizza;3
28/09/2015;The Chicken Pesto Pizza;4
28/09/2015;The Classic Deluxe Pizza;7
28/09/2015;The Five Cheese Pizza;3
28/09/2015;The Four Cheese Pizza;6
28/09/2015;The Greek Pizza;3
28/09/2015;The Green Garden Pizza;4
28/09/2015;The Hawaiian Pizza;2
28/09/2015;The Italian Capocollo Pizza;5
28/09/2015;The Italian Supreme Pizza;1
28/09/2015;The Italian Vegetables Pizza;0
28/09/2015;The Mediterranean Pizza;2
28/09/2015;The Mexicana Pizza;4
28/09/2015;The Napolitana Pizza;5
28/09/2015;The Pepper Salami Pizza;2
28/09/2015;The Pepperoni Pizza;8
28/09/2015;The Pepperoni, Mushroom, and Peppers Pizza;3
28/09/2015;The Prosciutto and Arugula Pizza;7
28/09/2015;The Sicilian Pizza;4
28/09/2015;The Soppressata Pizza;0
28/09/2015;The Southwest Chicken Pizza;4
28/09/2015;The Spicy Italian Pizza;3
28/09/2015;The Spinach Pesto Pizza;1
28/09/2015;The Spinach Supreme Pizza;2
28/09/2015;The Spinach and Feta Pizza;4
28/09/2015;The Thai Chicken Pizza;8
28/09/2015;The Vegetables + Vegetables Pizza;4
29/09/2015;The Barbecue Chicken Pizza;7
29/09/2015;The Big Meat Pizza;10
29/09/2015;The Brie Carre Pizza;5
29/09/2015;The Calabrese Pizza;3
29/09/2015;The California Chicken Pizza;6
29/09/2015;The Chicken Alfredo Pizza;3
29/09/2015;The Chicken Pesto Pizza;2
29/09/2015;The Classic Deluxe Pizza;10
29/09/2015;The Five Cheese Pizza;4
29/09/2015;The Four Cheese Pizza;4
29/09/2015;The Greek Pizza;5
29/09/2015;The Green Garden Pizza;2
29/09/2015;The Hawaiian Pizza;5
29/09/2015;The Italian Capocollo Pizza;5
29/09/2015;The Italian Supreme Pizza;2
29/09/2015;The Italian Vegetables Pizza;3
29/09/2015;The Mediterranean Pizza;1
29/09/2015;The Mexicana Pizza;3
29/09/2015;The Napolitana Pizza;4
29/09/2015;The Pepper Salami Pizza;3
29/09/2015;The Pepperoni Pizza;9
29/09/2015;The Pepperoni, Mushroom, and Peppers Pizza;6
29/09/2015;The Prosciutto and Arugula Pizza;5
29/09/2015;The Sicilian Pizza;9
29/09/2015;The Soppressata Pizza;4
29/09/2015;The Southwest Chicken Pizza;12
29/09/2015;The Spicy Italian Pizza;8
29/09/2015;The Spinach Pesto Pizza;4
29/09/2015;The Spinach Supreme Pizza;4
29/09/2015;The Spinach and Feta Pizza;3
29/09/2015;The Thai Chicken Pizza;9
29/09/2015;The Vegetables + Vegetables Pizza;3
30/09/2015;The Barbecue Chicken Pizza;6
30/09/2015;The Big Meat Pizza;5
30/09/2015;The Brie Carre Pizza;1
30/09/2015;The Calabrese Pizza;2
30/09/2015;The California Chicken Pizza;6
30/09/2015;The Chicken Alfredo Pizza;4
30/09/2015;The Chicken Pesto Pizza;1
30/09/2015;The Classic Deluxe Pizza;11
30/09/2015;The Five Cheese Pizza;5
30/09/2015;The Four Cheese Pizza;5
30/09/2015;The Greek Pizza;4
30/09/2015;The Green Garden Pizza;3
30/09/2015;The Hawaiian Pizza;7
30/09/2015;The Italian Capocollo Pizza;4
30/09/2015;The Italian Supreme Pizza;5
30/09/2015;The Italian Vegetables Pizza;1
30/09/2015;The Mediterranean Pizza;2
30/09/2015;The Mexicana Pizza;4
30/09/2015;The Napolitana Pizza;4
30/09/2015;The Pepper Salami Pizza;4
30/09/2015;The Pepperoni Pizza;2
30/09/2015;The Pepperoni, Mushroom, and Peppers Pizza;3
30/09/2015;The Prosciutto and Arugula Pizza;4
30/09/2015;The Sicilian Pizza;3
30/09/2015;The Soppressata Pizza;1
30/09/2015;The Southwest Chicken Pizza;5
30/09/2015;The Spicy Italian Pizza;5
30/09/2015;The Spinach Pesto Pizza;1
30/09/2015;The Spinach Supreme Pizza;2
30/09/2015;The Spinach and Feta Pizza;7
30/09/2015;The Thai Chicken Pizza;9
30/09/2015;The Vegetables + Vegetables Pizza;4
01/10/2015;The Barbecue Chicken Pizza;9
01/10/2015;The Big Meat Pizza;1
01/10/2015;The Brie Carre Pizza;0
01/10/2015;The Calabrese Pizza;7
01/10/2015;The California Chicken Pizza;8
01/10/2015;The Chicken Alfredo Pizza;5
01/10/2015;The Chicken Pesto Pizza;1
01/10/2015;The Classic Deluxe Pizza;11
01/10/2015;The Five Cheese Pizza;3
01/10/2015;The Four Cheese Pizza;7
01/10/2015;The Greek Pizza;6
01/10/2015;The Green Garden Pizza;7
01/10/2015;The Hawaiian Pizza;11
01/10/2015;The Italian Capocollo Pizza;6
01/10/2015;The Italian Supreme Pizza;12
01/10/2015;The Italian Vegetables Pizza;4
01/10/2015;The Mediterranean Pizza;4
01/10/2015;The Mexicana Pizza;5
01/10/2015;The Napolitana Pizza;10
01/10/2015;The Pepper Salami Pizza;7
01/10/2015;The Pepperoni Pizza;8
01/10/2015;The Pepperoni, Mushroom, and Peppers Pizza;8
01/10/2015;The Prosciutto and Arugula Pizza;4
01/10/2015;The Sicilian Pizza;16
01/10/2015;The Soppressata Pizza;3
01/10/2015;The Southwest Chicken Pizza;5
01/10/2015;The Spicy Italian Pizza;6
01/10/2015;The Spinach Pesto Pizza;3
01/10/2015;The Spinach Supreme Pizza;1
01/10/2015;The Spinach and Feta Pizza;7
01/10/2015;The Thai Chicken Pizza;7
01/10/2015;The Vegetables + Vegetables Pizza;2
02/10/2015;The Barbecue Chicken Pizza;12
02/10/2015;The Big Meat Pizza;4
02/10/2015;The Brie Carre Pizza;0
02/10/2015;The Calabrese Pizza;1
02/10/2015;The California Chicken Pizza;3
02/10/2015;The Chicken Alfredo Pizza;3
02/10/2015;The Chicken Pesto Pizza;1
02/10/2015;The Classic Deluxe Pizza;7
02/10/2015;The Five Cheese Pizza;8
02/10/2015;The Four Cheese Pizza;3
02/10/2015;The Greek Pizza;5
02/10/2015;The Green Garden Pizza;2
02/10/2015;The Hawaiian Pizza;6
02/10/2015;The Italian Capocollo Pizza;9
02/10/2015;The Italian Supreme Pizza;4
02/10/2015;The Italian Vegetables Pizza;3
02/10/2015;The Mediterranean Pizza;3
02/10/2015;The Mexicana Pizza;6
02/10/2015;The Napolitana Pizza;3
02/10/2015;The Pepper Salami Pizza;3
02/10/2015;The Pepperoni Pizza;11
02/10/2015;The Pepperoni, Mushroom, and Peppers Pizza;2
02/10/2015;The Prosciutto and Arugula Pizza;3
02/10/2015;The Sicilian Pizza;2
02/10/2015;The Soppressata Pizza;3
02/10/2015;The Southwest Chicken Pizza;3
02/10/2015;The Spicy Italian Pizza;3
02/10/2015;The Spinach Pesto Pizza;1
02/10/2015;The Spinach Supreme Pizza;1
02/10/2015;The Spinach and Feta Pizza;1
02/10/2015;The Thai Chicken Pizza;6
02/10/2015;The Vegetables + Vegetables Pizza;3
03/10/2015;The Barbecue Chicken Pizza;1
03/10/2015;The Big Meat Pizza;10
03/10/2015;The Brie Carre Pizza;1
03/10/2015;The Calabrese Pizza;3
03/10/2015;The California Chicken Pizza;3
03/10/2015;The Chicken Alfredo Pizza;6
03/10/2015;The Chicken Pesto Pizza;3
03/10/2015;The Classic Deluxe Pizza;9
03/10/2015;The Five Cheese Pizza;4
03/10/2015;The Four Cheese Pizza;4
03/10/2015;The Greek Pizza;3
03/10/2015;The Green Garden Pizza;3
03/10/2015;The Hawaiian Pizza;11
03/10/2015;The Italian Capocollo Pizza;4
03/10/2015;The Italian Supreme Pizza;4
03/10/2015;The Italian Vegetables Pizza;5
03/10/2015;The Mediterranean Pizza;1
03/10/2015;The Mexicana Pizza;6
03/10/2015;The Napolitana Pizza;3
03/10/2015;The Pepper Salami Pizza;5
03/10/2015;The Pepperoni Pizza;11
03/10/2015;The Pepperoni, Mushroom, and Peppers Pizza;8
03/10/2015;The Prosciutto and Arugula Pizza;6
03/10/2015;The Sicilian Pizza;2
03/10/2015;The Soppressata Pizza;1
03/10/2015;The Southwest Chicken Pizza;7
03/10/2015;The Spicy Italian Pizza;7
03/10/2015;The Spinach Pesto Pizza;2
03/10/2015;The Spinach Supreme Pizza;3
03/10/2015;The Spinach and Feta Pizza;5
03/10/2015;The Thai Chicken Pizza;4
03/10/2015;The Vegetables + Vegetables Pizza;2
04/10/2015;The Barbecue Chicken Pizza;10
04/10/2015;The Big Meat Pizza;5
04/10/2015;The Brie Carre Pizza;1
04/10/2015;The Calabrese Pizza;1
04/10/2015;The California Chicken Pizza;4
04/10/2015;The Chicken Alfredo Pizza;2
04/10/2015;The Chicken Pesto Pizza;5
04/10/2015;The Classic Deluxe Pizza;5
04/10/2015;The Five Cheese Pizza;2
04/10/2015;The Four Cheese Pizza;6
04/10/2015;The Greek Pizza;3
04/10/2015;The Green Garden Pizza;2
04/10/2015;The Hawaiian Pizza;5
04/10/2015;The Italian Capocollo Pizza;3
04/10/2015;The Italian Supreme Pizza;4
04/10/2015;The Italian Vegetables Pizza;6
04/10/2015;The Mediterranean Pizza;3
04/10/2015;The Mexicana Pizza;4
04/10/2015;The Napolitana Pizza;4
04/10/2015;The Pepper Salami Pizza;1
04/10/2015;The Pepperoni Pizza;5
04/10/2015;The Pepperoni, Mushroom, and Peppers Pizza;4
04/10/2015;The Prosciutto and Arugula Pizza;3
04/10/2015;The Sicilian Pizza;5
04/10/2015;The Soppressata Pizza;7
04/10/2015;The Southwest Chicken Pizza;7
04/10/2015;The Spicy Italian Pizza;3
04/10/2015;The Spinach Pesto Pizza;5
04/10/2015;The Spinach Supreme Pizza;2
04/10/2015;The Spinach and Feta Pizza;5
04/10/2015;The Thai Chicken Pizza;6
04/10/2015;The Vegetables + Vegetables Pizza;0
05/10/2015;The Barbecue Chicken Pizza;0
05/10/2015;The Big Meat Pizza;0
05/10/2015;The Brie Carre Pizza;0
05/10/2015;The Calabrese Pizza;0
05/10/2015;The California Chicken Pizza;0
05/10/2015;The Chicken Alfredo Pizza;0
05/10/2015;The Chicken Pesto Pizza;0
05/10/2015;The Classic Deluxe Pizza;0
05/10/2015;The Five Cheese Pizza;0
05/10/2015;The Four Cheese Pizza;0
05/10/2015;The Greek Pizza;0
05/10/2015;The Green Garden Pizza;0
05/10/2015;The Hawaiian Pizza;0
05/10/2015;The Italian Capocollo Pizza;0
05/10/2015;The Italian Supreme Pizza;0
05/10/2015;The Italian Vegetables Pizza;0
05/10/2015;The Mediterranean Pizza;0
05/10/2015;The Mexicana Pizza;0
05/10/2015;The Napolitana Pizza;0
05/10/2015;The Pepper Salami Pizza;0
05/10/2015;The Pepperoni Pizza;0
05/10/2015;The Pepperoni, Mushroom, and Peppers Pizza;0
05/10/2015;The Prosciutto and Arugula Pizza;0
05/10/2015;The Sicilian Pizza;0
05/10/2015;The Soppressata Pizza;0
05/10/2015;The Southwest Chicken Pizza;0
05/10/2015;The Spicy Italian Pizza;0
05/10/2015;The Spinach Pesto Pizza;0
05/10/2015;The Spinach Supreme Pizza;0
05/10/2015;The Spinach and Feta Pizza;0
05/10/2015;The Thai Chicken Pizza;0
05/10/2015;The Vegetables + Vegetables Pizza;0
06/10/2015;The Barbecue Chicken Pizza;5
06/10/2015;The Big Meat Pizza;4
06/10/2015;The Brie Carre Pizza;1
06/10/2015;The Calabrese Pizza;1
06/10/2015;The California Chicken Pizza;7
06/10/2015;The Chicken Alfredo Pizza;1
06/10/2015;The Chicken Pesto Pizza;4
06/10/2015;The Classic Deluxe Pizza;5
06/10/2015;The Five Cheese Pizza;6
06/10/2015;The Four Cheese Pizza;6
06/10/2015;The Greek Pizza;3
06/10/2015;The Green Garden Pizza;3
06/10/2015;The Hawaiian Pizza;8
06/10/2015;The Italian Capocollo Pizza;4
06/10/2015;The Italian Supreme Pizza;3
06/10/2015;The Italian Vegetables Pizza;3
06/10/2015;The Mediterranean Pizza;3
06/10/2015;The Mexicana Pizza;5
06/10/2015;The Napolitana Pizza;4
06/10/2015;The Pepper Salami Pizza;6
06/10/2015;The Pepperoni Pizza;7
06/10/2015;The Pepperoni, Mushroom, and Peppers Pizza;2
06/10/2015;The Prosciutto and Arugula Pizza;5
06/10/2015;The Sicilian Pizza;11
06/10/2015;The Soppressata Pizza;3
06/10/2015;The Southwest Chicken Pizza;4
06/10/2015;The Spicy Italian Pizza;7
06/10/2015;The Spinach Pesto Pizza;1
06/10/2015;The Spinach Supreme Pizza;1
06/10/2015;The Spinach and Feta Pizza;5
06/10/2015;The Thai Chicken Pizza;4
06/10/2015;The Vegetables + Vegetables Pizza;4
07/10/2015;The Barbecue Chicken Pizza;6
07/10/2015;The Big Meat Pizza;5
07/10/2015;The Brie Carre Pizza;3
07/10/2015;The Calabrese Pizza;3
07/10/2015;The California Chicken Pizza;3
07/10/2015;The Chicken Alfredo Pizza;1
07/10/2015;The Chicken Pesto Pizza;3
07/10/2015;The Classic Deluxe Pizza;4
07/10/2015;The Five Cheese Pizza;7
07/10/2015;The Four Cheese Pizza;11
07/10/2015;The Greek Pizza;4
07/10/2015;The Green Garden Pizza;3
07/10/2015;The Hawaiian Pizza;6
07/10/2015;The Italian Capocollo Pizza;2
07/10/2015;The Italian Supreme Pizza;4
07/10/2015;The Italian Vegetables Pizza;1
07/10/2015;The Mediterranean Pizza;2
07/10/2015;The Mexicana Pizza;0
07/10/2015;The Napolitana Pizza;5
07/10/2015;The Pepper Salami Pizza;5
07/10/2015;The Pepperoni Pizza;5
07/10/2015;The Pepperoni, Mushroom, and Peppers Pizza;0
07/10/2015;The Prosciutto and Arugula Pizza;8
07/10/2015;The Sicilian Pizza;6
07/10/2015;The Soppressata Pizza;5
07/10/2015;The Southwest Chicken Pizza;6
07/10/2015;The Spicy Italian Pizza;6
07/10/2015;The Spinach Pesto Pizza;1
07/10/2015;The Spinach Supreme Pizza;4
07/10/2015;The Spinach and Feta Pizza;7
07/10/2015;The Thai Chicken Pizza;3
07/10/2015;The Vegetables + Vegetables Pizza;4
08/10/2015;The Barbecue Chicken Pizza;4
08/10/2015;The Big Meat Pizza;7
08/10/2015;The Brie Carre Pizza;0
08/10/2015;The Calabrese Pizza;2
08/10/2015;The California Chicken Pizza;4
08/10/2015;The Chicken Alfredo Pizza;2
08/10/2015;The Chicken Pesto Pizza;0
08/10/2015;The Classic Deluxe Pizza;7
08/10/2015;The Five Cheese Pizza;1
08/10/2015;The Four Cheese Pizza;5
08/10/2015;The Greek Pizza;2
08/10/2015;The Green Garden Pizza;3
08/10/2015;The Hawaiian Pizza;6
08/10/2015;The Italian Capocollo Pizza;4
08/10/2015;The Italian Supreme Pizza;4
08/10/2015;The Italian Vegetables Pizza;2
08/10/2015;The Mediterranean Pizza;3
08/10/2015;The Mexicana Pizza;1
08/10/2015;The Napolitana Pizza;5
08/10/2015;The Pepper Salami Pizza;2
08/10/2015;The Pepperoni Pizza;5
08/10/2015;The Pepperoni, Mushroom, and Peppers Pizza;4
08/10/2015;The Prosciutto and Arugula Pizza;6
08/10/2015;The Sicilian Pizza;3
08/10/2015;The Soppressata Pizza;1
08/10/2015;The Southwest Chicken Pizza;7
08/10/2015;The Spicy Italian Pizza;8
08/10/2015;The Spinach Pesto Pizza;1
08/10/2015;The Spinach Supreme Pizza;2
08/10/2015;The Spinach and Feta Pizza;3
08/10/2015;The Thai Chicken Pizza;14
08/10/2015;The Vegetables + Vegetables Pizza;1
09/10/2015;The Barbecue Chicken Pizza;8
09/10/2015;The Big Meat Pizza;6
09/10/2015;The Brie Carre Pizza;0
09/10/2015;The Calabrese Pizza;3
09/10/2015;The California Chicken Pizza;11
09/10/2015;The Chicken Alfredo Pizza;0
09/10/2015;The Chicken Pesto Pizza;1
09/10/2015;The Classic Deluxe Pizza;4
09/10/2015;The Five Cheese Pizza;6
09/10/2015;The Four Cheese Pizza;5
09/10/2015;The Greek Pizza;4
09/10/2015;The Green Garden Pizza;1
09/10/2015;The Hawaiian Pizza;1
09/10/2015;The Italian Capocollo Pizza;5
09/10/2015;The Italian Supreme Pizza;10
09/10/2015;The Italian Vegetables Pizza;2
09/10/2015;The Mediterranean Pizza;1
09/10/2015;The Mexicana Pizza;7
09/10/2015;The Napolitana Pizza;4
09/10/2015;The Pepper Salami Pizza;4
09/10/2015;The Pepperoni Pizza;4
09/10/2015;The Pepperoni, Mushroom, and Peppers Pizza;2
09/10/2015;The Prosciutto and Arugula Pizza;11
09/10/2015;The Sicilian Pizza;5
09/10/2015;The Soppressata Pizza;5
09/10/2015;The Southwest Chicken Pizza;12
09/10/2015;The Spicy Italian Pizza;3
09/10/2015;The Spinach Pesto Pizza;4
09/10/2015;The Spinach Supreme Pizza;6
09/10/2015;The Spinach and Feta Pizza;1
09/10/2015;The Thai Chicken Pizza;9
09/10/2015;The Vegetables + Vegetables Pizza;2
10/10/2015;The Barbecue Chicken Pizza;5
10/10/2015;The Big Meat Pizza;6
10/10/2015;The Brie Carre Pizza;1
10/10/2015;The Calabrese Pizza;2
10/10/2015;The California Chicken Pizza;7
10/10/2015;The Chicken Alfredo Pizza;3
10/10/2015;The Chicken Pesto Pizza;4
10/10/2015;The Classic Deluxe Pizza;8
10/10/2015;The Five Cheese Pizza;0
10/10/2015;The Four Cheese Pizza;10
10/10/2015;The Greek Pizza;3
10/10/2015;The Green Garden Pizza;2
10/10/2015;The Hawaiian Pizza;6
10/10/2015;The Italian Capocollo Pizza;0
10/10/2015;The Italian Supreme Pizza;9
10/10/2015;The Italian Vegetables Pizza;1
10/10/2015;The Mediterranean Pizza;0
10/10/2015;The Mexicana Pizza;3
10/10/2015;The Napolitana Pizza;6
10/10/2015;The Pepper Salami Pizza;6
10/10/2015;The Pepperoni Pizza;12
10/10/2015;The Pepperoni, Mushroom, and Peppers Pizza;3
10/10/2015;The Prosciutto and Arugula Pizza;3
10/10/2015;The Sicilian Pizza;5
10/10/2015;The Soppressata Pizza;2
10/10/2015;The Southwest Chicken Pizza;10
10/10/2015;The Spicy Italian Pizza;4
10/10/2015;The Spinach Pesto Pizza;1
10/10/2015;The Spinach Supreme Pizza;3
10/10/2015;The Spinach and Feta Pizza;2
10/10/2015;The Thai Chicken Pizza;6
10/10/2015;The Vegetables + Vegetables Pizza;8
11/10/2015;The Barbecue Chicken Pizza;5
11/10/2015;The Big Meat Pizza;5
11/10/2015;The Brie Carre Pizza;4
11/10/2015;The Calabrese Pizza;4
11/10/2015;The California Chicken Pizza;4
11/10/2015;The Chicken Alfredo Pizza;0
11/10/2015;The Chicken Pesto Pizza;2
11/10/2015;The Classic Deluxe Pizza;5
11/10/2015;The Five Cheese Pizza;8
11/10/2015;The Four Cheese Pizza;3
11/10/2015;The Greek Pizza;2
11/10/2015;The Green Garden Pizza;6
11/10/2015;The Hawaiian Pizza;7
11/10/2015;The Italian Capocollo Pizza;2
11/10/2015;The Italian Supreme Pizza;3
11/10/2015;The Italian Vegetables Pizza;3
11/10/2015;The Mediterranean Pizza;3
11/10/2015;The Mexicana Pizza;1
11/10/2015;The Napolitana Pizza;2
11/10/2015;The Pepper Salami Pizza;4
11/10/2015;The Pepperoni Pizza;8
11/10/2015;The Pepperoni, Mushroom, and Peppers Pizza;0
11/10/2015;The Prosciutto and Arugula Pizza;3
11/10/2015;The Sicilian Pizza;6
11/10/2015;The Soppressata Pizza;6
11/10/2015;The Southwest Chicken Pizza;6
11/10/2015;The Spicy Italian Pizza;1
11/10/2015;The Spinach Pesto Pizza;2
11/10/2015;The Spinach Supreme Pizza;2
11/10/2015;The Spinach and Feta Pizza;4
11/10/2015;The Thai Chicken Pizza;5
11/10/2015;The Vegetables + Vegetables Pizza;2
12/10/2015;The Barbecue Chicken Pizza;0
12/10/2015;The Big Meat Pizza;0
12/10/2015;The Brie Carre Pizza;0
12/10/2015;The Calabrese Pizza;0
12/10/2015;The California Chicken Pizza;0
12/10/2015;The Chicken Alfredo Pizza;0
12/10/2015;The Chicken Pesto Pizza;0
12/10/2015;The Classic Deluxe Pizza;0
12/10/2015;The Five Cheese Pizza;0
12/10/2015;The Four Cheese Pizza;0
12/10/2015;The Greek Pizza;0
12/10/2015;The Green Garden Pizza;0
12/10/2015;The Hawaiian Pizza;0
12/10/2015;The Italian Capocollo Pizza;0
12/10/2015;The Italian Supreme Pizza;0
12/10/2015;The Italian Vegetables Pizza;0
12/10/2015;The Mediterranean Pizza;0
12/10/2015;The Mexicana Pizza;0
12/10/2015;The Napolitana Pizza;0
12/10/2015;The Pepper Salami Pizza;0
12/10/2015;The Pepperoni Pizza;0
12/10/2015;The Pepperoni, Mushroom, and Peppers Pizza;0
12/10/2015;The Prosciutto and Arugula Pizza;0
12/10/2015;The Sicilian Pizza;0
12/10/2015;The Soppressata Pizza;0
12/10/2015;The Southwest Chicken Pizza;0
12/10/2015;The Spicy Italian Pizza;0
12/10/2015;The Spinach Pesto Pizza;0
12/10/2015;The Spinach Supreme Pizza;0
12/10/2015;The Spinach and Feta Pizza;0
12/10/2015;The Thai Chicken Pizza;0
12/10/2015;The Vegetables + Vegetables Pizza;0
13/10/2015;The Barbecue Chicken Pizza;5
13/10/2015;The Big Meat Pizza;5
13/10/2015;The Brie Carre Pizza;0
13/10/2015;The Calabrese Pizza;2
13/10/2015;The California Chicken Pizza;2
13/10/2015;The Chicken Alfredo Pizza;3
13/10/2015;The Chicken Pesto Pizza;2
13/10/2015;The Classic Deluxe Pizza;7
13/10/2015;The Five Cheese Pizza;4
13/10/2015;The Four Cheese Pizza;8
13/10/2015;The Greek Pizza;1
13/10/2015;The Green Garden Pizza;3
13/10/2015;The Hawaiian Pizza;6
13/10/2015;The Italian Capocollo Pizza;6
13/10/2015;The Italian Supreme Pizza;3
13/10/2015;The Italian Vegetables Pizza;3
13/10/2015;The Mediterranean Pizza;2
13/10/2015;The Mexicana Pizza;3
13/10/2015;The Napolitana Pizza;9
13/10/2015;The Pepper Salami Pizza;2
13/10/2015;The Pepperoni Pizza;6
13/10/2015;The Pepperoni, Mushroom, and Peppers Pizza;7
13/10/2015;The Prosciutto and Arugula Pizza;8
13/10/2015;The Sicilian Pizza;8
13/10/2015;The Soppressata Pizza;7
13/10/2015;The Southwest Chicken Pizza;7
13/10/2015;The Spicy Italian Pizza;4
13/10/2015;The Spinach Pesto Pizza;1
13/10/2015;The Spinach Supreme Pizza;3
13/10/2015;The Spinach and Feta Pizza;4
13/10/2015;The Thai Chicken Pizza;9
13/10/2015;The Vegetables + Vegetables Pizza;1
14/10/2015;The Barbecue Chicken Pizza;9
14/10/2015;The Big Meat Pizza;7
14/10/2015;The Brie Carre Pizza;1
14/10/2015;The Calabrese Pizza;4
14/10/2015;The California Chicken Pizza;2
14/10/2015;The Chicken Alfredo Pizza;0
14/10/2015;The Chicken Pesto Pizza;3
14/10/2015;The Classic Deluxe Pizza;4
14/10/2015;The Five Cheese Pizza;0
14/10/2015;The Four Cheese Pizza;8
14/10/2015;The Greek Pizza;7
14/10/2015;The Green Garden Pizza;4
14/10/2015;The Hawaiian Pizza;7
14/10/2015;The Italian Capocollo Pizza;3
14/10/2015;The Italian Supreme Pizza;3
14/10/2015;The Italian Vegetables Pizza;3
14/10/2015;The Mediterranean Pizza;2
14/10/2015;The Mexicana Pizza;5
14/10/2015;The Napolitana Pizza;4
14/10/2015;The Pepper Salami Pizza;5
14/10/2015;The Pepperoni Pizza;3
14/10/2015;The Pepperoni, Mushroom, and Peppers Pizza;3
14/10/2015;The Prosciutto and Arugula Pizza;7
14/10/2015;The Sicilian Pizza;5
14/10/2015;The Soppressata Pizza;4
14/10/2015;The Southwest Chicken Pizza;5
14/10/2015;The Spicy Italian Pizza;3
14/10/2015;The Spinach Pesto Pizza;3
14/10/2015;The Spinach Supreme Pizza;3
14/10/2015;The Spinach and Feta Pizza;4
14/10/2015;The Thai Chicken Pizza;7
14/10/2015;The Vegetables + Vegetables Pizza;4
15/10/2015;The Barbecue Chicken Pizza;10
15/10/2015;The Big Meat Pizza;5
15/10/2015;The Brie Carre Pizza;3
15/10/2015;The Calabrese Pizza;5
15/10/2015;The California Chicken Pizza;15
15/10/2015;The Chicken Alfredo Pizza;7
15/10/2015;The Chicken Pesto Pizza;6
15/10/2015;The Classic Deluxe Pizza;12
15/10/2015;The Five Cheese Pizza;9
15/10/2015;The Four Cheese Pizza;9
15/10/2015;The Greek Pizza;6
15/10/2015;The Green Garden Pizza;3
15/10/2015;The Hawaiian Pizza;16
15/10/2015;The Italian Capocollo Pizza;6
15/10/2015;The Italian Supreme Pizza;7
15/10/2015;The Italian Vegetables Pizza;9
15/10/2015;The Mediterranean Pizza;7
15/10/2015;The Mexicana Pizza;5
15/10/2015;The Napolitana Pizza;8
15/10/2015;The Pepper Salami Pizza;9
15/10/2015;The Pepperoni Pizza;13
15/10/2015;The Pepperoni, Mushroom, and Peppers Pizza;4
15/10/2015;The Prosciutto and Arugula Pizza;8
15/10/2015;The Sicilian Pizza;10
15/10/2015;The Soppressata Pizza;3
15/10/2015;The Southwest Chicken Pizza;9
15/10/2015;The Spicy Italian Pizza;13
15/10/2015;The Spinach Pesto Pizza;4
15/10/2015;The Spinach Supreme Pizza;9
15/10/2015;The Spinach and Feta Pizza;6
15/10/2015;The Thai Chicken Pizza;14
15/10/2015;The Vegetables + Vegetables Pizza;12
16/10/2015;The Barbecue Chicken Pizza;5
16/10/2015;The Big Meat Pizza;10
16/10/2015;The Brie Carre Pizza;3
16/10/2015;The Calabrese Pizza;1
16/10/2015;The California Chicken Pizza;6
16/10/2015;The Chicken Alfredo Pizza;3
16/10/2015;The Chicken Pesto Pizza;1
16/10/2015;The Classic Deluxe Pizza;7
16/10/2015;The Five Cheese Pizza;5
16/10/2015;The Four Cheese Pizza;2
16/10/2015;The Greek Pizza;5
16/10/2015;The Green Garden Pizza;2
16/10/2015;The Hawaiian Pizza;9
16/10/2015;The Italian Capocollo Pizza;5
16/10/2015;The Italian Supreme Pizza;6
16/10/2015;The Italian Vegetables Pizza;1
16/10/2015;The Mediterranean Pizza;1
16/10/2015;The Mexicana Pizza;7
16/10/2015;The Napolitana Pizza;4
16/10/2015;The Pepper Salami Pizza;3
16/10/2015;The Pepperoni Pizza;9
16/10/2015;The Pepperoni, Mushroom, and Peppers Pizza;4
16/10/2015;The Prosciutto and Arugula Pizza;4
16/10/2015;The Sicilian Pizza;9
16/10/2015;The Soppressata Pizza;4
16/10/2015;The Southwest Chicken Pizza;4
16/10/2015;The Spicy Italian Pizza;10
16/10/2015;The Spinach Pesto Pizza;2
16/10/2015;The Spinach Supreme Pizza;2
16/10/2015;The Spinach and Feta Pizza;6
16/10/2015;The Thai Chicken Pizza;7
16/10/2015;The Vegetables + Vegetables Pizza;6
17/10/2015;The Barbecue Chicken Pizza;11
17/10/2015;The Big Meat Pizza;4
17/10/2015;The Brie Carre Pizza;0
17/10/2015;The Calabrese Pizza;3
17/10/2015;The California Chicken Pizza;3
17/10/2015;The Chicken Alfredo Pizza;5
17/10/2015;The Chicken Pesto Pizza;5
17/10/2015;The Classic Deluxe Pizza;5
17/10/2015;The Five Cheese Pizza;6
17/10/2015;The Four Cheese Pizza;5
17/10/2015;The Greek Pizza;7
17/10/2015;The Green Garden Pizza;4
17/10/2015;The Hawaiian Pizza;7
17/10/2015;The Italian Capocollo Pizza;4
17/10/2015;The Italian Supreme Pizza;4
17/10/2015;The Italian Vegetables Pizza;3
17/10/2015;The Mediterranean Pizza;2
17/10/2015;The Mexicana Pizza;2
17/10/2015;The Napolitana Pizza;3
17/10/2015;The Pepper Salami Pizza;5
17/10/2015;The Pepperoni Pizza;2
17/10/2015;The Pepperoni, Mushroom, and Peppers Pizza;6
17/10/2015;The Prosciutto and Arugula Pizza;7
17/10/2015;The Sicilian Pizza;8
17/10/2015;The Soppressata Pizza;0
17/10/2015;The Southwest Chicken Pizza;5
17/10/2015;The Spicy Italian Pizza;4
17/10/2015;The Spinach Pesto Pizza;1
17/10/2015;The Spinach Supreme Pizza;3
17/10/2015;The Spinach and Feta Pizza;6
17/10/2015;The Thai Chicken Pizza;6
17/10/2015;The Vegetables + Vegetables Pizza;4
18/10/2015;The Barbecue Chicken Pizza;8
18/10/2015;The Big Meat Pizza;3
18/10/2015;The Brie Carre Pizza;0
18/10/2015;The Calabrese Pizza;1
18/10/2015;The California Chicken Pizza;4
18/10/2015;The Chicken Alfredo Pizza;2
18/10/2015;The Chicken Pesto Pizza;3
18/10/2015;The Classic Deluxe Pizza;5
18/10/2015;The Five Cheese Pizza;0
18/10/2015;The Four Cheese Pizza;12
18/10/2015;The Greek Pizza;5
18/10/2015;The Green Garden Pizza;1
18/10/2015;The Hawaiian Pizza;7
18/10/2015;The Italian Capocollo Pizza;3
18/10/2015;The Italian Supreme Pizza;2
18/10/2015;The Italian Vegetables Pizza;4
18/10/2015;The Mediterranean Pizza;1
18/10/2015;The Mexicana Pizza;2
18/10/2015;The Napolitana Pizza;4
18/10/2015;The Pepper Salami Pizza;4
18/10/2015;The Pepperoni Pizza;4
18/10/2015;The Pepperoni, Mushroom, and Peppers Pizza;2
18/10/2015;The Prosciutto and Arugula Pizza;3
18/10/2015;The Sicilian Pizza;2
18/10/2015;The Soppressata Pizza;2
18/10/2015;The Southwest Chicken Pizza;6
18/10/2015;The Spicy Italian Pizza;6
18/10/2015;The Spinach Pesto Pizza;2
18/10/2015;The Spinach Supreme Pizza;1
18/10/2015;The Spinach and Feta Pizza;1
18/10/2015;The Thai Chicken Pizza;4
18/10/2015;The Vegetables + Vegetables Pizza;1
19/10/2015;The Barbecue Chicken Pizza;0
19/10/2015;The Big Meat Pizza;0
19/10/2015;The Brie Carre Pizza;0
19/10/2015;The Calabrese Pizza;0
19/10/2015;The California Chicken Pizza;0
19/10/2015;The Chicken Alfredo Pizza;0
19/10/2015;The Chicken Pesto Pizza;0
19/10/2015;The Classic Deluxe Pizza;0
19/10/2015;The Five Cheese Pizza;0
19/10/2015;The Four Cheese Pizza;0
19/10/2015;The Greek Pizza;0
19/10/2015;The Green Garden Pizza;0
19/10/2015;The Hawaiian Pizza;0
19/10/2015;The Italian Capocollo Pizza;0
19/10/2015;The Italian Supreme Pizza;0
19/10/2015;The Italian Vegetables Pizza;0
19/10/2015;The Mediterranean Pizza;0
19/10/2015;The Mexicana Pizza;0
19/10/2015;The Napolitana Pizza;0
19/10/2015;The Pepper Salami Pizza;0
19/10/2015;The Pepperoni Pizza;0
19/10/2015;The Pepperoni, Mushroom, and Peppers Pizza;0
19/10/2015;The Prosciutto and Arugula Pizza;0
19/10/2015;The Sicilian Pizza;0
19/10/2015;The Soppressata Pizza;0
19/10/2015;The Southwest Chicken Pizza;0
19/10/2015;The Spicy Italian Pizza;0
19/10/2015;The Spinach Pesto Pizza;0
19/10/2015;The Spinach Supreme Pizza;0
19/10/2015;The Spinach and Feta Pizza;0
19/10/2015;The Thai Chicken Pizza;0
19/10/2015;The Vegetables + Vegetables Pizza;0
20/10/2015;The Barbecue Chicken Pizza;7
20/10/2015;The Big Meat Pizza;6
20/10/2015;The Brie Carre Pizza;2
20/10/2015;The Calabrese Pizza;5
20/10/2015;The California Chicken Pizza;4
20/10/2015;The Chicken Alfredo Pizza;4
20/10/2015;The Chicken Pesto Pizza;0
20/10/2015;The Classic Deluxe Pizza;8
20/10/2015;The Five Cheese Pizza;6
20/10/2015;The Four Cheese Pizza;7
20/10/2015;The Greek Pizza;2
20/10/2015;The Green Garden Pizza;7
20/10/2015;The Hawaiian Pizza;9
20/10/2015;The Italian Capocollo Pizza;4
20/10/2015;The Italian Supreme Pizza;9
20/10/2015;The Italian Vegetables Pizza;5
20/10/2015;The Mediterranean Pizza;1
20/10/2015;The Mexicana Pizza;3
20/10/2015;The Napolitana Pizza;2
20/10/2015;The Pepper Salami Pizza;4
20/10/2015;The Pepperoni Pizza;8
20/10/2015;The Pepperoni, Mushroom, and Peppers Pizza;8
20/10/2015;The Prosciutto and Arugula Pizza;4
20/10/2015;The Sicilian Pizza;6
20/10/2015;The Soppressata Pizza;3
20/10/2015;The Southwest Chicken Pizza;5
20/10/2015;The Spicy Italian Pizza;9
20/10/2015;The Spinach Pesto Pizza;2
20/10/2015;The Spinach Supreme Pizza;2
20/10/2015;The Spinach and Feta Pizza;1
20/10/2015;The Thai Chicken Pizza;4
20/10/2015;The Vegetables + Vegetables Pizza;7
21/10/2015;The Barbecue Chicken Pizza;1
21/10/2015;The Big Meat Pizza;3
21/10/2015;The Brie Carre Pizza;0
21/10/2015;The Calabrese Pizza;3
21/10/2015;The California Chicken Pizza;10
21/10/2015;The Chicken Alfredo Pizza;7
21/10/2015;The Chicken Pesto Pizza;5
21/10/2015;The Classic Deluxe Pizza;9
21/10/2015;The Five Cheese Pizza;4
21/10/2015;The Four Cheese Pizza;6
21/10/2015;The Greek Pizza;2
21/10/2015;The Green Garden Pizza;1
21/10/2015;The Hawaiian Pizza;9
21/10/2015;The Italian Capocollo Pizza;4
21/10/2015;The Italian Supreme Pizza;9
21/10/2015;The Italian Vegetables Pizza;5
21/10/2015;The Mediterranean Pizza;4
21/10/2015;The Mexicana Pizza;5
21/10/2015;The Napolitana Pizza;3
21/10/2015;The Pepper Salami Pizza;3
21/10/2015;The Pepperoni Pizza;7
21/10/2015;The Pepperoni, Mushroom, and Peppers Pizza;7
21/10/2015;The Prosciutto and Arugula Pizza;2
21/10/2015;The Sicilian Pizza;3
21/10/2015;The Soppressata Pizza;3
21/10/2015;The Southwest Chicken Pizza;5
21/10/2015;The Spicy Italian Pizza;9
21/10/2015;The Spinach Pesto Pizza;2
21/10/2015;The Spinach Supreme Pizza;2
21/10/2015;The Spinach and Feta Pizza;4
21/10/2015;The Thai Chicken Pizza;9
21/10/2015;The Vegetables + Vegetables Pizza;3
22/10/2015;The Barbecue Chicken Pizza;6
22/10/2015;The Big Meat Pizza;4
22/10/2015;The Brie Carre Pizza;1
22/10/2015;The Calabrese Pizza;6
22/10/2015;The California Chicken Pizza;9
22/10/2015;The Chicken Alfredo Pizza;0
22/10/2015;The Chicken Pesto Pizza;1
22/10/2015;The Classic Deluxe Pizza;7
22/10/2015;The Five Cheese Pizza;3
22/10/2015;The Four Cheese Pizza;7
22/10/2015;The Greek Pizza;4
22/10/2015;The Green Garden Pizza;3
22/10/2015;The Hawaiian Pizza;3
22/10/2015;The Italian Capocollo Pizza;5
22/10/2015;The Italian Supreme Pizza;7
22/10/2015;The Italian Vegetables Pizza;5
22/10/2015;The Mediterranean Pizza;3
22/10/2015;The Mexicana Pizza;8
22/10/2015;The Napolitana Pizza;6
22/10/2015;The Pepper Salami Pizza;5
22/10/2015;The Pepperoni Pizza;10
22/10/2015;The Pepperoni, Mushroom, and Peppers Pizza;2
22/10/2015;The Prosciutto and Arugula Pizza;2
22/10/2015;The Sicilian Pizza;7
22/10/2015;The Soppressata Pizza;4
22/10/2015;The Southwest Chicken Pizza;3
22/10/2015;The Spicy Italian Pizza;6
22/10/2015;The Spinach Pesto Pizza;1
22/10/2015;The Spinach Supreme Pizza;0
22/10/2015;The Spinach and Feta Pizza;2
22/10/2015;The Thai Chicken Pizza;8
22/10/2015;The Vegetables + Vegetables Pizza;7
23/10/2015;The Barbecue Chicken Pizza;7
23/10/2015;The Big Meat Pizza;3
23/10/2015;The Brie Carre Pizza;2
23/10/2015;The Calabrese Pizza;1
23/10/2015;The California Chicken Pizza;8
23/10/2015;The Chicken Alfredo Pizza;3
23/10/2015;The Chicken Pesto Pizza;3
23/10/2015;The Classic Deluxe Pizza;10
23/10/2015;The Five Cheese Pizza;5
23/10/2015;The Four Cheese Pizza;5
23/10/2015;The Greek Pizza;5
23/10/2015;The Green Garden Pizza;2
23/10/2015;The Hawaiian Pizza;6
23/10/2015;The Italian Capocollo Pizza;3
23/10/2015;The Italian Supreme Pizza;7
23/10/2015;The Italian Vegetables Pizza;3
23/10/2015;The Mediterranean Pizza;3
23/10/2015;The Mexicana Pizza;5
23/10/2015;The Napolitana Pizza;9
23/10/2015;The Pepper Salami Pizza;5
23/10/2015;The Pepperoni Pizza;11
23/10/2015;The Pepperoni, Mushroom, and Peppers Pizza;3
23/10/2015;The Prosciutto and Arugula Pizza;4
23/10/2015;The Sicilian Pizza;4
23/10/2015;The Soppressata Pizza;3
23/10/2015;The Southwest Chicken Pizza;6
23/10/2015;The Spicy Italian Pizza;6
23/10/2015;The Spinach Pesto Pizza;1
23/10/2015;The Spinach Supreme Pizza;5
23/10/2015;The Spinach and Feta Pizza;2
23/10/2015;The Thai Chicken Pizza;7
23/10/2015;The Vegetables + Vegetables Pizza;7
24/10/2015;The Barbecue Chicken Pizza;3
24/10/2015;The Big Meat Pizza;12
24/10/2015;The Brie Carre Pizza;0
24/10/2015;The Calabrese Pizza;7
24/10/2015;The California Chicken Pizza;7
24/10/2015;The Chicken Alfredo Pizza;6
24/10/2015;The Chicken Pesto Pizza;3
24/10/2015;The Classic Deluxe Pizza;9
24/10/2015;The Five Cheese Pizza;3
24/10/2015;The Four Cheese Pizza;5
24/10/2015;The Greek Pizza;7
24/10/2015;The Green Garden Pizza;3
24/10/2015;The Hawaiian Pizza;4
24/10/2015;The Italian Capocollo Pizza;7
24/10/2015;The Italian Supreme Pizza;4
24/10/2015;The Italian Vegetables Pizza;2
24/10/2015;The Mediterranean Pizza;2
24/10/2015;The Mexicana Pizza;5
24/10/2015;The Napolitana Pizza;6
24/10/2015;The Pepper Salami Pizza;9
24/10/2015;The Pepperoni Pizza;6
24/10/2015;The Pepperoni, Mushroom, and Peppers Pizza;5
24/10/2015;The Prosciutto and Arugula Pizza;4
24/10/2015;The Sicilian Pizza;6
24/10/2015;The Soppressata Pizza;3
24/10/2015;The Southwest Chicken Pizza;6
24/10/2015;The Spicy Italian Pizza;5
24/10/2015;The Spinach Pesto Pizza;3
24/10/2015;The Spinach Supreme Pizza;2
24/10/2015;The Spinach and Feta Pizza;5
24/10/2015;The Thai Chicken Pizza;9
24/10/2015;The Vegetables + Vegetables Pizza;2
25/10/2015;The Barbecue Chicken Pizza;3
25/10/2015;The Big Meat Pizza;7
25/10/2015;The Brie Carre Pizza;3
25/10/2015;The Calabrese Pizza;1
25/10/2015;The California Chicken Pizza;9
25/10/2015;The Chicken Alfredo Pizza;5
25/10/2015;The Chicken Pesto Pizza;0
25/10/2015;The Classic Deluxe Pizza;6
25/10/2015;The Five Cheese Pizza;2
25/10/2015;The Four Cheese Pizza;4
25/10/2015;The Greek Pizza;3
25/10/2015;The Green Garden Pizza;5
25/10/2015;The Hawaiian Pizza;7
25/10/2015;The Italian Capocollo Pizza;2
25/10/2015;The Italian Supreme Pizza;4
25/10/2015;The Italian Vegetables Pizza;0
25/10/2015;The Mediterranean Pizza;0
25/10/2015;The Mexicana Pizza;3
25/10/2015;The Napolitana Pizza;6
25/10/2015;The Pepper Salami Pizza;2
25/10/2015;The Pepperoni Pizza;7
25/10/2015;The Pepperoni, Mushroom, and Peppers Pizza;3
25/10/2015;The Prosciutto and Arugula Pizza;4
25/10/2015;The Sicilian Pizza;9
25/10/2015;The Soppressata Pizza;2
25/10/2015;The Southwest Chicken Pizza;3
25/10/2015;The Spicy Italian Pizza;2
25/10/2015;The Spinach Pesto Pizza;2
25/10/2015;The Spinach Supreme Pizza;2
25/10/2015;The Spinach and Feta Pizza;1
25/10/2015;The Thai Chicken Pizza;5
25/10/2015;The Vegetables + Vegetables Pizza;2
26/10/2015;The Barbecue Chicken Pizza;0
26/10/2015;The Big Meat Pizza;0
26/10/2015;The Brie Carre Pizza;0
26/10/2015;The Calabrese Pizza;0
26/10/2015;The California Chicken Pizza;0
26/10/2015;The Chicken Alfredo Pizza;0
26/10/2015;The Chicken Pesto Pizza;0
26/10/2015;The Classic Deluxe Pizza;0
26/10/2015;The Five Cheese Pizza;0
26/10/2015;The Four Cheese Pizza;0
26/10/2015;The Greek Pizza;0
26/10/2015;The Green Garden Pizza;0
26/10/2015;The Hawaiian Pizza;0
26/10/2015;The Italian Capocollo Pizza;0
26/10/2015;The Italian Supreme Pizza;0
26/10/2015;The Italian Vegetables Pizza;0
26/10/2015;The Mediterranean Pizza;0
26/10/2015;The Mexicana Pizza;0
26/10/2015;The Napolitana Pizza;0
26/10/2015;The Pepper Salami Pizza;0
26/10/2015;The Pepperoni Pizza;0
26/10/2015;The Pepperoni, Mushroom, and Peppers Pizza;0
26/10/2015;The Prosciutto and Arugula Pizza;0
26/10/2015;The Sicilian Pizza;0
26/10/2015;The Soppressata Pizza;0
26/10/2015;The Southwest Chicken Pizza;0
26/10/2015;The Spicy Italian Pizza;0
26/10/2015;The Spinach Pesto Pizza;0
26/10/2015;The Spinach Supreme Pizza;0
26/10/2015;The Spinach and Feta Pizza;0
26/10/2015;The Thai Chicken Pizza;0
26/10/2015;The Vegetables + Vegetables Pizza;0
27/10/2015;The Barbecue Chicken Pizza;4
27/10/2015;The Big Meat Pizza;3
27/10/2015;The Brie Carre Pizza;2
27/10/2015;The Calabrese Pizza;2
27/10/2015;The California Chicken Pizza;3
27/10/2015;The Chicken Alfredo Pizza;1
27/10/2015;The Chicken Pesto Pizza;1
27/10/2015;The Classic Deluxe Pizza;10
27/10/2015;The Five Cheese Pizza;4
27/10/2015;The Four Cheese Pizza;4
27/10/2015;The Greek Pizza;2
27/10/2015;The Green Garden Pizza;0
27/10/2015;The Hawaiian Pizza;8
27/10/2015;The Italian Capocollo Pizza;1
27/10/2015;The Italian Supreme Pizza;1
27/10/2015;The Italian Vegetables Pizza;2
27/10/2015;The Mediterranean Pizza;2
27/10/2015;The Mexicana Pizza;4
27/10/2015;The Napolitana Pizza;7
27/10/2015;The Pepper Salami Pizza;5
27/10/2015;The Pepperoni Pizza;8
27/10/2015;The Pepperoni, Mushroom, and Peppers Pizza;2
27/10/2015;The Prosciutto and Arugula Pizza;4
27/10/2015;The Sicilian Pizza;5
27/10/2015;The Soppressata Pizza;6
27/10/2015;The Southwest Chicken Pizza;4
27/10/2015;The Spicy Italian Pizza;3
27/10/2015;The Spinach Pesto Pizza;3
27/10/2015;The Spinach Supreme Pizza;3
27/10/2015;The Spinach and Feta Pizza;1
27/10/2015;The Thai Chicken Pizza;10
27/10/2015;The Vegetables + Vegetables Pizza;5
28/10/2015;The Barbecue Chicken Pizza;8
28/10/2015;The Big Meat Pizza;5
28/10/2015;The Brie Carre Pizza;1
28/10/2015;The Calabrese Pizza;2
28/10/2015;The California Chicken Pizza;6
28/10/2015;The Chicken Alfredo Pizza;2
28/10/2015;The Chicken Pesto Pizza;2
28/10/2015;The Classic Deluxe Pizza;1
28/10/2015;The Five Cheese Pizza;4
28/10/2015;The Four Cheese Pizza;6
28/10/2015;The Greek Pizza;1
28/10/2015;The Green Garden Pizza;2
28/10/2015;The Hawaiian Pizza;5
28/10/2015;The Italian Capocollo Pizza;3
28/10/2015;The Italian Supreme Pizza;3
28/10/2015;The Italian Vegetables Pizza;0
28/10/2015;The Mediterranean Pizza;1
28/10/2015;The Mexicana Pizza;4
28/10/2015;The Napolitana Pizza;3
28/10/2015;The Pepper Salami Pizza;4
28/10/2015;The Pepperoni Pizza;8
28/10/2015;The Pepperoni, Mushroom, and Peppers Pizza;5
28/10/2015;The Prosciutto and Arugula Pizza;5
28/10/2015;The Sicilian Pizza;3
28/10/2015;The Soppressata Pizza;0
28/10/2015;The Southwest Chicken Pizza;5
28/10/2015;The Spicy Italian Pizza;3
28/10/2015;The Spinach Pesto Pizza;2
28/10/2015;The Spinach Supreme Pizza;4
28/10/2015;The Spinach and Feta Pizza;1
28/10/2015;The Thai Chicken Pizza;4
28/10/2015;The Vegetables + Vegetables Pizza;1
29/10/2015;The Barbecue Chicken Pizza;3
29/10/2015;The Big Meat Pizza;6
29/10/2015;The Brie Carre Pizza;0
29/10/2015;The Calabrese Pizza;5
29/10/2015;The California Chicken Pizza;6
29/10/2015;The Chicken Alfredo Pizza;1
29/10/2015;The Chicken Pesto Pizza;1
29/10/2015;The Classic Deluxe Pizza;8
29/10/2015;The Five Cheese Pizza;2
29/10/2015;The Four Cheese Pizza;7
29/10/2015;The Greek Pizza;3
29/10/2015;The Green Garden Pizza;1
29/10/2015;The Hawaiian Pizza;5
29/10/2015;The Italian Capocollo Pizza;4
29/10/2015;The Italian Supreme Pizza;4
29/10/2015;The Italian Vegetables Pizza;2
29/10/2015;The Mediterranean Pizza;1
29/10/2015;The Mexicana Pizza;10
29/10/2015;The Napolitana Pizza;4
29/10/2015;The Pepper Salami Pizza;8
29/10/2015;The Pepperoni Pizza;6
29/10/2015;The Pepperoni, Mushroom, and Peppers Pizza;3
29/10/2015;The Prosciutto and Arugula Pizza;7
29/10/2015;The Sicilian Pizza;5
29/10/2015;The Soppressata Pizza;2
29/10/2015;The Southwest Chicken Pizza;6
29/10/2015;The Spicy Italian Pizza;5
29/10/2015;The Spinach Pesto Pizza;2
29/10/2015;The Spinach Supreme Pizza;1
29/10/2015;The Spinach and Feta Pizza;1
29/10/2015;The Thai Chicken Pizza;8
29/10/2015;The Vegetables + Vegetables Pizza;4
30/10/2015;The Barbecue Chicken Pizza;7
30/10/2015;The Big Meat Pizza;10
30/10/2015;The Brie Carre Pizza;0
30/10/2015;The Calabrese Pizza;1
30/10/2015;The California Chicken Pizza;6
30/10/2015;The Chicken Alfredo Pizza;3
30/10/2015;The Chicken Pesto Pizza;6
30/10/2015;The Classic Deluxe Pizza;9
30/10/2015;The Five Cheese Pizza;7
30/10/2015;The Four Cheese Pizza;9
30/10/2015;The Greek Pizza;6
30/10/2015;The Green Garden Pizza;6
30/10/2015;The Hawaiian Pizza;10
30/10/2015;The Italian Capocollo Pizza;2
30/10/2015;The Italian Supreme Pizza;4
30/10/2015;The Italian Vegetables Pizza;2
30/10/2015;The Mediterranean Pizza;3
30/10/2015;The Mexicana Pizza;1
30/10/2015;The Napolitana Pizza;4
30/10/2015;The Pepper Salami Pizza;8
30/10/2015;The Pepperoni Pizza;4
30/10/2015;The Pepperoni, Mushroom, and Peppers Pizza;5
30/10/2015;The Prosciutto and Arugula Pizza;6
30/10/2015;The Sicilian Pizza;10
30/10/2015;The Soppressata Pizza;5
30/10/2015;The Southwest Chicken Pizza;10
30/10/2015;The Spicy Italian Pizza;7
30/10/2015;The Spinach Pesto Pizza;3
30/10/2015;The Spinach Supreme Pizza;2
30/10/2015;The Spinach and Feta Pizza;1
30/10/2015;The Thai Chicken Pizza;7
30/10/2015;The Vegetables + Vegetables Pizza;2
31/10/2015;The Barbecue Chicken Pizza;6
31/10/2015;The Big Meat Pizza;5
31/10/2015;The Brie Carre Pizza;5
31/10/2015;The Calabrese Pizza;5
31/10/2015;The California Chicken Pizza;8
31/10/2015;The Chicken Alfredo Pizza;5
31/10/2015;The Chicken Pesto Pizza;6
31/10/2015;The Classic Deluxe Pizza;14
31/10/2015;The Five Cheese Pizza;4
31/10/2015;The Four Cheese Pizza;5
31/10/2015;The Greek Pizza;5
31/10/2015;The Green Garden Pizza;6
31/10/2015;The Hawaiian Pizza;3
31/10/2015;The Italian Capocollo Pizza;5
31/10/2015;The Italian Supreme Pizza;5
31/10/2015;The Italian Vegetables Pizza;3
31/10/2015;The Mediterranean Pizza;7
31/10/2015;The Mexicana Pizza;3
31/10/2015;The Napolitana Pizza;2
31/10/2015;The Pepper Salami Pizza;3
31/10/2015;The Pepperoni Pizza;11
31/10/2015;The Pepperoni, Mushroom, and Peppers Pizza;3
31/10/2015;The Prosciutto and Arugula Pizza;5
31/10/2015;The Sicilian Pizza;7
31/10/2015;The Soppressata Pizza;3
31/10/2015;The Southwest Chicken Pizza;3
31/10/2015;The Spicy Italian Pizza;8
31/10/2015;The Spinach Pesto Pizza;5
31/10/2015;The Spinach Supreme Pizza;3
31/10/2015;The Spinach and Feta Pizza;2
31/10/2015;The Thai Chicken Pizza;9
31/10/2015;The Vegetables + Vegetables Pizza;1
01/11/2015;The Barbecue Chicken Pizza;5
01/11/2015;The Big Meat Pizza;5
01/11/2015;The Brie Carre Pizza;0
01/11/2015;The Calabrese Pizza;3
01/11/2015;The California Chicken Pizza;4
01/11/2015;The Chicken Alfredo Pizza;4
01/11/2015;The Chicken Pesto Pizza;3
01/11/2015;The Classic Deluxe Pizza;8
01/11/2015;The Five Cheese Pizza;5
01/11/2015;The Four Cheese Pizza;4
01/11/2015;The Greek Pizza;3
01/11/2015;The Green Garden Pizza;3
01/11/2015;The Hawaiian Pizza;4
01/11/2015;The Italian Capocollo Pizza;4
01/11/2015;The Italian Supreme Pizza;4
01/11/2015;The Italian Vegetables Pizza;2
01/11/2015;The Mediterranean Pizza;1
01/11/2015;The Mexicana Pizza;3
01/11/2015;The Napolitana Pizza;6
01/11/2015;The Pepper Salami Pizza;2
01/11/2015;The Pepperoni Pizza;10
01/11/2015;The Pepperoni, Mushroom, and Peppers Pizza;1
01/11/2015;The Prosciutto and Arugula Pizza;4
01/11/2015;The Sicilian Pizza;5
01/11/2015;The Soppressata Pizza;0
01/11/2015;The Southwest Chicken Pizza;5
01/11/2015;The Spicy Italian Pizza;4
01/11/2015;The Spinach Pesto Pizza;3
01/11/2015;The Spinach Supreme Pizza;3
01/11/2015;The Spinach and Feta Pizza;3
01/11/2015;The Thai Chicken Pizza;7
01/11/2015;The Vegetables + Vegetables Pizza;6
02/11/2015;The Barbecue Chicken Pizza;15
02/11/2015;The Big Meat Pizza;4
02/11/2015;The Brie Carre Pizza;2
02/11/2015;The Calabrese Pizza;6
02/11/2015;The California Chicken Pizza;7
02/11/2015;The Chicken Alfredo Pizza;3
02/11/2015;The Chicken Pesto Pizza;0
02/11/2015;The Classic Deluxe Pizza;8
02/11/2015;The Five Cheese Pizza;2
02/11/2015;The Four Cheese Pizza;4
02/11/2015;The Greek Pizza;4
02/11/2015;The Green Garden Pizza;1
02/11/2015;The Hawaiian Pizza;4
02/11/2015;The Italian Capocollo Pizza;4
02/11/2015;The Italian Supreme Pizza;5
02/11/2015;The Italian Vegetables Pizza;1
02/11/2015;The Mediterranean Pizza;3
02/11/2015;The Mexicana Pizza;7
02/11/2015;The Napolitana Pizza;0
02/11/2015;The Pepper Salami Pizza;1
02/11/2015;The Pepperoni Pizza;6
02/11/2015;The Pepperoni, Mushroom, and Peppers Pizza;6
02/11/2015;The Prosciutto and Arugula Pizza;6
02/11/2015;The Sicilian Pizza;11
02/11/2015;The Soppressata Pizza;3
02/11/2015;The Southwest Chicken Pizza;4
02/11/2015;The Spicy Italian Pizza;6
02/11/2015;The Spinach Pesto Pizza;3
02/11/2015;The Spinach Supreme Pizza;3
02/11/2015;The Spinach and Feta Pizza;1
02/11/2015;The Thai Chicken Pizza;5
02/11/2015;The Vegetables + Vegetables Pizza;3
03/11/2015;The Barbecue Chicken Pizza;2
03/11/2015;The Big Meat Pizza;4
03/11/2015;The Brie Carre Pizza;0
03/11/2015;The Calabrese Pizza;2
03/11/2015;The California Chicken Pizza;5
03/11/2015;The Chicken Alfredo Pizza;3
03/11/2015;The Chicken Pesto Pizza;4
03/11/2015;The Classic Deluxe Pizza;5
03/11/2015;The Five Cheese Pizza;2
03/11/2015;The Four Cheese Pizza;5
03/11/2015;The Greek Pizza;4
03/11/2015;The Green Garden Pizza;1
03/11/2015;The Hawaiian Pizza;6
03/11/2015;The Italian Capocollo Pizza;2
03/11/2015;The Italian Supreme Pizza;1
03/11/2015;The Italian Vegetables Pizza;1
03/11/2015;The Mediterranean Pizza;2
03/11/2015;The Mexicana Pizza;2
03/11/2015;The Napolitana Pizza;4
03/11/2015;The Pepper Salami Pizza;4
03/11/2015;The Pepperoni Pizza;6
03/11/2015;The Pepperoni, Mushroom, and Peppers Pizza;5
03/11/2015;The Prosciutto and Arugula Pizza;4
03/11/2015;The Sicilian Pizza;4
03/11/2015;The Soppressata Pizza;2
03/11/2015;The Southwest Chicken Pizza;4
03/11/2015;The Spicy Italian Pizza;9
03/11/2015;The Spinach Pesto Pizza;3
03/11/2015;The Spinach Supreme Pizza;3
03/11/2015;The Spinach and Feta Pizza;6
03/11/2015;The Thai Chicken Pizza;6
03/11/2015;The Vegetables + Vegetables Pizza;3
04/11/2015;The Barbecue Chicken Pizza;3
04/11/2015;The Big Meat Pizza;3
04/11/2015;The Brie Carre Pizza;0
04/11/2015;The Calabrese Pizza;2
04/11/2015;The California Chicken Pizza;5
04/11/2015;The Chicken Alfredo Pizza;2
04/11/2015;The Chicken Pesto Pizza;4
04/11/2015;The Classic Deluxe Pizza;5
04/11/2015;The Five Cheese Pizza;3
04/11/2015;The Four Cheese Pizza;5
04/11/2015;The Greek Pizza;3
04/11/2015;The Green Garden Pizza;2
04/11/2015;The Hawaiian Pizza;8
04/11/2015;The Italian Capocollo Pizza;4
04/11/2015;The Italian Supreme Pizza;3
04/11/2015;The Italian Vegetables Pizza;0
04/11/2015;The Mediterranean Pizza;6
04/11/2015;The Mexicana Pizza;6
04/11/2015;The Napolitana Pizza;4
04/11/2015;The Pepper Salami Pizza;6
04/11/2015;The Pepperoni Pizza;7
04/11/2015;The Pepperoni, Mushroom, and Peppers Pizza;2
04/11/2015;The Prosciutto and Arugula Pizza;5
04/11/2015;The Sicilian Pizza;4
04/11/2015;The Soppressata Pizza;4
04/11/2015;The Southwest Chicken Pizza;4
04/11/2015;The Spicy Italian Pizza;4
04/11/2015;The Spinach Pesto Pizza;0
04/11/2015;The Spinach Supreme Pizza;3
04/11/2015;The Spinach and Feta Pizza;8
04/11/2015;The Thai Chicken Pizza;5
04/11/2015;The Vegetables + Vegetables Pizza;1
05/11/2015;The Barbecue Chicken Pizza;4
05/11/2015;The Big Meat Pizza;7
05/11/2015;The Brie Carre Pizza;0
05/11/2015;The Calabrese Pizza;2
05/11/2015;The California Chicken Pizza;13
05/11/2015;The Chicken Alfredo Pizza;1
05/11/2015;The Chicken Pesto Pizza;1
05/11/2015;The Classic Deluxe Pizza;5
05/11/2015;The Five Cheese Pizza;5
05/11/2015;The Four Cheese Pizza;3
05/11/2015;The Greek Pizza;7
05/11/2015;The Green Garden Pizza;5
05/11/2015;The Hawaiian Pizza;4
05/11/2015;The Italian Capocollo Pizza;4
05/11/2015;The Italian Supreme Pizza;6
05/11/2015;The Italian Vegetables Pizza;1
05/11/2015;The Mediterranean Pizza;2
05/11/2015;The Mexicana Pizza;6
05/11/2015;The Napolitana Pizza;4
05/11/2015;The Pepper Salami Pizza;7
05/11/2015;The Pepperoni Pizza;5
05/11/2015;The Pepperoni, Mushroom, and Peppers Pizza;1
05/11/2015;The Prosciutto and Arugula Pizza;2
05/11/2015;The Sicilian Pizza;6
05/11/2015;The Soppressata Pizza;0
05/11/2015;The Southwest Chicken Pizza;4
05/11/2015;The Spicy Italian Pizza;4
05/11/2015;The Spinach Pesto Pizza;3
05/11/2015;The Spinach Supreme Pizza;1
05/11/2015;The Spinach and Feta Pizza;4
05/11/2015;The Thai Chicken Pizza;6
05/11/2015;The Vegetables + Vegetables Pizza;1
06/11/2015;The Barbecue Chicken Pizza;10
06/11/2015;The Big Meat Pizza;11
06/11/2015;The Brie Carre Pizza;3
06/11/2015;The Calabrese Pizza;3
06/11/2015;The California Chicken Pizza;11
06/11/2015;The Chicken Alfredo Pizza;8
06/11/2015;The Chicken Pesto Pizza;3
06/11/2015;The Classic Deluxe Pizza;6
06/11/2015;The Five Cheese Pizza;5
06/11/2015;The Four Cheese Pizza;9
06/11/2015;The Greek Pizza;6
06/11/2015;The Green Garden Pizza;1
06/11/2015;The Hawaiian Pizza;12
06/11/2015;The Italian Capocollo Pizza;6
06/11/2015;The Italian Supreme Pizza;10
06/11/2015;The Italian Vegetables Pizza;2
06/11/2015;The Mediterranean Pizza;2
06/11/2015;The Mexicana Pizza;12
06/11/2015;The Napolitana Pizza;6
06/11/2015;The Pepper Salami Pizza;4
06/11/2015;The Pepperoni Pizza;7
06/11/2015;The Pepperoni, Mushroom, and Peppers Pizza;2
06/11/2015;The Prosciutto and Arugula Pizza;6
06/11/2015;The Sicilian Pizza;7
06/11/2015;The Soppressata Pizza;3
06/11/2015;The Southwest Chicken Pizza;10
06/11/2015;The Spicy Italian Pizza;6
06/11/2015;The Spinach Pesto Pizza;1
06/11/2015;The Spinach Supreme Pizza;3
06/11/2015;The Spinach and Feta Pizza;5
06/11/2015;The Thai Chicken Pizza;8
06/11/2015;The Vegetables + Vegetables Pizza;2
07/11/2015;The Barbecue Chicken Pizza;7
07/11/2015;The Big Meat Pizza;6
07/11/2015;The Brie Carre Pizza;2
07/11/2015;The Calabrese Pizza;2
07/11/2015;The California Chicken Pizza;10
07/11/2015;The Chicken Alfredo Pizza;7
07/11/2015;The Chicken Pesto Pizza;3
07/11/2015;The Classic Deluxe Pizza;7
07/11/2015;The Five Cheese Pizza;3
07/11/2015;The Four Cheese Pizza;4
07/11/2015;The Greek Pizza;7
07/11/2015;The Green Garden Pizza;3
07/11/2015;The Hawaiian Pizza;5
07/11/2015;The Italian Capocollo Pizza;2
07/11/2015;The Italian Supreme Pizza;6
07/11/2015;The Italian Vegetables Pizza;7
07/11/2015;The Mediterranean Pizza;3
07/11/2015;The Mexicana Pizza;2
07/11/2015;The Napolitana Pizza;3
07/11/2015;The Pepper Salami Pizza;5
07/11/2015;The Pepperoni Pizza;12
07/11/2015;The Pepperoni, Mushroom, and Peppers Pizza;2
07/11/2015;The Prosciutto and Arugula Pizza;8
07/11/2015;The Sicilian Pizza;3
07/11/2015;The Soppressata Pizza;6
07/11/2015;The Southwest Chicken Pizza;11
07/11/2015;The Spicy Italian Pizza;6
07/11/2015;The Spinach Pesto Pizza;2
07/11/2015;The Spinach Supreme Pizza;2
07/11/2015;The Spinach and Feta Pizza;2
07/11/2015;The Thai Chicken Pizza;5
07/11/2015;The Vegetables + Vegetables Pizza;3
08/11/2015;The Barbecue Chicken Pizza;5
08/11/2015;The Big Meat Pizza;7
08/11/2015;The Brie Carre Pizza;0
08/11/2015;The Calabrese Pizza;0
08/11/2015;The California Chicken Pizza;10
08/11/2015;The Chicken Alfredo Pizza;2
08/11/2015;The Chicken Pesto Pizza;3
08/11/2015;The Classic Deluxe Pizza;6
08/11/2015;The Five Cheese Pizza;6
08/11/2015;The Four Cheese Pizza;3
08/11/2015;The Greek Pizza;7
08/11/2015;The Green Garden Pizza;2
08/11/2015;The Hawaiian Pizza;4
08/11/2015;The Italian Capocollo Pizza;2
08/11/2015;The Italian Supreme Pizza;7
08/11/2015;The Italian Vegetables Pizza;2
08/11/2015;The Mediterranean Pizza;2
08/11/2015;The Mexicana Pizza;5
08/11/2015;The Napolitana Pizza;4
08/11/2015;The Pepper Salami Pizza;6
08/11/2015;The Pepperoni Pizza;7
08/11/2015;The Pepperoni, Mushroom, and Peppers Pizza;1
08/11/2015;The Prosciutto and Arugula Pizza;3
08/11/2015;The Sicilian Pizza;6
08/11/2015;The Soppressata Pizza;4
08/11/2015;The Southwest Chicken Pizza;1
08/11/2015;The Spicy Italian Pizza;4
08/11/2015;The Spinach Pesto Pizza;4
08/11/2015;The Spinach Supreme Pizza;2
08/11/2015;The Spinach and Feta Pizza;4
08/11/2015;The Thai Chicken Pizza;7
08/11/2015;The Vegetables + Vegetables Pizza;1
09/11/2015;The Barbecue Chicken Pizza;7
09/11/2015;The Big Meat Pizza;9
09/11/2015;The Brie Carre Pizza;1
09/11/2015;The Calabrese Pizza;1
09/11/2015;The California Chicken Pizza;8
09/11/2015;The Chicken Alfredo Pizza;6
09/11/2015;The Chicken Pesto Pizza;3
09/11/2015;The Classic Deluxe Pizza;4
09/11/2015;The Five Cheese Pizza;5
09/11/2015;The Four Cheese Pizza;5
09/11/2015;The Greek Pizza;5
09/11/2015;The Green Garden Pizza;2
09/11/2015;The Hawaiian Pizza;12
09/11/2015;The Italian Capocollo Pizza;6
09/11/2015;The Italian Supreme Pizza;4
09/11/2015;The Italian Vegetables Pizza;1
09/11/2015;The Mediterranean Pizza;2
09/11/2015;The Mexicana Pizza;3
09/11/2015;The Napolitana Pizza;3
09/11/2015;The Pepper Salami Pizza;3
09/11/2015;The Pepperoni Pizza;10
09/11/2015;The Pepperoni, Mushroom, and Peppers Pizza;2
09/11/2015;The Prosciutto and Arugula Pizza;3
09/11/2015;The Sicilian Pizza;8
09/11/2015;The Soppressata Pizza;3
09/11/2015;The Southwest Chicken Pizza;8
09/11/2015;The Spicy Italian Pizza;7
09/11/2015;The Spinach Pesto Pizza;3
09/11/2015;The Spinach Supreme Pizza;1
09/11/2015;The Spinach and Feta Pizza;5
09/11/2015;The Thai Chicken Pizza;7
09/11/2015;The Vegetables + Vegetables Pizza;4
10/11/2015;The Barbecue Chicken Pizza;5
10/11/2015;The Big Meat Pizza;7
10/11/2015;The Brie Carre Pizza;1
10/11/2015;The Calabrese Pizza;4
10/11/2015;The California Chicken Pizza;7
10/11/2015;The Chicken Alfredo Pizza;2
10/11/2015;The Chicken Pesto Pizza;3
10/11/2015;The Classic Deluxe Pizza;10
10/11/2015;The Five Cheese Pizza;1
10/11/2015;The Four Cheese Pizza;1
10/11/2015;The Greek Pizza;0
10/11/2015;The Green Garden Pizza;2
10/11/2015;The Hawaiian Pizza;5
10/11/2015;The Italian Capocollo Pizza;4
10/11/2015;The Italian Supreme Pizza;6
10/11/2015;The Italian Vegetables Pizza;1
10/11/2015;The Mediterranean Pizza;4
10/11/2015;The Mexicana Pizza;4
10/11/2015;The Napolitana Pizza;3
10/11/2015;The Pepper Salami Pizza;3
10/11/2015;The Pepperoni Pizza;6
10/11/2015;The Pepperoni, Mushroom, and Peppers Pizza;3
10/11/2015;The Prosciutto and Arugula Pizza;4
10/11/2015;The Sicilian Pizza;6
10/11/2015;The Soppressata Pizza;0
10/11/2015;The Southwest Chicken Pizza;10
10/11/2015;The Spicy Italian Pizza;7
10/11/2015;The Spinach Pesto Pizza;3
10/11/2015;The Spinach Supreme Pizza;1
10/11/2015;The Spinach and Feta Pizza;4
10/11/2015;The Thai Chicken Pizza;5
10/11/2015;The Vegetables + Vegetables Pizza;4
11/11/2015;The Barbecue Chicken Pizza;8
11/11/2015;The Big Meat Pizza;6
11/11/2015;The Brie Carre Pizza;1
11/11/2015;The Calabrese Pizza;4
11/11/2015;The California Chicken Pizza;4
11/11/2015;The Chicken Alfredo Pizza;1
11/11/2015;The Chicken Pesto Pizza;2
11/11/2015;The Classic Deluxe Pizza;0
11/11/2015;The Five Cheese Pizza;1
11/11/2015;The Four Cheese Pizza;5
11/11/2015;The Greek Pizza;4
11/11/2015;The Green Garden Pizza;4
11/11/2015;The Hawaiian Pizza;8
11/11/2015;The Italian Capocollo Pizza;1
11/11/2015;The Italian Supreme Pizza;12
11/11/2015;The Italian Vegetables Pizza;2
11/11/2015;The Mediterranean Pizza;4
11/11/2015;The Mexicana Pizza;7
11/11/2015;The Napolitana Pizza;4
11/11/2015;The Pepper Salami Pizza;3
11/11/2015;The Pepperoni Pizza;3
11/11/2015;The Pepperoni, Mushroom, and Peppers Pizza;2
11/11/2015;The Prosciutto and Arugula Pizza;5
11/11/2015;The Sicilian Pizza;3
11/11/2015;The Soppressata Pizza;3
11/11/2015;The Southwest Chicken Pizza;3
11/11/2015;The Spicy Italian Pizza;7
11/11/2015;The Spinach Pesto Pizza;0
11/11/2015;The Spinach Supreme Pizza;2
11/11/2015;The Spinach and Feta Pizza;3
11/11/2015;The Thai Chicken Pizza;6
11/11/2015;The Vegetables + Vegetables Pizza;0
12/11/2015;The Barbecue Chicken Pizza;12
12/11/2015;The Big Meat Pizza;3
12/11/2015;The Brie Carre Pizza;3
12/11/2015;The Calabrese Pizza;2
12/11/2015;The California Chicken Pizza;11
12/11/2015;The Chicken Alfredo Pizza;5
12/11/2015;The Chicken Pesto Pizza;4
12/11/2015;The Classic Deluxe Pizza;7
12/11/2015;The Five Cheese Pizza;6
12/11/2015;The Four Cheese Pizza;4
12/11/2015;The Greek Pizza;0
12/11/2015;The Green Garden Pizza;1
12/11/2015;The Hawaiian Pizza;6
12/11/2015;The Italian Capocollo Pizza;4
12/11/2015;The Italian Supreme Pizza;9
12/11/2015;The Italian Vegetables Pizza;2
12/11/2015;The Mediterranean Pizza;5
12/11/2015;The Mexicana Pizza;4
12/11/2015;The Napolitana Pizza;1
12/11/2015;The Pepper Salami Pizza;1
12/11/2015;The Pepperoni Pizza;5
12/11/2015;The Pepperoni, Mushroom, and Peppers Pizza;1
12/11/2015;The Prosciutto and Arugula Pizza;5
12/11/2015;The Sicilian Pizza;7
12/11/2015;The Soppressata Pizza;2
12/11/2015;The Southwest Chicken Pizza;4
12/11/2015;The Spicy Italian Pizza;4
12/11/2015;The Spinach Pesto Pizza;2
12/11/2015;The Spinach Supreme Pizza;8
12/11/2015;The Spinach and Feta Pizza;7
12/11/2015;The Thai Chicken Pizza;8
12/11/2015;The Vegetables + Vegetables Pizza;10
13/11/2015;The Barbecue Chicken Pizza;4
13/11/2015;The Big Meat Pizza;5
13/11/2015;The Brie Carre Pizza;1
13/11/2015;The Calabrese Pizza;3
13/11/2015;The California Chicken Pizza;8
13/11/2015;The Chicken Alfredo Pizza;6
13/11/2015;The Chicken Pesto Pizza;0
13/11/2015;The Classic Deluxe Pizza;10
13/11/2015;The Five Cheese Pizza;3
13/11/2015;The Four Cheese Pizza;4
13/11/2015;The Greek Pizza;2
13/11/2015;The Green Garden Pizza;2
13/11/2015;The Hawaiian Pizza;12
13/11/2015;The Italian Capocollo Pizza;5
13/11/2015;The Italian Supreme Pizza;11
13/11/2015;The Italian Vegetables Pizza;3
13/11/2015;The Mediterranean Pizza;4
13/11/2015;The Mexicana Pizza;3
13/11/2015;The Napolitana Pizza;2
13/11/2015;The Pepper Salami Pizza;8
13/11/2015;The Pepperoni Pizza;8
13/11/2015;The Pepperoni, Mushroom, and Peppers Pizza;5
13/11/2015;The Prosciutto and Arugula Pizza;3
13/11/2015;The Sicilian Pizza;3
13/11/2015;The Soppressata Pizza;4
13/11/2015;The Southwest Chicken Pizza;6
13/11/2015;The Spicy Italian Pizza;1
13/11/2015;The Spinach Pesto Pizza;5
13/11/2015;The Spinach Supreme Pizza;3
13/11/2015;The Spinach and Feta Pizza;3
13/11/2015;The Thai Chicken Pizza;3
13/11/2015;The Vegetables + Vegetables Pizza;1
14/11/2015;The Barbecue Chicken Pizza;7
14/11/2015;The Big Meat Pizza;5
14/11/2015;The Brie Carre Pizza;1
14/11/2015;The Calabrese Pizza;4
14/11/2015;The California Chicken Pizza;9
14/11/2015;The Chicken Alfredo Pizza;2
14/11/2015;The Chicken Pesto Pizza;3
14/11/2015;The Classic Deluxe Pizza;10
14/11/2015;The Five Cheese Pizza;0
14/11/2015;The Four Cheese Pizza;11
14/11/2015;The Greek Pizza;6
14/11/2015;The Green Garden Pizza;2
14/11/2015;The Hawaiian Pizza;5
14/11/2015;The Italian Capocollo Pizza;4
14/11/2015;The Italian Supreme Pizza;4
14/11/2015;The Italian Vegetables Pizza;3
14/11/2015;The Mediterranean Pizza;4
14/11/2015;The Mexicana Pizza;1
14/11/2015;The Napolitana Pizza;4
14/11/2015;The Pepper Salami Pizza;5
14/11/2015;The Pepperoni Pizza;8
14/11/2015;The Pepperoni, Mushroom, and Peppers Pizza;1
14/11/2015;The Prosciutto and Arugula Pizza;3
14/11/2015;The Sicilian Pizza;3
14/11/2015;The Soppressata Pizza;3
14/11/2015;The Southwest Chicken Pizza;8
14/11/2015;The Spicy Italian Pizza;4
14/11/2015;The Spinach Pesto Pizza;3
14/11/2015;The Spinach Supreme Pizza;5
14/11/2015;The Spinach and Feta Pizza;1
14/11/2015;The Thai Chicken Pizza;9
14/11/2015;The Vegetables + Vegetables Pizza;4
15/11/2015;The Barbecue Chicken Pizza;7
15/11/2015;The Big Meat Pizza;5
15/11/2015;The Brie Carre Pizza;4
15/11/2015;The Calabrese Pizza;4
15/11/2015;The California Chicken Pizza;5
15/11/2015;The Chicken Alfredo Pizza;3
15/11/2015;The Chicken Pesto Pizza;4
15/11/2015;The Classic Deluxe Pizza;4
15/11/2015;The Five Cheese Pizza;3
15/11/2015;The Four Cheese Pizza;6
15/11/2015;The Greek Pizza;3
15/11/2015;The Green Garden Pizza;0
15/11/2015;The Hawaiian Pizza;11
15/11/2015;The Italian Capocollo Pizza;3
15/11/2015;The Italian Supreme Pizza;3
15/11/2015;The Italian Vegetables Pizza;0
15/11/2015;The Mediterranean Pizza;1
15/11/2015;The Mexicana Pizza;2
15/11/2015;The Napolitana Pizza;4
15/11/2015;The Pepper Salami Pizza;2
15/11/2015;The Pepperoni Pizza;10
15/11/2015;The Pepperoni, Mushroom, and Peppers Pizza;2
15/11/2015;The Prosciutto and Arugula Pizza;5
15/11/2015;The Sicilian Pizza;3
15/11/2015;The Soppressata Pizza;0
15/11/2015;The Southwest Chicken Pizza;5
15/11/2015;The Spicy Italian Pizza;2
15/11/2015;The Spinach Pesto Pizza;3
15/11/2015;The Spinach Supreme Pizza;1
15/11/2015;The Spinach and Feta Pizza;2
15/11/2015;The Thai Chicken Pizza;1
15/11/2015;The Vegetables + Vegetables Pizza;5
16/11/2015;The Barbecue Chicken Pizza;8
16/11/2015;The Big Meat Pizza;3
16/11/2015;The Brie Carre Pizza;0
16/11/2015;The Calabrese Pizza;6
16/11/2015;The California Chicken Pizza;6
16/11/2015;The Chicken Alfredo Pizza;5
16/11/2015;The Chicken Pesto Pizza;4
16/11/2015;The Classic Deluxe Pizza;7
16/11/2015;The Five Cheese Pizza;6
16/11/2015;The Four Cheese Pizza;3
16/11/2015;The Greek Pizza;3
16/11/2015;The Green Garden Pizza;1
16/11/2015;The Hawaiian Pizza;9
16/11/2015;The Italian Capocollo Pizza;2
16/11/2015;The Italian Supreme Pizza;6
16/11/2015;The Italian Vegetables Pizza;1
16/11/2015;The Mediterranean Pizza;3
16/11/2015;The Mexicana Pizza;7
16/11/2015;The Napolitana Pizza;2
16/11/2015;The Pepper Salami Pizza;7
16/11/2015;The Pepperoni Pizza;4
16/11/2015;The Pepperoni, Mushroom, and Peppers Pizza;0
16/11/2015;The Prosciutto and Arugula Pizza;4
16/11/2015;The Sicilian Pizza;4
16/11/2015;The Soppressata Pizza;4
16/11/2015;The Southwest Chicken Pizza;3
16/11/2015;The Spicy Italian Pizza;7
16/11/2015;The Spinach Pesto Pizza;2
16/11/2015;The Spinach Supreme Pizza;2
16/11/2015;The Spinach and Feta Pizza;2
16/11/2015;The Thai Chicken Pizza;11
16/11/2015;The Vegetables + Vegetables Pizza;4
17/11/2015;The Barbecue Chicken Pizza;10
17/11/2015;The Big Meat Pizza;7
17/11/2015;The Brie Carre Pizza;1
17/11/2015;The Calabrese Pizza;2
17/11/2015;The California Chicken Pizza;6
17/11/2015;The Chicken Alfredo Pizza;1
17/11/2015;The Chicken Pesto Pizza;4
17/11/2015;The Classic Deluxe Pizza;6
17/11/2015;The Five Cheese Pizza;3
17/11/2015;The Four Cheese Pizza;2
17/11/2015;The Greek Pizza;3
17/11/2015;The Green Garden Pizza;1
17/11/2015;The Hawaiian Pizza;6
17/11/2015;The Italian Capocollo Pizza;1
17/11/2015;The Italian Supreme Pizza;6
17/11/2015;The Italian Vegetables Pizza;0
17/11/2015;The Mediterranean Pizza;2
17/11/2015;The Mexicana Pizza;7
17/11/2015;The Napolitana Pizza;4
17/11/2015;The Pepper Salami Pizza;3
17/11/2015;The Pepperoni Pizza;4
17/11/2015;The Pepperoni, Mushroom, and Peppers Pizza;3
17/11/2015;The Prosciutto and Arugula Pizza;6
17/11/2015;The Sicilian Pizza;4
17/11/2015;The Soppressata Pizza;2
17/11/2015;The Southwest Chicken Pizza;2
17/11/2015;The Spicy Italian Pizza;5
17/11/2015;The Spinach Pesto Pizza;1
17/11/2015;The Spinach Supreme Pizza;4
17/11/2015;The Spinach and Feta Pizza;3
17/11/2015;The Thai Chicken Pizza;5
17/11/2015;The Vegetables + Vegetables Pizza;3
18/11/2015;The Barbecue Chicken Pizza;7
18/11/2015;The Big Meat Pizza;5
18/11/2015;The Brie Carre Pizza;1
18/11/2015;The Calabrese Pizza;3
18/11/2015;The California Chicken Pizza;6
18/11/2015;The Chicken Alfredo Pizza;3
18/11/2015;The Chicken Pesto Pizza;2
18/11/2015;The Classic Deluxe Pizza;7
18/11/2015;The Five Cheese Pizza;2
18/11/2015;The Four Cheese Pizza;4
18/11/2015;The Greek Pizza;3
18/11/2015;The Green Garden Pizza;2
18/11/2015;The Hawaiian Pizza;11
18/11/2015;The Italian Capocollo Pizza;2
18/11/2015;The Italian Supreme Pizza;7
18/11/2015;The Italian Vegetables Pizza;2
18/11/2015;The Mediterranean Pizza;5
18/11/2015;The Mexicana Pizza;4
18/11/2015;The Napolitana Pizza;3
18/11/2015;The Pepper Salami Pizza;1
18/11/2015;The Pepperoni Pizza;8
18/11/2015;The Pepperoni, Mushroom, and Peppers Pizza;2
18/11/2015;The Prosciutto and Arugula Pizza;1
18/11/2015;The Sicilian Pizza;7
18/11/2015;The Soppressata Pizza;2
18/11/2015;The Southwest Chicken Pizza;7
18/11/2015;The Spicy Italian Pizza;4
18/11/2015;The Spinach Pesto Pizza;0
18/11/2015;The Spinach Supreme Pizza;2
18/11/2015;The Spinach and Feta Pizza;2
18/11/2015;The Thai Chicken Pizza;8
18/11/2015;The Vegetables + Vegetables Pizza;7
19/11/2015;The Barbecue Chicken Pizza;9
19/11/2015;The Big Meat Pizza;6
19/11/2015;The Brie Carre Pizza;4
19/11/2015;The Calabrese Pizza;3
19/11/2015;The California Chicken Pizza;5
19/11/2015;The Chicken Alfredo Pizza;1
19/11/2015;The Chicken Pesto Pizza;5
19/11/2015;The Classic Deluxe Pizza;10
19/11/2015;The Five Cheese Pizza;5
19/11/2015;The Four Cheese Pizza;11
19/11/2015;The Greek Pizza;6
19/11/2015;The Green Garden Pizza;0
19/11/2015;The Hawaiian Pizza;7
19/11/2015;The Italian Capocollo Pizza;3
19/11/2015;The Italian Supreme Pizza;8
19/11/2015;The Italian Vegetables Pizza;3
19/11/2015;The Mediterranean Pizza;4
19/11/2015;The Mexicana Pizza;5
19/11/2015;The Napolitana Pizza;5
19/11/2015;The Pepper Salami Pizza;5
19/11/2015;The Pepperoni Pizza;9
19/11/2015;The Pepperoni, Mushroom, and Peppers Pizza;4
19/11/2015;The Prosciutto and Arugula Pizza;2
19/11/2015;The Sicilian Pizza;1
19/11/2015;The Soppressata Pizza;2
19/11/2015;The Southwest Chicken Pizza;5
19/11/2015;The Spicy Italian Pizza;6
19/11/2015;The Spinach Pesto Pizza;5
19/11/2015;The Spinach Supreme Pizza;1
19/11/2015;The Spinach and Feta Pizza;6
19/11/2015;The Thai Chicken Pizza;8
19/11/2015;The Vegetables + Vegetables Pizza;8
20/11/2015;The Barbecue Chicken Pizza;7
20/11/2015;The Big Meat Pizza;4
20/11/2015;The Brie Carre Pizza;1
20/11/2015;The Calabrese Pizza;4
20/11/2015;The California Chicken Pizza;3
20/11/2015;The Chicken Alfredo Pizza;1
20/11/2015;The Chicken Pesto Pizza;4
20/11/2015;The Classic Deluxe Pizza;6
20/11/2015;The Five Cheese Pizza;4
20/11/2015;The Four Cheese Pizza;1
20/11/2015;The Greek Pizza;5
20/11/2015;The Green Garden Pizza;6
20/11/2015;The Hawaiian Pizza;8
20/11/2015;The Italian Capocollo Pizza;5
20/11/2015;The Italian Supreme Pizza;5
20/11/2015;The Italian Vegetables Pizza;3
20/11/2015;The Mediterranean Pizza;3
20/11/2015;The Mexicana Pizza;8
20/11/2015;The Napolitana Pizza;4
20/11/2015;The Pepper Salami Pizza;3
20/11/2015;The Pepperoni Pizza;4
20/11/2015;The Pepperoni, Mushroom, and Peppers Pizza;3
20/11/2015;The Prosciutto and Arugula Pizza;5
20/11/2015;The Sicilian Pizza;5
20/11/2015;The Soppressata Pizza;2
20/11/2015;The Southwest Chicken Pizza;4
20/11/2015;The Spicy Italian Pizza;11
20/11/2015;The Spinach Pesto Pizza;5
20/11/2015;The Spinach Supreme Pizza;3
20/11/2015;The Spinach and Feta Pizza;6
20/11/2015;The Thai Chicken Pizza;8
20/11/2015;The Vegetables + Vegetables Pizza;7
21/11/2015;The Barbecue Chicken Pizza;4
21/11/2015;The Big Meat Pizza;6
21/11/2015;The Brie Carre Pizza;1
21/11/2015;The Calabrese Pizza;3
21/11/2015;The California Chicken Pizza;3
21/11/2015;The Chicken Alfredo Pizza;5
21/11/2015;The Chicken Pesto Pizza;1
21/11/2015;The Classic Deluxe Pizza;7
21/11/2015;The Five Cheese Pizza;4
21/11/2015;The Four Cheese Pizza;5
21/11/2015;The Greek Pizza;4
21/11/2015;The Green Garden Pizza;2
21/11/2015;The Hawaiian Pizza;9
21/11/2015;The Italian Capocollo Pizza;3
21/11/2015;The Italian Supreme Pizza;5
21/11/2015;The Italian Vegetables Pizza;1
21/11/2015;The Mediterranean Pizza;4
21/11/2015;The Mexicana Pizza;3
21/11/2015;The Napolitana Pizza;5
21/11/2015;The Pepper Salami Pizza;6
21/11/2015;The Pepperoni Pizza;5
21/11/2015;The Pepperoni, Mushroom, and Peppers Pizza;2
21/11/2015;The Prosciutto and Arugula Pizza;2
21/11/2015;The Sicilian Pizza;7
21/11/2015;The Soppressata Pizza;1
21/11/2015;The Southwest Chicken Pizza;8
21/11/2015;The Spicy Italian Pizza;4
21/11/2015;The Spinach Pesto Pizza;5
21/11/2015;The Spinach Supreme Pizza;2
21/11/2015;The Spinach and Feta Pizza;4
21/11/2015;The Thai Chicken Pizza;6
21/11/2015;The Vegetables + Vegetables Pizza;4
22/11/2015;The Barbecue Chicken Pizza;5
22/11/2015;The Big Meat Pizza;3
22/11/2015;The Brie Carre Pizza;0
22/11/2015;The Calabrese Pizza;4
22/11/2015;The California Chicken Pizza;2
22/11/2015;The Chicken Alfredo Pizza;0
22/11/2015;The Chicken Pesto Pizza;3
22/11/2015;The Classic Deluxe Pizza;5
22/11/2015;The Five Cheese Pizza;2
22/11/2015;The Four Cheese Pizza;1
22/11/2015;The Greek Pizza;5
22/11/2015;The Green Garden Pizza;2
22/11/2015;The Hawaiian Pizza;5
22/11/2015;The Italian Capocollo Pizza;2
22/11/2015;The Italian Supreme Pizza;2
22/11/2015;The Italian Vegetables Pizza;0
22/11/2015;The Mediterranean Pizza;0
22/11/2015;The Mexicana Pizza;4
22/11/2015;The Napolitana Pizza;2
22/11/2015;The Pepper Salami Pizza;2
22/11/2015;The Pepperoni Pizza;2
22/11/2015;The Pepperoni, Mushroom, and Peppers Pizza;3
22/11/2015;The Prosciutto and Arugula Pizza;3
22/11/2015;The Sicilian Pizza;7
22/11/2015;The Soppressata Pizza;1
22/11/2015;The Southwest Chicken Pizza;1
22/11/2015;The Spicy Italian Pizza;3
22/11/2015;The Spinach Pesto Pizza;3
22/11/2015;The Spinach Supreme Pizza;2
22/11/2015;The Spinach and Feta Pizza;4
22/11/2015;The Thai Chicken Pizza;4
22/11/2015;The Vegetables + Vegetables Pizza;2
23/11/2015;The Barbecue Chicken Pizza;13
23/11/2015;The Big Meat Pizza;6
23/11/2015;The Brie Carre Pizza;3
23/11/2015;The Calabrese Pizza;3
23/11/2015;The California Chicken Pizza;7
23/11/2015;The Chicken Alfredo Pizza;1
23/11/2015;The Chicken Pesto Pizza;2
23/11/2015;The Classic Deluxe Pizza;6
23/11/2015;The Five Cheese Pizza;5
23/11/2015;The Four Cheese Pizza;3
23/11/2015;The Greek Pizza;3
23/11/2015;The Green Garden Pizza;0
23/11/2015;The Hawaiian Pizza;8
23/11/2015;The Italian Capocollo Pizza;2
23/11/2015;The Italian Supreme Pizza;4
23/11/2015;The Italian Vegetables Pizza;9
23/11/2015;The Mediterranean Pizza;1
23/11/2015;The Mexicana Pizza;3
23/11/2015;The Napolitana Pizza;4
23/11/2015;The Pepper Salami Pizza;5
23/11/2015;The Pepperoni Pizza;4
23/11/2015;The Pepperoni, Mushroom, and Peppers Pizza;4
23/11/2015;The Prosciutto and Arugula Pizza;5
23/11/2015;The Sicilian Pizza;5
23/11/2015;The Soppressata Pizza;1
23/11/2015;The Southwest Chicken Pizza;8
23/11/2015;The Spicy Italian Pizza;9
23/11/2015;The Spinach Pesto Pizza;6
23/11/2015;The Spinach Supreme Pizza;2
23/11/2015;The Spinach and Feta Pizza;8
23/11/2015;The Thai Chicken Pizza;5
23/11/2015;The Vegetables + Vegetables Pizza;3
24/11/2015;The Barbecue Chicken Pizza;3
24/11/2015;The Big Meat Pizza;5
24/11/2015;The Brie Carre Pizza;1
24/11/2015;The Calabrese Pizza;4
24/11/2015;The California Chicken Pizza;6
24/11/2015;The Chicken Alfredo Pizza;1
24/11/2015;The Chicken Pesto Pizza;0
24/11/2015;The Classic Deluxe Pizza;5
24/11/2015;The Five Cheese Pizza;3
24/11/2015;The Four Cheese Pizza;2
24/11/2015;The Greek Pizza;6
24/11/2015;The Green Garden Pizza;2
24/11/2015;The Hawaiian Pizza;4
24/11/2015;The Italian Capocollo Pizza;4
24/11/2015;The Italian Supreme Pizza;5
24/11/2015;The Italian Vegetables Pizza;2
24/11/2015;The Mediterranean Pizza;3
24/11/2015;The Mexicana Pizza;7
24/11/2015;The Napolitana Pizza;5
24/11/2015;The Pepper Salami Pizza;5
24/11/2015;The Pepperoni Pizza;4
24/11/2015;The Pepperoni, Mushroom, and Peppers Pizza;2
24/11/2015;The Prosciutto and Arugula Pizza;4
24/11/2015;The Sicilian Pizza;8
24/11/2015;The Soppressata Pizza;3
24/11/2015;The Southwest Chicken Pizza;7
24/11/2015;The Spicy Italian Pizza;6
24/11/2015;The Spinach Pesto Pizza;4
24/11/2015;The Spinach Supreme Pizza;3
24/11/2015;The Spinach and Feta Pizza;3
24/11/2015;The Thai Chicken Pizza;9
24/11/2015;The Vegetables + Vegetables Pizza;5
25/11/2015;The Barbecue Chicken Pizza;5
25/11/2015;The Big Meat Pizza;9
25/11/2015;The Brie Carre Pizza;1
25/11/2015;The Calabrese Pizza;3
25/11/2015;The California Chicken Pizza;5
25/11/2015;The Chicken Alfredo Pizza;1
25/11/2015;The Chicken Pesto Pizza;2
25/11/2015;The Classic Deluxe Pizza;6
25/11/2015;The Five Cheese Pizza;4
25/11/2015;The Four Cheese Pizza;11
25/11/2015;The Greek Pizza;6
25/11/2015;The Green Garden Pizza;2
25/11/2015;The Hawaiian Pizza;7
25/11/2015;The Italian Capocollo Pizza;3
25/11/2015;The Italian Supreme Pizza;6
25/11/2015;The Italian Vegetables Pizza;3
25/11/2015;The Mediterranean Pizza;4
25/11/2015;The Mexicana Pizza;5
25/11/2015;The Napolitana Pizza;5
25/11/2015;The Pepper Salami Pizza;1
25/11/2015;The Pepperoni Pizza;9
25/11/2015;The Pepperoni, Mushroom, and Peppers Pizza;4
25/11/2015;The Prosciutto and Arugula Pizza;6
25/11/2015;The Sicilian Pizza;8
25/11/2015;The Soppressata Pizza;2
25/11/2015;The Southwest Chicken Pizza;2
25/11/2015;The Spicy Italian Pizza;3
25/11/2015;The Spinach Pesto Pizza;3
25/11/2015;The Spinach Supreme Pizza;1
25/11/2015;The Spinach and Feta Pizza;0
25/11/2015;The Thai Chicken Pizza;12
25/11/2015;The Vegetables + Vegetables Pizza;5
26/11/2015;The Barbecue Chicken Pizza;11
26/11/2015;The Big Meat Pizza;5
26/11/2015;The Brie Carre Pizza;5
26/11/2015;The Calabrese Pizza;4
26/11/2015;The California Chicken Pizza;14
26/11/2015;The Chicken Alfredo Pizza;5
26/11/2015;The Chicken Pesto Pizza;3
26/11/2015;The Classic Deluxe Pizza;16
26/11/2015;The Five Cheese Pizza;3
26/11/2015;The Four Cheese Pizza;13
26/11/2015;The Greek Pizza;10
26/11/2015;The Green Garden Pizza;2
26/11/2015;The Hawaiian Pizza;22
26/11/2015;The Italian Capocollo Pizza;8
26/11/2015;The Italian Supreme Pizza;6
26/11/2015;The Italian Vegetables Pizza;7
26/11/2015;The Mediterranean Pizza;4
26/11/2015;The Mexicana Pizza;10
26/11/2015;The Napolitana Pizza;5
26/11/2015;The Pepper Salami Pizza;12
26/11/2015;The Pepperoni Pizza;10
26/11/2015;The Pepperoni, Mushroom, and Peppers Pizza;5
26/11/2015;The Prosciutto and Arugula Pizza;7
26/11/2015;The Sicilian Pizza;11
26/11/2015;The Soppressata Pizza;5
26/11/2015;The Southwest Chicken Pizza;12
26/11/2015;The Spicy Italian Pizza;12
26/11/2015;The Spinach Pesto Pizza;4
26/11/2015;The Spinach Supreme Pizza;4
26/11/2015;The Spinach and Feta Pizza;7
26/11/2015;The Thai Chicken Pizza;15
26/11/2015;The Vegetables + Vegetables Pizza;9
27/11/2015;The Barbecue Chicken Pizza;13
27/11/2015;The Big Meat Pizza;9
27/11/2015;The Brie Carre Pizza;1
27/11/2015;The Calabrese Pizza;8
27/11/2015;The California Chicken Pizza;13
27/11/2015;The Chicken Alfredo Pizza;4
27/11/2015;The Chicken Pesto Pizza;4
27/11/2015;The Classic Deluxe Pizza;20
27/11/2015;The Five Cheese Pizza;14
27/11/2015;The Four Cheese Pizza;8
27/11/2015;The Greek Pizza;9
27/11/2015;The Green Garden Pizza;6
27/11/2015;The Hawaiian Pizza;8
27/11/2015;The Italian Capocollo Pizza;14
27/11/2015;The Italian Supreme Pizza;4
27/11/2015;The Italian Vegetables Pizza;5
27/11/2015;The Mediterranean Pizza;3
27/11/2015;The Mexicana Pizza;10
27/11/2015;The Napolitana Pizza;8
27/11/2015;The Pepper Salami Pizza;7
27/11/2015;The Pepperoni Pizza;11
27/11/2015;The Pepperoni, Mushroom, and Peppers Pizza;7
27/11/2015;The Prosciutto and Arugula Pizza;7
27/11/2015;The Sicilian Pizza;11
27/11/2015;The Soppressata Pizza;6
27/11/2015;The Southwest Chicken Pizza;8
27/11/2015;The Spicy Italian Pizza;7
27/11/2015;The Spinach Pesto Pizza;10
27/11/2015;The Spinach Supreme Pizza;1
27/11/2015;The Spinach and Feta Pizza;9
27/11/2015;The Thai Chicken Pizza;11
27/11/2015;The Vegetables + Vegetables Pizza;8
28/11/2015;The Barbecue Chicken Pizza;8
28/11/2015;The Big Meat Pizza;6
28/11/2015;The Brie Carre Pizza;1
28/11/2015;The Calabrese Pizza;2
28/11/2015;The California Chicken Pizza;6
28/11/2015;The Chicken Alfredo Pizza;4
28/11/2015;The Chicken Pesto Pizza;2
28/11/2015;The Classic Deluxe Pizza;10
28/11/2015;The Five Cheese Pizza;0
28/11/2015;The Four Cheese Pizza;3
28/11/2015;The Greek Pizza;7
28/11/2015;The Green Garden Pizza;1
28/11/2015;The Hawaiian Pizza;4
28/11/2015;The Italian Capocollo Pizza;2
28/11/2015;The Italian Supreme Pizza;5
28/11/2015;The Italian Vegetables Pizza;2
28/11/2015;The Mediterranean Pizza;3
28/11/2015;The Mexicana Pizza;4
28/11/2015;The Napolitana Pizza;3
28/11/2015;The Pepper Salami Pizza;2
28/11/2015;The Pepperoni Pizza;4
28/11/2015;The Pepperoni, Mushroom, and Peppers Pizza;2
28/11/2015;The Prosciutto and Arugula Pizza;3
28/11/2015;The Sicilian Pizza;7
28/11/2015;The Soppressata Pizza;2
28/11/2015;The Southwest Chicken Pizza;3
28/11/2015;The Spicy Italian Pizza;4
28/11/2015;The Spinach Pesto Pizza;2
28/11/2015;The Spinach Supreme Pizza;5
28/11/2015;The Spinach and Feta Pizza;1
28/11/2015;The Thai Chicken Pizza;6
28/11/2015;The Vegetables + Vegetables Pizza;4
29/11/2015;The Barbecue Chicken Pizza;4
29/11/2015;The Big Meat Pizza;4
29/11/2015;The Brie Carre Pizza;1
29/11/2015;The Calabrese Pizza;0
29/11/2015;The California Chicken Pizza;3
29/11/2015;The Chicken Alfredo Pizza;3
29/11/2015;The Chicken Pesto Pizza;1
29/11/2015;The Classic Deluxe Pizza;3
29/11/2015;The Five Cheese Pizza;3
29/11/2015;The Four Cheese Pizza;8
29/11/2015;The Greek Pizza;1
29/11/2015;The Green Garden Pizza;4
29/11/2015;The Hawaiian Pizza;9
29/11/2015;The Italian Capocollo Pizza;3
29/11/2015;The Italian Supreme Pizza;9
29/11/2015;The Italian Vegetables Pizza;2
29/11/2015;The Mediterranean Pizza;2
29/11/2015;The Mexicana Pizza;4
29/11/2015;The Napolitana Pizza;4
29/11/2015;The Pepper Salami Pizza;4
29/11/2015;The Pepperoni Pizza;3
29/11/2015;The Pepperoni, Mushroom, and Peppers Pizza;6
29/11/2015;The Prosciutto and Arugula Pizza;1
29/11/2015;The Sicilian Pizza;11
29/11/2015;The Soppressata Pizza;2
29/11/2015;The Southwest Chicken Pizza;3
29/11/2015;The Spicy Italian Pizza;2
29/11/2015;The Spinach Pesto Pizza;3
29/11/2015;The Spinach Supreme Pizza;1
29/11/2015;The Spinach and Feta Pizza;3
29/11/2015;The Thai Chicken Pizza;4
29/11/2015;The Vegetables + Vegetables Pizza;4
30/11/2015;The Barbecue Chicken Pizza;13
30/11/2015;The Big Meat Pizza;9
30/11/2015;The Brie Carre Pizza;2
30/11/2015;The Calabrese Pizza;3
30/11/2015;The California Chicken Pizza;7
30/11/2015;The Chicken Alfredo Pizza;3
30/11/2015;The Chicken Pesto Pizza;5
30/11/2015;The Classic Deluxe Pizza;9
30/11/2015;The Five Cheese Pizza;1
30/11/2015;The Four Cheese Pizza;1
30/11/2015;The Greek Pizza;1
30/11/2015;The Green Garden Pizza;1
30/11/2015;The Hawaiian Pizza;4
30/11/2015;The Italian Capocollo Pizza;2
30/11/2015;The Italian Supreme Pizza;3
30/11/2015;The Italian Vegetables Pizza;4
30/11/2015;The Mediterranean Pizza;1
30/11/2015;The Mexicana Pizza;9
30/11/2015;The Napolitana Pizza;4
30/11/2015;The Pepper Salami Pizza;5
30/11/2015;The Pepperoni Pizza;5
30/11/2015;The Pepperoni, Mushroom, and Peppers Pizza;5
30/11/2015;The Prosciutto and Arugula Pizza;2
30/11/2015;The Sicilian Pizza;3
30/11/2015;The Soppressata Pizza;0
30/11/2015;The Southwest Chicken Pizza;8
30/11/2015;The Spicy Italian Pizza;8
30/11/2015;The Spinach Pesto Pizza;4
30/11/2015;The Spinach Supreme Pizza;0
30/11/2015;The Spinach and Feta Pizza;3
30/11/2015;The Thai Chicken Pizza;8
30/11/2015;The Vegetables + Vegetables Pizza;1
01/12/2015;The Barbecue Chicken Pizza;6
01/12/2015;The Big Meat Pizza;4
01/12/2015;The Brie Carre Pizza;0
01/12/2015;The Calabrese Pizza;2
01/12/2015;The California Chicken Pizza;6
01/12/2015;The Chicken Alfredo Pizza;1
01/12/2015;The Chicken Pesto Pizza;5
01/12/2015;The Classic Deluxe Pizza;4
01/12/2015;The Five Cheese Pizza;4
01/12/2015;The Four Cheese Pizza;7
01/12/2015;The Greek Pizza;2
01/12/2015;The Green Garden Pizza;3
01/12/2015;The Hawaiian Pizza;12
01/12/2015;The Italian Capocollo Pizza;3
01/12/2015;The Italian Supreme Pizza;8
01/12/2015;The Italian Vegetables Pizza;3
01/12/2015;The Mediterranean Pizza;2
01/12/2015;The Mexicana Pizza;5
01/12/2015;The Napolitana Pizza;1
01/12/2015;The Pepper Salami Pizza;6
01/12/2015;The Pepperoni Pizza;6
01/12/2015;The Pepperoni, Mushroom, and Peppers Pizza;6
01/12/2015;The Prosciutto and Arugula Pizza;4
01/12/2015;The Sicilian Pizza;4
01/12/2015;The Soppressata Pizza;3
01/12/2015;The Southwest Chicken Pizza;5
01/12/2015;The Spicy Italian Pizza;5
01/12/2015;The Spinach Pesto Pizza;3
01/12/2015;The Spinach Supreme Pizza;1
01/12/2015;The Spinach and Feta Pizza;2
01/12/2015;The Thai Chicken Pizza;5
01/12/2015;The Vegetables + Vegetables Pizza;3
02/12/2015;The Barbecue Chicken Pizza;6
02/12/2015;The Big Meat Pizza;3
02/12/2015;The Brie Carre Pizza;1
02/12/2015;The Calabrese Pizza;1
02/12/2015;The California Chicken Pizza;8
02/12/2015;The Chicken Alfredo Pizza;4
02/12/2015;The Chicken Pesto Pizza;3
02/12/2015;The Classic Deluxe Pizza;7
02/12/2015;The Five Cheese Pizza;5
02/12/2015;The Four Cheese Pizza;7
02/12/2015;The Greek Pizza;5
02/12/2015;The Green Garden Pizza;3
02/12/2015;The Hawaiian Pizza;6
02/12/2015;The Italian Capocollo Pizza;3
02/12/2015;The Italian Supreme Pizza;8
02/12/2015;The Italian Vegetables Pizza;1
02/12/2015;The Mediterranean Pizza;4
02/12/2015;The Mexicana Pizza;4
02/12/2015;The Napolitana Pizza;1
02/12/2015;The Pepper Salami Pizza;2
02/12/2015;The Pepperoni Pizza;4
02/12/2015;The Pepperoni, Mushroom, and Peppers Pizza;2
02/12/2015;The Prosciutto and Arugula Pizza;6
02/12/2015;The Sicilian Pizza;6
02/12/2015;The Soppressata Pizza;3
02/12/2015;The Southwest Chicken Pizza;2
02/12/2015;The Spicy Italian Pizza;6
02/12/2015;The Spinach Pesto Pizza;1
02/12/2015;The Spinach Supreme Pizza;1
02/12/2015;The Spinach and Feta Pizza;5
02/12/2015;The Thai Chicken Pizza;11
02/12/2015;The Vegetables + Vegetables Pizza;3
03/12/2015;The Barbecue Chicken Pizza;5
03/12/2015;The Big Meat Pizza;3
03/12/2015;The Brie Carre Pizza;0
03/12/2015;The Calabrese Pizza;1
03/12/2015;The California Chicken Pizza;8
03/12/2015;The Chicken Alfredo Pizza;2
03/12/2015;The Chicken Pesto Pizza;4
03/12/2015;The Classic Deluxe Pizza;7
03/12/2015;The Five Cheese Pizza;4
03/12/2015;The Four Cheese Pizza;9
03/12/2015;The Greek Pizza;3
03/12/2015;The Green Garden Pizza;0
03/12/2015;The Hawaiian Pizza;4
03/12/2015;The Italian Capocollo Pizza;6
03/12/2015;The Italian Supreme Pizza;4
03/12/2015;The Italian Vegetables Pizza;5
03/12/2015;The Mediterranean Pizza;1
03/12/2015;The Mexicana Pizza;4
03/12/2015;The Napolitana Pizza;4
03/12/2015;The Pepper Salami Pizza;2
03/12/2015;The Pepperoni Pizza;4
03/12/2015;The Pepperoni, Mushroom, and Peppers Pizza;3
03/12/2015;The Prosciutto and Arugula Pizza;6
03/12/2015;The Sicilian Pizza;5
03/12/2015;The Soppressata Pizza;3
03/12/2015;The Southwest Chicken Pizza;5
03/12/2015;The Spicy Italian Pizza;5
03/12/2015;The Spinach Pesto Pizza;4
03/12/2015;The Spinach Supreme Pizza;5
03/12/2015;The Spinach and Feta Pizza;5
03/12/2015;The Thai Chicken Pizza;6
03/12/2015;The Vegetables + Vegetables Pizza;9
04/12/2015;The Barbecue Chicken Pizza;8
04/12/2015;The Big Meat Pizza;7
04/12/2015;The Brie Carre Pizza;1
04/12/2015;The Calabrese Pizza;2
04/12/2015;The California Chicken Pizza;9
04/12/2015;The Chicken Alfredo Pizza;3
04/12/2015;The Chicken Pesto Pizza;6
04/12/2015;The Classic Deluxe Pizza;6
04/12/2015;The Five Cheese Pizza;3
04/12/2015;The Four Cheese Pizza;8
04/12/2015;The Greek Pizza;5
04/12/2015;The Green Garden Pizza;2
04/12/2015;The Hawaiian Pizza;8
04/12/2015;The Italian Capocollo Pizza;3
04/12/2015;The Italian Supreme Pizza;7
04/12/2015;The Italian Vegetables Pizza;4
04/12/2015;The Mediterranean Pizza;2
04/12/2015;The Mexicana Pizza;7
04/12/2015;The Napolitana Pizza;7
04/12/2015;The Pepper Salami Pizza;6
04/12/2015;The Pepperoni Pizza;12
04/12/2015;The Pepperoni, Mushroom, and Peppers Pizza;9
04/12/2015;The Prosciutto and Arugula Pizza;1
04/12/2015;The Sicilian Pizza;5
04/12/2015;The Soppressata Pizza;3
04/12/2015;The Southwest Chicken Pizza;6
04/12/2015;The Spicy Italian Pizza;9
04/12/2015;The Spinach Pesto Pizza;4
04/12/2015;The Spinach Supreme Pizza;3
04/12/2015;The Spinach and Feta Pizza;4
04/12/2015;The Thai Chicken Pizza;7
04/12/2015;The Vegetables + Vegetables Pizza;9
05/12/2015;The Barbecue Chicken Pizza;5
05/12/2015;The Big Meat Pizza;3
05/12/2015;The Brie Carre Pizza;3
05/12/2015;The Calabrese Pizza;0
05/12/2015;The California Chicken Pizza;5
05/12/2015;The Chicken Alfredo Pizza;5
05/12/2015;The Chicken Pesto Pizza;0
05/12/2015;The Classic Deluxe Pizza;8
05/12/2015;The Five Cheese Pizza;3
05/12/2015;The Four Cheese Pizza;7
05/12/2015;The Greek Pizza;2
05/12/2015;The Green Garden Pizza;1
05/12/2015;The Hawaiian Pizza;14
05/12/2015;The Italian Capocollo Pizza;3
05/12/2015;The Italian Supreme Pizza;4
05/12/2015;The Italian Vegetables Pizza;1
05/12/2015;The Mediterranean Pizza;4
05/12/2015;The Mexicana Pizza;10
05/12/2015;The Napolitana Pizza;5
05/12/2015;The Pepper Salami Pizza;2
05/12/2015;The Pepperoni Pizza;10
05/12/2015;The Pepperoni, Mushroom, and Peppers Pizza;2
05/12/2015;The Prosciutto and Arugula Pizza;6
05/12/2015;The Sicilian Pizza;6
05/12/2015;The Soppressata Pizza;2
05/12/2015;The Southwest Chicken Pizza;10
05/12/2015;The Spicy Italian Pizza;7
05/12/2015;The Spinach Pesto Pizza;3
05/12/2015;The Spinach Supreme Pizza;5
05/12/2015;The Spinach and Feta Pizza;7
05/12/2015;The Thai Chicken Pizza;12
05/12/2015;The Vegetables + Vegetables Pizza;5
06/12/2015;The Barbecue Chicken Pizza;4
06/12/2015;The Big Meat Pizza;9
06/12/2015;The Brie Carre Pizza;1
06/12/2015;The Calabrese Pizza;2
06/12/2015;The California Chicken Pizza;11
06/12/2015;The Chicken Alfredo Pizza;4
06/12/2015;The Chicken Pesto Pizza;3
06/12/2015;The Classic Deluxe Pizza;4
06/12/2015;The Five Cheese Pizza;2
06/12/2015;The Four Cheese Pizza;3
06/12/2015;The Greek Pizza;5
06/12/2015;The Green Garden Pizza;3
06/12/2015;The Hawaiian Pizza;8
06/12/2015;The Italian Capocollo Pizza;5
06/12/2015;The Italian Supreme Pizza;6
06/12/2015;The Italian Vegetables Pizza;1
06/12/2015;The Mediterranean Pizza;4
06/12/2015;The Mexicana Pizza;2
06/12/2015;The Napolitana Pizza;3
06/12/2015;The Pepper Salami Pizza;8
06/12/2015;The Pepperoni Pizza;6
06/12/2015;The Pepperoni, Mushroom, and Peppers Pizza;2
06/12/2015;The Prosciutto and Arugula Pizza;3
06/12/2015;The Sicilian Pizza;10
06/12/2015;The Soppressata Pizza;3
06/12/2015;The Southwest Chicken Pizza;4
06/12/2015;The Spicy Italian Pizza;5
06/12/2015;The Spinach Pesto Pizza;3
06/12/2015;The Spinach Supreme Pizza;3
06/12/2015;The Spinach and Feta Pizza;7
06/12/2015;The Thai Chicken Pizza;6
06/12/2015;The Vegetables + Vegetables Pizza;4
07/12/2015;The Barbecue Chicken Pizza;5
07/12/2015;The Big Meat Pizza;8
07/12/2015;The Brie Carre Pizza;1
07/12/2015;The Calabrese Pizza;4
07/12/2015;The California Chicken Pizza;8
07/12/2015;The Chicken Alfredo Pizza;2
07/12/2015;The Chicken Pesto Pizza;2
07/12/2015;The Classic Deluxe Pizza;10
07/12/2015;The Five Cheese Pizza;5
07/12/2015;The Four Cheese Pizza;9
07/12/2015;The Greek Pizza;5
07/12/2015;The Green Garden Pizza;0
07/12/2015;The Hawaiian Pizza;6
07/12/2015;The Italian Capocollo Pizza;4
07/12/2015;The Italian Supreme Pizza;4
07/12/2015;The Italian Vegetables Pizza;4
07/12/2015;The Mediterranean Pizza;2
07/12/2015;The Mexicana Pizza;7
07/12/2015;The Napolitana Pizza;5
07/12/2015;The Pepper Salami Pizza;1
07/12/2015;The Pepperoni Pizza;6
07/12/2015;The Pepperoni, Mushroom, and Peppers Pizza;4
07/12/2015;The Prosciutto and Arugula Pizza;5
07/12/2015;The Sicilian Pizza;8
07/12/2015;The Soppressata Pizza;0
07/12/2015;The Southwest Chicken Pizza;5
07/12/2015;The Spicy Italian Pizza;10
07/12/2015;The Spinach Pesto Pizza;2
07/12/2015;The Spinach Supreme Pizza;4
07/12/2015;The Spinach and Feta Pizza;5
07/12/2015;The Thai Chicken Pizza;4
07/12/2015;The Vegetables + Vegetables Pizza;5
08/12/2015;The Barbecue Chicken Pizza;3
08/12/2015;The Big Meat Pizza;2
08/12/2015;The Brie Carre Pizza;1
08/12/2015;The Calabrese Pizza;4
08/12/2015;The California Chicken Pizza;4
08/12/2015;The Chicken Alfredo Pizza;4
08/12/2015;The Chicken Pesto Pizza;0
08/12/2015;The Classic Deluxe Pizza;6
08/12/2015;The Five Cheese Pizza;3
08/12/2015;The Four Cheese Pizza;6
08/12/2015;The Greek Pizza;2
08/12/2015;The Green Garden Pizza;1
08/12/2015;The Hawaiian Pizza;5
08/12/2015;The Italian Capocollo Pizza;1
08/12/2015;The Italian Supreme Pizza;6
08/12/2015;The Italian Vegetables Pizza;2
08/12/2015;The Mediterranean Pizza;1
08/12/2015;The Mexicana Pizza;5
08/12/2015;The Napolitana Pizza;4
08/12/2015;The Pepper Salami Pizza;6
08/12/2015;The Pepperoni Pizza;6
08/12/2015;The Pepperoni, Mushroom, and Peppers Pizza;3
08/12/2015;The Prosciutto and Arugula Pizza;3
08/12/2015;The Sicilian Pizza;4
08/12/2015;The Soppressata Pizza;3
08/12/2015;The Southwest Chicken Pizza;5
08/12/2015;The Spicy Italian Pizza;5
08/12/2015;The Spinach Pesto Pizza;0
08/12/2015;The Spinach Supreme Pizza;2
08/12/2015;The Spinach and Feta Pizza;5
08/12/2015;The Thai Chicken Pizza;6
08/12/2015;The Vegetables + Vegetables Pizza;2
09/12/2015;The Barbecue Chicken Pizza;6
09/12/2015;The Big Meat Pizza;6
09/12/2015;The Brie Carre Pizza;2
09/12/2015;The Calabrese Pizza;1
09/12/2015;The California Chicken Pizza;9
09/12/2015;The Chicken Alfredo Pizza;3
09/12/2015;The Chicken Pesto Pizza;1
09/12/2015;The Classic Deluxe Pizza;5
09/12/2015;The Five Cheese Pizza;2
09/12/2015;The Four Cheese Pizza;6
09/12/2015;The Greek Pizza;4
09/12/2015;The Green Garden Pizza;6
09/12/2015;The Hawaiian Pizza;12
09/12/2015;The Italian Capocollo Pizza;5
09/12/2015;The Italian Supreme Pizza;4
09/12/2015;The Italian Vegetables Pizza;3
09/12/2015;The Mediterranean Pizza;0
09/12/2015;The Mexicana Pizza;6
09/12/2015;The Napolitana Pizza;5
09/12/2015;The Pepper Salami Pizza;8
09/12/2015;The Pepperoni Pizza;11
09/12/2015;The Pepperoni, Mushroom, and Peppers Pizza;5
09/12/2015;The Prosciutto and Arugula Pizza;5
09/12/2015;The Sicilian Pizza;5
09/12/2015;The Soppressata Pizza;4
09/12/2015;The Southwest Chicken Pizza;10
09/12/2015;The Spicy Italian Pizza;8
09/12/2015;The Spinach Pesto Pizza;1
09/12/2015;The Spinach Supreme Pizza;4
09/12/2015;The Spinach and Feta Pizza;2
09/12/2015;The Thai Chicken Pizza;5
09/12/2015;The Vegetables + Vegetables Pizza;6
10/12/2015;The Barbecue Chicken Pizza;5
10/12/2015;The Big Meat Pizza;3
10/12/2015;The Brie Carre Pizza;0
10/12/2015;The Calabrese Pizza;5
10/12/2015;The California Chicken Pizza;7
10/12/2015;The Chicken Alfredo Pizza;1
10/12/2015;The Chicken Pesto Pizza;4
10/12/2015;The Classic Deluxe Pizza;9
10/12/2015;The Five Cheese Pizza;3
10/12/2015;The Four Cheese Pizza;3
10/12/2015;The Greek Pizza;3
10/12/2015;The Green Garden Pizza;1
10/12/2015;The Hawaiian Pizza;3
10/12/2015;The Italian Capocollo Pizza;2
10/12/2015;The Italian Supreme Pizza;3
10/12/2015;The Italian Vegetables Pizza;3
10/12/2015;The Mediterranean Pizza;2
10/12/2015;The Mexicana Pizza;1
10/12/2015;The Napolitana Pizza;6
10/12/2015;The Pepper Salami Pizza;6
10/12/2015;The Pepperoni Pizza;1
10/12/2015;The Pepperoni, Mushroom, and Peppers Pizza;4
10/12/2015;The Prosciutto and Arugula Pizza;3
10/12/2015;The Sicilian Pizza;3
10/12/2015;The Soppressata Pizza;4
10/12/2015;The Southwest Chicken Pizza;6
10/12/2015;The Spicy Italian Pizza;6
10/12/2015;The Spinach Pesto Pizza;2
10/12/2015;The Spinach Supreme Pizza;0
10/12/2015;The Spinach and Feta Pizza;2
10/12/2015;The Thai Chicken Pizza;8
10/12/2015;The Vegetables + Vegetables Pizza;9
11/12/2015;The Barbecue Chicken Pizza;16
11/12/2015;The Big Meat Pizza;7
11/12/2015;The Brie Carre Pizza;2
11/12/2015;The Calabrese Pizza;2
11/12/2015;The California Chicken Pizza;8
11/12/2015;The Chicken Alfredo Pizza;1
11/12/2015;The Chicken Pesto Pizza;5
11/12/2015;The Classic Deluxe Pizza;6
11/12/2015;The Five Cheese Pizza;3
11/12/2015;The Four Cheese Pizza;6
11/12/2015;The Greek Pizza;5
11/12/2015;The Green Garden Pizza;5
11/12/2015;The Hawaiian Pizza;16
11/12/2015;The Italian Capocollo Pizza;0
11/12/2015;The Italian Supreme Pizza;6
11/12/2015;The Italian Vegetables Pizza;3
11/12/2015;The Mediterranean Pizza;2
11/12/2015;The Mexicana Pizza;4
11/12/2015;The Napolitana Pizza;2
11/12/2015;The Pepper Salami Pizza;7
11/12/2015;The Pepperoni Pizza;7
11/12/2015;The Pepperoni, Mushroom, and Peppers Pizza;2
11/12/2015;The Prosciutto and Arugula Pizza;2
11/12/2015;The Sicilian Pizza;11
11/12/2015;The Soppressata Pizza;3
11/12/2015;The Southwest Chicken Pizza;8
11/12/2015;The Spicy Italian Pizza;5
11/12/2015;The Spinach Pesto Pizza;1
11/12/2015;The Spinach Supreme Pizza;2
11/12/2015;The Spinach and Feta Pizza;4
11/12/2015;The Thai Chicken Pizza;9
11/12/2015;The Vegetables + Vegetables Pizza;4
12/12/2015;The Barbecue Chicken Pizza;7
12/12/2015;The Big Meat Pizza;4
12/12/2015;The Brie Carre Pizza;0
12/12/2015;The Calabrese Pizza;0
12/12/2015;The California Chicken Pizza;4
12/12/2015;The Chicken Alfredo Pizza;1
12/12/2015;The Chicken Pesto Pizza;2
12/12/2015;The Classic Deluxe Pizza;6
12/12/2015;The Five Cheese Pizza;4
12/12/2015;The Four Cheese Pizza;3
12/12/2015;The Greek Pizza;2
12/12/2015;The Green Garden Pizza;1
12/12/2015;The Hawaiian Pizza;7
12/12/2015;The Italian Capocollo Pizza;5
12/12/2015;The Italian Supreme Pizza;5
12/12/2015;The Italian Vegetables Pizza;4
12/12/2015;The Mediterranean Pizza;1
12/12/2015;The Mexicana Pizza;2
12/12/2015;The Napolitana Pizza;5
12/12/2015;The Pepper Salami Pizza;4
12/12/2015;The Pepperoni Pizza;8
12/12/2015;The Pepperoni, Mushroom, and Peppers Pizza;5
12/12/2015;The Prosciutto and Arugula Pizza;3
12/12/2015;The Sicilian Pizza;7
12/12/2015;The Soppressata Pizza;2
12/12/2015;The Southwest Chicken Pizza;1
12/12/2015;The Spicy Italian Pizza;5
12/12/2015;The Spinach Pesto Pizza;6
12/12/2015;The Spinach Supreme Pizza;7
12/12/2015;The Spinach and Feta Pizza;4
12/12/2015;The Thai Chicken Pizza;7
12/12/2015;The Vegetables + Vegetables Pizza;5
13/12/2015;The Barbecue Chicken Pizza;5
13/12/2015;The Big Meat Pizza;3
13/12/2015;The Brie Carre Pizza;3
13/12/2015;The Calabrese Pizza;5
13/12/2015;The California Chicken Pizza;15
13/12/2015;The Chicken Alfredo Pizza;4
13/12/2015;The Chicken Pesto Pizza;2
13/12/2015;The Classic Deluxe Pizza;5
13/12/2015;The Five Cheese Pizza;0
13/12/2015;The Four Cheese Pizza;2
13/12/2015;The Greek Pizza;3
13/12/2015;The Green Garden Pizza;2
13/12/2015;The Hawaiian Pizza;5
13/12/2015;The Italian Capocollo Pizza;5
13/12/2015;The Italian Supreme Pizza;5
13/12/2015;The Italian Vegetables Pizza;4
13/12/2015;The Mediterranean Pizza;3
13/12/2015;The Mexicana Pizza;3
13/12/2015;The Napolitana Pizza;2
13/12/2015;The Pepper Salami Pizza;4
13/12/2015;The Pepperoni Pizza;4
13/12/2015;The Pepperoni, Mushroom, and Peppers Pizza;1
13/12/2015;The Prosciutto and Arugula Pizza;4
13/12/2015;The Sicilian Pizza;4
13/12/2015;The Soppressata Pizza;3
13/12/2015;The Southwest Chicken Pizza;6
13/12/2015;The Spicy Italian Pizza;2
13/12/2015;The Spinach Pesto Pizza;1
13/12/2015;The Spinach Supreme Pizza;3
13/12/2015;The Spinach and Feta Pizza;7
13/12/2015;The Thai Chicken Pizza;10
13/12/2015;The Vegetables + Vegetables Pizza;5
14/12/2015;The Barbecue Chicken Pizza;6
14/12/2015;The Big Meat Pizza;2
14/12/2015;The Brie Carre Pizza;1
14/12/2015;The Calabrese Pizza;2
14/12/2015;The California Chicken Pizza;5
14/12/2015;The Chicken Alfredo Pizza;3
14/12/2015;The Chicken Pesto Pizza;4
14/12/2015;The Classic Deluxe Pizza;3
14/12/2015;The Five Cheese Pizza;3
14/12/2015;The Four Cheese Pizza;6
14/12/2015;The Greek Pizza;7
14/12/2015;The Green Garden Pizza;2
14/12/2015;The Hawaiian Pizza;3
14/12/2015;The Italian Capocollo Pizza;4
14/12/2015;The Italian Supreme Pizza;3
14/12/2015;The Italian Vegetables Pizza;5
14/12/2015;The Mediterranean Pizza;8
14/12/2015;The Mexicana Pizza;4
14/12/2015;The Napolitana Pizza;4
14/12/2015;The Pepper Salami Pizza;2
14/12/2015;The Pepperoni Pizza;7
14/12/2015;The Pepperoni, Mushroom, and Peppers Pizza;2
14/12/2015;The Prosciutto and Arugula Pizza;3
14/12/2015;The Sicilian Pizza;8
14/12/2015;The Soppressata Pizza;3
14/12/2015;The Southwest Chicken Pizza;2
14/12/2015;The Spicy Italian Pizza;4
14/12/2015;The Spinach Pesto Pizza;2
14/12/2015;The Spinach Supreme Pizza;4
14/12/2015;The Spinach and Feta Pizza;4
14/12/2015;The Thai Chicken Pizza;9
14/12/2015;The Vegetables + Vegetables Pizza;6
15/12/2015;The Barbecue Chicken Pizza;6
15/12/2015;The Big Meat Pizza;4
15/12/2015;The Brie Carre Pizza;4
15/12/2015;The Calabrese Pizza;0
15/12/2015;The California Chicken Pizza;7
15/12/2015;The Chicken Alfredo Pizza;1
15/12/2015;The Chicken Pesto Pizza;3
15/12/2015;The Classic Deluxe Pizza;7
15/12/2015;The Five Cheese Pizza;2
15/12/2015;The Four Cheese Pizza;4
15/12/2015;The Greek Pizza;8
15/12/2015;The Green Garden Pizza;3
15/12/2015;The Hawaiian Pizza;9
15/12/2015;The Italian Capocollo Pizza;7
15/12/2015;The Italian Supreme Pizza;5
15/12/2015;The Italian Vegetables Pizza;1
15/12/2015;The Mediterranean Pizza;7
15/12/2015;The Mexicana Pizza;4
15/12/2015;The Napolitana Pizza;6
15/12/2015;The Pepper Salami Pizza;5
15/12/2015;The Pepperoni Pizza;6
15/12/2015;The Pepperoni, Mushroom, and Peppers Pizza;8
15/12/2015;The Prosciutto and Arugula Pizza;4
15/12/2015;The Sicilian Pizza;4
15/12/2015;The Soppressata Pizza;3
15/12/2015;The Southwest Chicken Pizza;9
15/12/2015;The Spicy Italian Pizza;5
15/12/2015;The Spinach Pesto Pizza;1
15/12/2015;The Spinach Supreme Pizza;2
15/12/2015;The Spinach and Feta Pizza;5
15/12/2015;The Thai Chicken Pizza;2
15/12/2015;The Vegetables + Vegetables Pizza;4
16/12/2015;The Barbecue Chicken Pizza;5
16/12/2015;The Big Meat Pizza;5
16/12/2015;The Brie Carre Pizza;1
16/12/2015;The Calabrese Pizza;3
16/12/2015;The California Chicken Pizza;9
16/12/2015;The Chicken Alfredo Pizza;3
16/12/2015;The Chicken Pesto Pizza;1
16/12/2015;The Classic Deluxe Pizza;9
16/12/2015;The Five Cheese Pizza;3
16/12/2015;The Four Cheese Pizza;3
16/12/2015;The Greek Pizza;7
16/12/2015;The Green Garden Pizza;4
16/12/2015;The Hawaiian Pizza;7
16/12/2015;The Italian Capocollo Pizza;3
16/12/2015;The Italian Supreme Pizza;5
16/12/2015;The Italian Vegetables Pizza;4
16/12/2015;The Mediterranean Pizza;4
16/12/2015;The Mexicana Pizza;4
16/12/2015;The Napolitana Pizza;1
16/12/2015;The Pepper Salami Pizza;3
16/12/2015;The Pepperoni Pizza;6
16/12/2015;The Pepperoni, Mushroom, and Peppers Pizza;2
16/12/2015;The Prosciutto and Arugula Pizza;2
16/12/2015;The Sicilian Pizza;9
16/12/2015;The Soppressata Pizza;1
16/12/2015;The Southwest Chicken Pizza;3
16/12/2015;The Spicy Italian Pizza;9
16/12/2015;The Spinach Pesto Pizza;2
16/12/2015;The Spinach Supreme Pizza;3
16/12/2015;The Spinach and Feta Pizza;4
16/12/2015;The Thai Chicken Pizza;2
16/12/2015;The Vegetables + Vegetables Pizza;6
17/12/2015;The Barbecue Chicken Pizza;7
17/12/2015;The Big Meat Pizza;2
17/12/2015;The Brie Carre Pizza;2
17/12/2015;The Calabrese Pizza;2
17/12/2015;The California Chicken Pizza;6
17/12/2015;The Chicken Alfredo Pizza;3
17/12/2015;The Chicken Pesto Pizza;4
17/12/2015;The Classic Deluxe Pizza;5
17/12/2015;The Five Cheese Pizza;3
17/12/2015;The Four Cheese Pizza;4
17/12/2015;The Greek Pizza;2
17/12/2015;The Green Garden Pizza;1
17/12/2015;The Hawaiian Pizza;4
17/12/2015;The Italian Capocollo Pizza;4
17/12/2015;The Italian Supreme Pizza;6
17/12/2015;The Italian Vegetables Pizza;2
17/12/2015;The Mediterranean Pizza;3
17/12/2015;The Mexicana Pizza;2
17/12/2015;The Napolitana Pizza;3
17/12/2015;The Pepper Salami Pizza;4
17/12/2015;The Pepperoni Pizza;9
17/12/2015;The Pepperoni, Mushroom, and Peppers Pizza;2
17/12/2015;The Prosciutto and Arugula Pizza;5
17/12/2015;The Sicilian Pizza;3
17/12/2015;The Soppressata Pizza;3
17/12/2015;The Southwest Chicken Pizza;2
17/12/2015;The Spicy Italian Pizza;1
17/12/2015;The Spinach Pesto Pizza;4
17/12/2015;The Spinach Supreme Pizza;1
17/12/2015;The Spinach and Feta Pizza;2
17/12/2015;The Thai Chicken Pizza;7
17/12/2015;The Vegetables + Vegetables Pizza;5
18/12/2015;The Barbecue Chicken Pizza;3
18/12/2015;The Big Meat Pizza;11
18/12/2015;The Brie Carre Pizza;1
18/12/2015;The Calabrese Pizza;3
18/12/2015;The California Chicken Pizza;9
18/12/2015;The Chicken Alfredo Pizza;4
18/12/2015;The Chicken Pesto Pizza;5
18/12/2015;The Classic Deluxe Pizza;9
18/12/2015;The Five Cheese Pizza;4
18/12/2015;The Four Cheese Pizza;6
18/12/2015;The Greek Pizza;3
18/12/2015;The Green Garden Pizza;2
18/12/2015;The Hawaiian Pizza;5
18/12/2015;The Italian Capocollo Pizza;8
18/12/2015;The Italian Supreme Pizza;6
18/12/2015;The Italian Vegetables Pizza;6
18/12/2015;The Mediterranean Pizza;1
18/12/2015;The Mexicana Pizza;6
18/12/2015;The Napolitana Pizza;4
18/12/2015;The Pepper Salami Pizza;8
18/12/2015;The Pepperoni Pizza;10
18/12/2015;The Pepperoni, Mushroom, and Peppers Pizza;6
18/12/2015;The Prosciutto and Arugula Pizza;6
18/12/2015;The Sicilian Pizza;7
18/12/2015;The Soppressata Pizza;4
18/12/2015;The Southwest Chicken Pizza;6
18/12/2015;The Spicy Italian Pizza;8
18/12/2015;The Spinach Pesto Pizza;4
18/12/2015;The Spinach Supreme Pizza;5
18/12/2015;The Spinach and Feta Pizza;2
18/12/2015;The Thai Chicken Pizza;10
18/12/2015;The Vegetables + Vegetables Pizza;4
19/12/2015;The Barbecue Chicken Pizza;4
19/12/2015;The Big Meat Pizza;6
19/12/2015;The Brie Carre Pizza;2
19/12/2015;The Calabrese Pizza;3
19/12/2015;The California Chicken Pizza;9
19/12/2015;The Chicken Alfredo Pizza;2
19/12/2015;The Chicken Pesto Pizza;2
19/12/2015;The Classic Deluxe Pizza;6
19/12/2015;The Five Cheese Pizza;4
19/12/2015;The Four Cheese Pizza;9
19/12/2015;The Greek Pizza;3
19/12/2015;The Green Garden Pizza;1
19/12/2015;The Hawaiian Pizza;9
19/12/2015;The Italian Capocollo Pizza;1
19/12/2015;The Italian Supreme Pizza;8
19/12/2015;The Italian Vegetables Pizza;3
19/12/2015;The Mediterranean Pizza;5
19/12/2015;The Mexicana Pizza;3
19/12/2015;The Napolitana Pizza;1
19/12/2015;The Pepper Salami Pizza;2
19/12/2015;The Pepperoni Pizza;8
19/12/2015;The Pepperoni, Mushroom, and Peppers Pizza;1
19/12/2015;The Prosciutto and Arugula Pizza;4
19/12/2015;The Sicilian Pizza;8
19/12/2015;The Soppressata Pizza;2
19/12/2015;The Southwest Chicken Pizza;3
19/12/2015;The Spicy Italian Pizza;6
19/12/2015;The Spinach Pesto Pizza;4
19/12/2015;The Spinach Supreme Pizza;1
19/12/2015;The Spinach and Feta Pizza;4
19/12/2015;The Thai Chicken Pizza;11
19/12/2015;The Vegetables + Vegetables Pizza;4
20/12/2015;The Barbecue Chicken Pizza;12
20/12/2015;The Big Meat Pizza;6
20/12/2015;The Brie Carre Pizza;0
20/12/2015;The Calabrese Pizza;1
20/12/2015;The California Chicken Pizza;7
20/12/2015;The Chicken Alfredo Pizza;3
20/12/2015;The Chicken Pesto Pizza;5
20/12/2015;The Classic Deluxe Pizza;7
20/12/2015;The Five Cheese Pizza;1
20/12/2015;The Four Cheese Pizza;2
20/12/2015;The Greek Pizza;4
20/12/2015;The Green Garden Pizza;0
20/12/2015;The Hawaiian Pizza;6
20/12/2015;The Italian Capocollo Pizza;8
20/12/2015;The Italian Supreme Pizza;6
20/12/2015;The Italian Vegetables Pizza;6
20/12/2015;The Mediterranean Pizza;2
20/12/2015;The Mexicana Pizza;1
20/12/2015;The Napolitana Pizza;6
20/12/2015;The Pepper Salami Pizza;4
20/12/2015;The Pepperoni Pizza;4
20/12/2015;The Pepperoni, Mushroom, and Peppers Pizza;3
20/12/2015;The Prosciutto and Arugula Pizza;5
20/12/2015;The Sicilian Pizza;2
20/12/2015;The Soppressata Pizza;0
20/12/2015;The Southwest Chicken Pizza;2
20/12/2015;The Spicy Italian Pizza;2
20/12/2015;The Spinach Pesto Pizza;1
20/12/2015;The Spinach Supreme Pizza;3
20/12/2015;The Spinach and Feta Pizza;6
20/12/2015;The Thai Chicken Pizza;5
20/12/2015;The Vegetables + Vegetables Pizza;4
21/12/2015;The Barbecue Chicken Pizza;7
21/12/2015;The Big Meat Pizza;7
21/12/2015;The Brie Carre Pizza;1
21/12/2015;The Calabrese Pizza;5
21/12/2015;The California Chicken Pizza;6
21/12/2015;The Chicken Alfredo Pizza;4
21/12/2015;The Chicken Pesto Pizza;1
21/12/2015;The Classic Deluxe Pizza;8
21/12/2015;The Five Cheese Pizza;1
21/12/2015;The Four Cheese Pizza;5
21/12/2015;The Greek Pizza;4
21/12/2015;The Green Garden Pizza;2
21/12/2015;The Hawaiian Pizza;8
21/12/2015;The Italian Capocollo Pizza;6
21/12/2015;The Italian Supreme Pizza;4
21/12/2015;The Italian Vegetables Pizza;3
21/12/2015;The Mediterranean Pizza;4
21/12/2015;The Mexicana Pizza;3
21/12/2015;The Napolitana Pizza;3
21/12/2015;The Pepper Salami Pizza;4
21/12/2015;The Pepperoni Pizza;6
21/12/2015;The Pepperoni, Mushroom, and Peppers Pizza;4
21/12/2015;The Prosciutto and Arugula Pizza;3
21/12/2015;The Sicilian Pizza;5
21/12/2015;The Soppressata Pizza;2
21/12/2015;The Southwest Chicken Pizza;6
21/12/2015;The Spicy Italian Pizza;2
21/12/2015;The Spinach Pesto Pizza;2
21/12/2015;The Spinach Supreme Pizza;1
21/12/2015;The Spinach and Feta Pizza;3
21/12/2015;The Thai Chicken Pizza;8
21/12/2015;The Vegetables + Vegetables Pizza;2
22/12/2015;The Barbecue Chicken Pizza;4
22/12/2015;The Big Meat Pizza;9
22/12/2015;The Brie Carre Pizza;0
22/12/2015;The Calabrese Pizza;3
22/12/2015;The California Chicken Pizza;6
22/12/2015;The Chicken Alfredo Pizza;4
22/12/2015;The Chicken Pesto Pizza;3
22/12/2015;The Classic Deluxe Pizza;5
22/12/2015;The Five Cheese Pizza;3
22/12/2015;The Four Cheese Pizza;8
22/12/2015;The Greek Pizza;2
22/12/2015;The Green Garden Pizza;5
22/12/2015;The Hawaiian Pizza;5
22/12/2015;The Italian Capocollo Pizza;2
22/12/2015;The Italian Supreme Pizza;2
22/12/2015;The Italian Vegetables Pizza;3
22/12/2015;The Mediterranean Pizza;3
22/12/2015;The Mexicana Pizza;3
22/12/2015;The Napolitana Pizza;1
22/12/2015;The Pepper Salami Pizza;4
22/12/2015;The Pepperoni Pizza;3
22/12/2015;The Pepperoni, Mushroom, and Peppers Pizza;1
22/12/2015;The Prosciutto and Arugula Pizza;3
22/12/2015;The Sicilian Pizza;3
22/12/2015;The Soppressata Pizza;2
22/12/2015;The Southwest Chicken Pizza;4
22/12/2015;The Spicy Italian Pizza;7
22/12/2015;The Spinach Pesto Pizza;3
22/12/2015;The Spinach Supreme Pizza;1
22/12/2015;The Spinach and Feta Pizza;3
22/12/2015;The Thai Chicken Pizza;7
22/12/2015;The Vegetables + Vegetables Pizza;2
23/12/2015;The Barbecue Chicken Pizza;6
23/12/2015;The Big Meat Pizza;7
23/12/2015;The Brie Carre Pizza;2
23/12/2015;The Calabrese Pizza;1
23/12/2015;The California Chicken Pizza;4
23/12/2015;The Chicken Alfredo Pizza;2
23/12/2015;The Chicken Pesto Pizza;2
23/12/2015;The Classic Deluxe Pizza;7
23/12/2015;The Five Cheese Pizza;4
23/12/2015;The Four Cheese Pizza;0
23/12/2015;The Greek Pizza;6
23/12/2015;The Green Garden Pizza;2
23/12/2015;The Hawaiian Pizza;8
23/12/2015;The Italian Capocollo Pizza;6
23/12/2015;The Italian Supreme Pizza;4
23/12/2015;The Italian Vegetables Pizza;3
23/12/2015;The Mediterranean Pizza;4
23/12/2015;The Mexicana Pizza;5
23/12/2015;The Napolitana Pizza;2
23/12/2015;The Pepper Salami Pizza;3
23/12/2015;The Pepperoni Pizza;7
23/12/2015;The Pepperoni, Mushroom, and Peppers Pizza;5
23/12/2015;The Prosciutto and Arugula Pizza;4
23/12/2015;The Sicilian Pizza;9
23/12/2015;The Soppressata Pizza;2
23/12/2015;The Southwest Chicken Pizza;5
23/12/2015;The Spicy Italian Pizza;5
23/12/2015;The Spinach Pesto Pizza;2
23/12/2015;The Spinach Supreme Pizza;0
23/12/2015;The Spinach and Feta Pizza;4
23/12/2015;The Thai Chicken Pizza;8
23/12/2015;The Vegetables + Vegetables Pizza;5
24/12/2015;The Barbecue Chicken Pizza;4
24/12/2015;The Big Meat Pizza;8
24/12/2015;The Brie Carre Pizza;0
24/12/2015;The Calabrese Pizza;3
24/12/2015;The California Chicken Pizza;6
24/12/2015;The Chicken Alfredo Pizza;2
24/12/2015;The Chicken Pesto Pizza;3
24/12/2015;The Classic Deluxe Pizza;10
24/12/2015;The Five Cheese Pizza;5
24/12/2015;The Four Cheese Pizza;5
24/12/2015;The Greek Pizza;3
24/12/2015;The Green Garden Pizza;3
24/12/2015;The Hawaiian Pizza;7
24/12/2015;The Italian Capocollo Pizza;3
24/12/2015;The Italian Supreme Pizza;2
24/12/2015;The Italian Vegetables Pizza;2
24/12/2015;The Mediterranean Pizza;8
24/12/2015;The Mexicana Pizza;3
24/12/2015;The Napolitana Pizza;1
24/12/2015;The Pepper Salami Pizza;3
24/12/2015;The Pepperoni Pizza;5
24/12/2015;The Pepperoni, Mushroom, and Peppers Pizza;4
24/12/2015;The Prosciutto and Arugula Pizza;4
24/12/2015;The Sicilian Pizza;6
24/12/2015;The Soppressata Pizza;0
24/12/2015;The Southwest Chicken Pizza;6
24/12/2015;The Spicy Italian Pizza;4
24/12/2015;The Spinach Pesto Pizza;2
24/12/2015;The Spinach Supreme Pizza;3
24/12/2015;The Spinach and Feta Pizza;6
24/12/2015;The Thai Chicken Pizza;7
24/12/2015;The Vegetables + Vegetables Pizza;3
25/12/2015;The Barbecue Chicken Pizza;0
25/12/2015;The Big Meat Pizza;0
25/12/2015;The Brie Carre Pizza;0
25/12/2015;The Calabrese Pizza;0
25/12/2015;The California Chicken Pizza;0
25/12/2015;The Chicken Alfredo Pizza;0
25/12/2015;The Chicken Pesto Pizza;0
25/12/2015;The Classic Deluxe Pizza;0
25/12/2015;The Five Cheese Pizza;0
25/12/2015;The Four Cheese Pizza;0
25/12/2015;The Greek Pizza;0
25/12/2015;The Green Garden Pizza;0
25/12/2015;The Hawaiian Pizza;0
25/12/2015;The Italian Capocollo Pizza;0
25/12/2015;The Italian Supreme Pizza;0
25/12/2015;The Italian Vegetables Pizza;0
25/12/2015;The Mediterranean Pizza;0
25/12/2015;The Mexicana Pizza;0
25/12/2015;The Napolitana Pizza;0
25/12/2015;The Pepper Salami Pizza;0
25/12/2015;The Pepperoni Pizza;0
25/12/2015;The Pepperoni, Mushroom, and Peppers Pizza;0
25/12/2015;The Prosciutto and Arugula Pizza;0
25/12/2015;The Sicilian Pizza;0
25/12/2015;The Soppressata Pizza;0
25/12/2015;The Southwest Chicken Pizza;0
25/12/2015;The Spicy Italian Pizza;0
25/12/2015;The Spinach Pesto Pizza;0
25/12/2015;The Spinach Supreme Pizza;0
25/12/2015;The Spinach and Feta Pizza;0
25/12/2015;The Thai Chicken Pizza;0
25/12/2015;The Vegetables + Vegetables Pizza;0
26/12/2015;The Barbecue Chicken Pizza;5
26/12/2015;The Big Meat Pizza;5
26/12/2015;The Brie Carre Pizza;1
26/12/2015;The Calabrese Pizza;3
26/12/2015;The California Chicken Pizza;3
26/12/2015;The Chicken Alfredo Pizza;1
26/12/2015;The Chicken Pesto Pizza;1
26/12/2015;The Classic Deluxe Pizza;4
26/12/2015;The Five Cheese Pizza;2
26/12/2015;The Four Cheese Pizza;7
26/12/2015;The Greek Pizza;4
26/12/2015;The Green Garden Pizza;3
26/12/2015;The Hawaiian Pizza;7
26/12/2015;The Italian Capocollo Pizza;3
26/12/2015;The Italian Supreme Pizza;4
26/12/2015;The Italian Vegetables Pizza;1
26/12/2015;The Mediterranean Pizza;1
26/12/2015;The Mexicana Pizza;3
26/12/2015;The Napolitana Pizza;2
26/12/2015;The Pepper Salami Pizza;2
26/12/2015;The Pepperoni Pizza;3
26/12/2015;The Pepperoni, Mushroom, and Peppers Pizza;2
26/12/2015;The Prosciutto and Arugula Pizza;3
26/12/2015;The Sicilian Pizza;2
26/12/2015;The Soppressata Pizza;0
26/12/2015;The Southwest Chicken Pizza;2
26/12/2015;The Spicy Italian Pizza;2
26/12/2015;The Spinach Pesto Pizza;1
26/12/2015;The Spinach Supreme Pizza;2
26/12/2015;The Spinach and Feta Pizza;3
26/12/2015;The Thai Chicken Pizza;10
26/12/2015;The Vegetables + Vegetables Pizza;3
27/12/2015;The Barbecue Chicken Pizza;4
27/12/2015;The Big Meat Pizza;5
27/12/2015;The Brie Carre Pizza;1
27/12/2015;The Calabrese Pizza;1
27/12/2015;The California Chicken Pizza;3
27/12/2015;The Chicken Alfredo Pizza;0
27/12/2015;The Chicken Pesto Pizza;3
27/12/2015;The Classic Deluxe Pizza;8
27/12/2015;The Five Cheese Pizza;2
27/12/2015;The Four Cheese Pizza;4
27/12/2015;The Greek Pizza;3
27/12/2015;The Green Garden Pizza;1
27/12/2015;The Hawaiian Pizza;5
27/12/2015;The Italian Capocollo Pizza;3
27/12/2015;The Italian Supreme Pizza;2
27/12/2015;The Italian Vegetables Pizza;0
27/12/2015;The Mediterranean Pizza;0
27/12/2015;The Mexicana Pizza;3
27/12/2015;The Napolitana Pizza;3
27/12/2015;The Pepper Salami Pizza;3
27/12/2015;The Pepperoni Pizza;2
27/12/2015;The Pepperoni, Mushroom, and Peppers Pizza;2
27/12/2015;The Prosciutto and Arugula Pizza;1
27/12/2015;The Sicilian Pizza;4
27/12/2015;The Soppressata Pizza;1
27/12/2015;The Southwest Chicken Pizza;2
27/12/2015;The Spicy Italian Pizza;4
27/12/2015;The Spinach Pesto Pizza;3
27/12/2015;The Spinach Supreme Pizza;1
27/12/2015;The Spinach and Feta Pizza;1
27/12/2015;The Thai Chicken Pizza;5
27/12/2015;The Vegetables + Vegetables Pizza;9
28/12/2015;The Barbecue Chicken Pizza;2
28/12/2015;The Big Meat Pizza;3
28/12/2015;The Brie Carre Pizza;1
28/12/2015;The Calabrese Pizza;1
28/12/2015;The California Chicken Pizza;5
28/12/2015;The Chicken Alfredo Pizza;2
28/12/2015;The Chicken Pesto Pizza;3
28/12/2015;The Classic Deluxe Pizza;9
28/12/2015;The Five Cheese Pizza;2
28/12/2015;The Four Cheese Pizza;4
28/12/2015;The Greek Pizza;2
28/12/2015;The Green Garden Pizza;3
28/12/2015;The Hawaiian Pizza;7
28/12/2015;The Italian Capocollo Pizza;4
28/12/2015;The Italian Supreme Pizza;3
28/12/2015;The Italian Vegetables Pizza;2
28/12/2015;The Mediterranean Pizza;0
28/12/2015;The Mexicana Pizza;2
28/12/2015;The Napolitana Pizza;4
28/12/2015;The Pepper Salami Pizza;2
28/12/2015;The Pepperoni Pizza;4
28/12/2015;The Pepperoni, Mushroom, and Peppers Pizza;2
28/12/2015;The Prosciutto and Arugula Pizza;5
28/12/2015;The Sicilian Pizza;4
28/12/2015;The Soppressata Pizza;5
28/12/2015;The Southwest Chicken Pizza;3
28/12/2015;The Spicy Italian Pizza;2
28/12/2015;The Spinach Pesto Pizza;2
28/12/2015;The Spinach Supreme Pizza;2
28/12/2015;The Spinach and Feta Pizza;3
28/12/2015;The Thai Chicken Pizza;6
28/12/2015;The Vegetables + Vegetables Pizza;3
29/12/2015;The Barbecue Chicken Pizza;4
29/12/2015;The Big Meat Pizza;6
29/12/2015;The Brie Carre Pizza;1
29/12/2015;The Calabrese Pizza;2
29/12/2015;The California Chicken Pizza;6
29/12/2015;The Chicken Alfredo Pizza;1
29/12/2015;The Chicken Pesto Pizza;1
29/12/2015;The Classic Deluxe Pizza;3
29/12/2015;The Five Cheese Pizza;3
29/12/2015;The Four Cheese Pizza;3
29/12/2015;The Greek Pizza;2
29/12/2015;The Green Garden Pizza;1
29/12/2015;The Hawaiian Pizza;4
29/12/2015;The Italian Capocollo Pizza;3
29/12/2015;The Italian Supreme Pizza;3
29/12/2015;The Italian Vegetables Pizza;0
29/12/2015;The Mediterranean Pizza;1
29/12/2015;The Mexicana Pizza;0
29/12/2015;The Napolitana Pizza;4
29/12/2015;The Pepper Salami Pizza;2
29/12/2015;The Pepperoni Pizza;5
29/12/2015;The Pepperoni, Mushroom, and Peppers Pizza;2
29/12/2015;The Prosciutto and Arugula Pizza;3
29/12/2015;The Sicilian Pizza;2
29/12/2015;The Soppressata Pizza;3
29/12/2015;The Southwest Chicken Pizza;1
29/12/2015;The Spicy Italian Pizza;3
29/12/2015;The Spinach Pesto Pizza;4
29/12/2015;The Spinach Supreme Pizza;0
29/12/2015;The Spinach and Feta Pizza;1
29/12/2015;The Thai Chicken Pizza;5
29/12/2015;The Vegetables + Vegetables Pizza;1
30/12/2015;The Barbecue Chicken Pizza;6
30/12/2015;The Big Meat Pizza;3
30/12/2015;The Brie Carre Pizza;0
30/12/2015;The Calabrese Pizza;0
30/12/2015;The California Chicken Pizza;7
30/12/2015;The Chicken Alfredo Pizza;1
30/12/2015;The Chicken Pesto Pizza;0
30/12/2015;The Classic Deluxe Pizza;4
30/12/2015;The Five Cheese Pizza;1
30/12/2015;The Four Cheese Pizza;5
30/12/2015;The Greek Pizza;2
30/12/2015;The Green Garden Pizza;2
30/12/2015;The Hawaiian Pizza;5
30/12/2015;The Italian Capocollo Pizza;3
30/12/2015;The Italian Supreme Pizza;4
30/12/2015;The Italian Vegetables Pizza;4
30/12/2015;The Mediterranean Pizza;1
30/12/2015;The Mexicana Pizza;2
30/12/2015;The Napolitana Pizza;1
30/12/2015;The Pepper Salami Pizza;1
30/12/2015;The Pepperoni Pizza;3
30/12/2015;The Pepperoni, Mushroom, and Peppers Pizza;2
30/12/2015;The Prosciutto and Arugula Pizza;2
30/12/2015;The Sicilian Pizza;0
30/12/2015;The Soppressata Pizza;1
30/12/2015;The Southwest Chicken Pizza;7
30/12/2015;The Spicy Italian Pizza;2
30/12/2015;The Spinach Pesto Pizza;2
30/12/2015;The Spinach Supreme Pizza;2
30/12/2015;The Spinach and Feta Pizza;1
30/12/2015;The Thai Chicken Pizza;3
30/12/2015;The Vegetables + Vegetables Pizza;5
31/12/2015;The Barbecue Chicken Pizza;10
31/12/2015;The Big Meat Pizza;6
31/12/2015;The Brie Carre Pizza;2
31/12/2015;The Calabrese Pizza;3
31/12/2015;The California Chicken Pizza;7
31/12/2015;The Chicken Alfredo Pizza;4
31/12/2015;The Chicken Pesto Pizza;4
31/12/2015;The Classic Deluxe Pizza;10
31/12/2015;The Five Cheese Pizza;5
31/12/2015;The Four Cheese Pizza;9
31/12/2015;The Greek Pizza;2
31/12/2015;The Green Garden Pizza;2
31/12/2015;The Hawaiian Pizza;4
31/12/2015;The Italian Capocollo Pizza;9
31/12/2015;The Italian Supreme Pizza;6
31/12/2015;The Italian Vegetables Pizza;2
31/12/2015;The Mediterranean Pizza;5
31/12/2015;The Mexicana Pizza;7
31/12/2015;The Napolitana Pizza;7
31/12/2015;The Pepper Salami Pizza;7
31/12/2015;The Pepperoni Pizza;10
31/12/2015;The Pepperoni, Mushroom, and Peppers Pizza;5
31/12/2015;The Prosciutto and Arugula Pizza;5
31/12/2015;The Sicilian Pizza;5
31/12/2015;The Soppressata Pizza;3
31/12/2015;The Southwest Chicken Pizza;5
31/12/2015;The Spicy Italian Pizza;9
31/12/2015;The Spinach Pesto Pizza;5
31/12/2015;The Spinach Supreme Pizza;2
31/12/2015;The Spinach and Feta Pizza;5
31/12/2015;The Thai Chicken Pizza;3
31/12/2015;The Vegetables + Vegetables Pizza;10
